order_id,store_id,supplier_id,sku,week_number,is_peak_season,order_date,delivered_date,cycle_time_days,is_overdue
1001,2,3,SKU-07,1,0,2025-09-22,2025-10-02,8,0
1002,1,3,SKU-12,1,0,2025-09-22,2025-10-06,10,0
1003,5,2,SKU-05,1,0,2025-09-22,2025-10-03,9,0
1004,2,2,SKU-01,1,0,2025-09-22,2025-10-08,12,1
1005,4,1,SKU-05,1,0,2025-09-22,2025-10-03,9,0
1006,2,2,SKU-12,1,0,2025-09-22,2025-10-03,9,0
1007,2,2,SKU-04,1,0,2025-09-22,2025-10-02,8,0
1008,2,2,SKU-06,1,0,2025-09-22,2025-10-06,10,0
1009,4,2,SKU-05,1,0,2025-09-22,2025-10-01,7,0
1010,2,1,SKU-12,1,0,2025-09-22,2025-10-03,9,0
1011,5,3,SKU-03,1,0,2025-09-22,2025-10-02,8,0
1012,6,1,SKU-06,1,0,2025-09-22,2025-10-01,7,0
1013,5,1,SKU-05,1,0,2025-09-22,2025-10-06,10,0
1014,4,3,SKU-14,1,0,2025-09-22,2025-10-06,10,0
1015,5,3,SKU-13,1,0,2025-09-22,2025-10-03,9,0
1016,1,2,SKU-01,1,0,2025-09-22,2025-10-02,8,0
1017,1,2,SKU-07,1,0,2025-09-22,2025-10-01,7,0
1018,3,2,SKU-06,1,0,2025-09-22,2025-10-02,8,0
1019,4,2,SKU-08,1,0,2025-09-22,2025-10-02,8,0
1020,6,1,SKU-10,1,0,2025-09-22,2025-10-06,10,0
1021,1,2,SKU-08,1,0,2025-09-22,2025-10-02,8,0
1022,1,2,SKU-09,1,0,2025-09-22,2025-10-03,9,0
1023,5,3,SKU-11,1,0,2025-09-22,2025-10-03,9,0
1024,4,2,SKU-09,1,0,2025-09-22,2025-10-01,7,0
1025,5,2,SKU-05,1,0,2025-09-22,2025-10-03,9,0
1026,6,1,SKU-04,1,0,2025-09-22,2025-10-01,7,0
1027,3,2,SKU-15,1,0,2025-09-22,2025-10-03,9,0
1028,4,3,SKU-15,1,0,2025-09-22,2025-10-02,8,0
1029,4,1,SKU-07,1,0,2025-09-22,2025-10-03,9,0
1030,6,3,SKU-03,1,0,2025-09-22,2025-10-02,8,0
1031,5,1,SKU-14,1,0,2025-09-22,2025-10-01,7,0
1032,3,3,SKU-01,1,0,2025-09-22,2025-09-30,6,0
1033,3,1,SKU-12,1,0,2025-09-22,2025-10-06,10,0
1034,4,2,SKU-03,1,0,2025-09-22,2025-10-03,9,0
1035,5,3,SKU-13,1,0,2025-09-22,2025-10-03,9,0
1036,6,3,SKU-12,1,0,2025-09-22,2025-10-02,8,0
1037,6,1,SKU-14,1,0,2025-09-22,2025-10-02,8,0
1038,2,1,SKU-05,1,0,2025-09-22,2025-10-02,8,0
1039,3,3,SKU-06,1,0,2025-09-22,2025-10-02,8,0
1040,2,2,SKU-04,1,0,2025-09-22,2025-10-01,7,0
1041,4,1,SKU-13,1,0,2025-09-22,2025-10-03,9,0
1042,4,2,SKU-14,1,0,2025-09-22,2025-10-03,9,0
1043,1,1,SKU-09,1,0,2025-09-22,2025-09-30,6,0
1044,5,2,SKU-07,1,0,2025-09-22,2025-10-02,8,0
1045,2,1,SKU-09,1,0,2025-09-22,2025-10-06,10,0
1046,6,3,SKU-03,1,0,2025-09-22,2025-10-02,8,0
1047,6,1,SKU-15,1,0,2025-09-22,2025-10-03,9,0
1048,3,3,SKU-01,1,0,2025-09-22,2025-10-06,10,0
1049,5,1,SKU-11,1,0,2025-09-22,2025-10-02,8,0
1050,6,3,SKU-15,1,0,2025-09-22,2025-10-07,11,1
1051,4,3,SKU-01,1,0,2025-09-22,2025-10-06,10,0
1052,4,2,SKU-14,1,0,2025-09-22,2025-10-07,11,1
1053,4,1,SKU-09,1,0,2025-09-22,2025-10-03,9,0
1054,6,3,SKU-09,1,0,2025-09-22,2025-10-03,9,0
1055,1,1,SKU-07,1,0,2025-09-22,2025-10-03,9,0
1056,3,2,SKU-14,1,0,2025-09-22,2025-10-01,7,0
1057,1,2,SKU-02,1,0,2025-09-22,2025-10-03,9,0
1058,6,1,SKU-07,1,0,2025-09-22,2025-10-02,8,0
1059,4,1,SKU-07,1,0,2025-09-22,2025-10-01,7,0
1060,3,3,SKU-06,1,0,2025-09-22,2025-10-03,9,0
1061,1,3,SKU-15,1,0,2025-09-22,2025-10-02,8,0
1062,2,3,SKU-13,1,0,2025-09-22,2025-10-03,9,0
1063,4,1,SKU-12,1,0,2025-09-22,2025-10-06,10,0
1064,2,2,SKU-08,1,0,2025-09-22,2025-10-03,9,0
1065,5,1,SKU-10,1,0,2025-09-23,2025-10-06,9,0
1066,1,2,SKU-14,1,0,2025-09-23,2025-10-01,6,0
1067,5,1,SKU-15,1,0,2025-09-23,2025-10-01,6,0
1068,2,3,SKU-01,1,0,2025-09-23,2025-10-02,7,0
1069,6,3,SKU-15,1,0,2025-09-23,2025-10-02,7,0
1070,4,3,SKU-12,1,0,2025-09-23,2025-10-07,10,0
1071,2,3,SKU-10,1,0,2025-09-23,2025-10-07,10,0
1072,1,3,SKU-06,1,0,2025-09-23,2025-10-06,9,0
1073,5,1,SKU-04,1,0,2025-09-23,2025-10-03,8,0
1074,6,3,SKU-02,1,0,2025-09-23,2025-10-07,10,0
1075,4,1,SKU-10,1,0,2025-09-23,2025-10-06,9,0
1076,2,1,SKU-10,1,0,2025-09-23,2025-10-03,8,0
1077,5,3,SKU-09,1,0,2025-09-23,2025-10-08,11,1
1078,1,2,SKU-09,1,0,2025-09-23,2025-10-02,7,0
1079,2,3,SKU-01,1,0,2025-09-23,2025-10-06,9,0
1080,5,1,SKU-13,1,0,2025-09-23,2025-10-06,9,0
1081,5,2,SKU-06,1,0,2025-09-23,2025-10-08,11,1
1082,4,1,SKU-08,1,0,2025-09-23,2025-10-03,8,0
1083,2,3,SKU-09,1,0,2025-09-23,2025-10-03,8,0
1084,6,1,SKU-05,1,0,2025-09-23,2025-10-03,8,0
1085,5,1,SKU-12,1,0,2025-09-23,2025-10-06,9,0
1086,5,1,SKU-02,1,0,2025-09-23,2025-10-03,8,0
1087,5,3,SKU-11,1,0,2025-09-23,2025-10-07,10,0
1088,1,1,SKU-14,1,0,2025-09-23,2025-10-07,10,0
1089,1,1,SKU-04,1,0,2025-09-23,2025-10-06,9,0
1090,4,2,SKU-13,1,0,2025-09-23,2025-10-06,9,0
1091,3,1,SKU-05,1,0,2025-09-23,2025-10-03,8,0
1092,6,3,SKU-11,1,0,2025-09-23,2025-10-03,8,0
1093,5,1,SKU-05,1,0,2025-09-23,2025-10-06,9,0
1094,5,1,SKU-06,1,0,2025-09-23,2025-10-07,10,0
1095,5,3,SKU-09,1,0,2025-09-23,2025-10-03,8,0
1096,1,3,SKU-09,1,0,2025-09-23,2025-10-02,7,0
1097,5,2,SKU-09,1,0,2025-09-23,2025-10-06,9,0
1098,1,1,SKU-05,1,0,2025-09-23,2025-10-03,8,0
1099,1,2,SKU-09,1,0,2025-09-23,2025-10-07,10,0
1100,2,3,SKU-08,1,0,2025-09-23,2025-10-06,9,0
1101,3,3,SKU-10,1,0,2025-09-23,2025-10-06,9,0
1102,5,2,SKU-06,1,0,2025-09-23,2025-10-07,10,0
1103,4,2,SKU-10,1,0,2025-09-23,2025-10-08,11,1
1104,4,1,SKU-05,1,0,2025-09-23,2025-10-02,7,0
1105,5,1,SKU-03,1,0,2025-09-23,2025-10-03,8,0
1106,2,3,SKU-03,1,0,2025-09-23,2025-10-07,10,0
1107,6,2,SKU-15,1,0,2025-09-23,2025-10-03,8,0
1108,6,1,SKU-06,1,0,2025-09-23,2025-10-06,9,0
1109,4,1,SKU-05,1,0,2025-09-23,2025-10-06,9,0
1110,1,1,SKU-08,1,0,2025-09-23,2025-10-01,6,0
1111,4,2,SKU-12,1,0,2025-09-23,2025-10-06,9,0
1112,2,3,SKU-04,1,0,2025-09-23,2025-10-07,10,0
1113,6,3,SKU-08,1,0,2025-09-23,2025-10-07,10,0
1114,1,1,SKU-07,1,0,2025-09-24,2025-10-07,9,0
1115,1,3,SKU-06,1,0,2025-09-24,2025-10-07,9,0
1116,1,1,SKU-08,1,0,2025-09-24,2025-10-06,8,0
1117,5,1,SKU-15,1,0,2025-09-24,2025-10-06,8,0
1118,3,3,SKU-11,1,0,2025-09-24,2025-10-07,9,0
1119,4,1,SKU-05,1,0,2025-09-24,2025-10-07,9,0
1120,4,2,SKU-13,1,0,2025-09-24,2025-10-06,8,0
1121,5,2,SKU-07,1,0,2025-09-24,2025-10-08,10,0
1122,2,2,SKU-15,1,0,2025-09-24,2025-10-07,9,0
1123,6,1,SKU-03,1,0,2025-09-24,2025-10-08,10,0
1124,4,3,SKU-01,1,0,2025-09-24,2025-10-06,8,0
1125,2,2,SKU-13,1,0,2025-09-24,2025-10-09,11,1
1126,4,1,SKU-01,1,0,2025-09-24,2025-10-06,8,0
1127,4,1,SKU-12,1,0,2025-09-24,2025-10-07,9,0
1128,2,1,SKU-02,1,0,2025-09-24,2025-10-07,9,0
1129,5,3,SKU-12,1,0,2025-09-24,2025-10-07,9,0
1130,5,1,SKU-02,1,0,2025-09-24,2025-10-06,8,0
1131,2,3,SKU-01,1,0,2025-09-24,2025-10-06,8,0
1132,5,1,SKU-13,1,0,2025-09-24,2025-10-03,7,0
1133,2,2,SKU-07,1,0,2025-09-24,2025-10-06,8,0
1134,5,1,SKU-12,1,0,2025-09-24,2025-10-07,9,0
1135,4,2,SKU-13,1,0,2025-09-24,2025-10-03,7,0
1136,1,3,SKU-14,1,0,2025-09-24,2025-10-06,8,0
1137,2,3,SKU-05,1,0,2025-09-24,2025-10-07,9,0
1138,4,1,SKU-04,1,0,2025-09-24,2025-10-03,7,0
1139,5,1,SKU-01,1,0,2025-09-24,2025-10-08,10,0
1140,2,2,SKU-02,1,0,2025-09-24,2025-10-03,7,0
1141,6,3,SKU-10,1,0,2025-09-24,2025-10-06,8,0
1142,5,2,SKU-12,1,0,2025-09-24,2025-10-06,8,0
1143,6,2,SKU-04,1,0,2025-09-24,2025-10-07,9,0
1144,2,1,SKU-10,1,0,2025-09-24,2025-10-08,10,0
1145,1,2,SKU-04,1,0,2025-09-24,2025-10-07,9,0
1146,3,2,SKU-14,1,0,2025-09-24,2025-10-02,6,0
1147,5,3,SKU-09,1,0,2025-09-24,2025-10-08,10,0
1148,6,1,SKU-13,1,0,2025-09-24,2025-10-08,10,0
1149,3,3,SKU-14,1,0,2025-09-24,2025-10-08,10,0
1150,5,3,SKU-04,1,0,2025-09-24,2025-10-06,8,0
1151,1,1,SKU-12,1,0,2025-09-24,2025-10-07,9,0
1152,4,1,SKU-01,1,0,2025-09-24,2025-10-06,8,0
1153,1,3,SKU-13,1,0,2025-09-24,2025-10-07,9,0
1154,3,2,SKU-09,1,0,2025-09-24,2025-10-06,8,0
1155,4,3,SKU-06,1,0,2025-09-24,2025-10-07,9,0
1156,3,1,SKU-08,1,0,2025-09-24,2025-10-07,9,0
1157,3,3,SKU-15,1,0,2025-09-24,2025-10-06,8,0
1158,1,2,SKU-15,1,0,2025-09-24,2025-10-07,9,0
1159,4,3,SKU-14,1,0,2025-09-24,2025-10-06,8,0
1160,6,2,SKU-14,1,0,2025-09-24,2025-10-08,10,0
1161,1,3,SKU-04,1,0,2025-09-24,2025-10-06,8,0
1162,5,1,SKU-10,1,0,2025-09-24,2025-10-07,9,0
1163,2,3,SKU-02,1,0,2025-09-24,2025-10-06,8,0
1164,6,2,SKU-07,1,0,2025-09-24,2025-10-08,10,0
1165,2,3,SKU-01,1,0,2025-09-24,2025-10-02,6,0
1166,4,3,SKU-10,1,0,2025-09-24,2025-10-03,7,0
1167,6,2,SKU-05,1,0,2025-09-24,2025-10-06,8,0
1168,3,1,SKU-11,1,0,2025-09-24,2025-10-07,9,0
1169,3,2,SKU-08,1,0,2025-09-24,2025-10-08,10,0
1170,2,1,SKU-08,1,0,2025-09-24,2025-10-06,8,0
1171,1,3,SKU-03,1,0,2025-09-25,2025-10-07,8,0
1172,1,2,SKU-11,1,0,2025-09-25,2025-10-09,10,0
1173,6,1,SKU-01,1,0,2025-09-25,2025-10-08,9,0
1174,5,2,SKU-01,1,0,2025-09-25,2025-10-08,9,0
1175,2,3,SKU-10,1,0,2025-09-25,2025-10-08,9,0
1176,5,2,SKU-09,1,0,2025-09-25,2025-10-08,9,0
1177,2,2,SKU-07,1,0,2025-09-25,2025-10-09,10,0
1178,2,3,SKU-15,1,0,2025-09-25,2025-10-09,10,0
1179,5,3,SKU-14,1,0,2025-09-25,2025-10-07,8,0
1180,6,3,SKU-04,1,0,2025-09-25,2025-10-09,10,0
1181,6,3,SKU-15,1,0,2025-09-25,2025-10-03,6,0
1182,6,1,SKU-13,1,0,2025-09-25,2025-10-09,10,0
1183,4,2,SKU-11,1,0,2025-09-25,2025-10-03,6,0
1184,4,1,SKU-13,1,0,2025-09-25,2025-10-08,9,0
1185,4,3,SKU-06,1,0,2025-09-25,2025-10-06,7,0
1186,1,1,SKU-12,1,0,2025-09-25,2025-10-09,10,0
1187,6,1,SKU-06,1,0,2025-09-25,2025-10-09,10,0
1188,4,2,SKU-04,1,0,2025-09-25,2025-10-09,10,0
1189,3,3,SKU-02,1,0,2025-09-25,2025-10-09,10,0
1190,5,2,SKU-12,1,0,2025-09-25,2025-10-03,6,0
1191,1,1,SKU-11,1,0,2025-09-25,2025-10-06,7,0
1192,4,2,SKU-11,1,0,2025-09-25,2025-10-08,9,0
1193,1,1,SKU-09,1,0,2025-09-25,2025-10-08,9,0
1194,3,2,SKU-11,1,0,2025-09-25,2025-10-07,8,0
1195,3,3,SKU-02,1,0,2025-09-25,2025-10-08,9,0
1196,5,2,SKU-01,1,0,2025-09-25,2025-10-08,9,0
1197,2,3,SKU-11,1,0,2025-09-25,2025-10-07,8,0
1198,4,1,SKU-09,1,0,2025-09-25,2025-10-06,7,0
1199,4,2,SKU-02,1,0,2025-09-25,2025-10-07,8,0
1200,3,3,SKU-06,1,0,2025-09-25,2025-10-09,10,0
1201,4,3,SKU-12,1,0,2025-09-25,2025-10-08,9,0
1202,1,3,SKU-08,1,0,2025-09-25,2025-10-07,8,0
1203,3,3,SKU-11,1,0,2025-09-25,2025-10-08,9,0
1204,4,2,SKU-12,1,0,2025-09-25,2025-10-09,10,0
1205,2,2,SKU-06,1,0,2025-09-25,2025-10-08,9,0
1206,5,2,SKU-06,1,0,2025-09-25,2025-10-07,8,0
1207,5,1,SKU-12,1,0,2025-09-25,2025-10-06,7,0
1208,5,3,SKU-05,1,0,2025-09-25,2025-10-09,10,0
1209,6,3,SKU-09,1,0,2025-09-25,2025-10-08,9,0
1210,4,3,SKU-10,1,0,2025-09-25,2025-10-08,9,0
1211,3,3,SKU-05,1,0,2025-09-25,2025-10-03,6,0
1212,2,3,SKU-09,1,0,2025-09-25,2025-10-10,11,1
1213,4,2,SKU-08,1,0,2025-09-25,2025-10-08,9,0
1214,1,2,SKU-01,1,0,2025-09-25,2025-10-08,9,0
1215,1,1,SKU-07,1,0,2025-09-25,2025-10-09,10,0
1216,4,1,SKU-06,1,0,2025-09-25,2025-10-08,9,0
1217,6,2,SKU-08,1,0,2025-09-25,2025-10-07,8,0
1218,5,1,SKU-15,1,0,2025-09-25,2025-10-03,6,0
1219,2,1,SKU-12,1,0,2025-09-25,2025-10-06,7,0
1220,5,2,SKU-08,1,0,2025-09-25,2025-10-06,7,0
1221,5,3,SKU-14,1,0,2025-09-25,2025-10-06,7,0
1222,4,3,SKU-14,1,0,2025-09-25,2025-10-10,11,1
1223,4,2,SKU-02,1,0,2025-09-25,2025-10-07,8,0
1224,1,2,SKU-14,1,0,2025-09-26,2025-10-08,8,0
1225,5,1,SKU-02,1,0,2025-09-26,2025-10-08,8,0
1226,3,1,SKU-15,1,0,2025-09-26,2025-10-09,9,0
1227,6,3,SKU-06,1,0,2025-09-26,2025-10-08,8,0
1228,2,2,SKU-08,1,0,2025-09-26,2025-10-08,8,0
1229,5,3,SKU-05,1,0,2025-09-26,2025-10-13,11,1
1230,1,3,SKU-02,1,0,2025-09-26,2025-10-13,11,1
1231,1,1,SKU-12,1,0,2025-09-26,2025-10-08,8,0
1232,1,1,SKU-11,1,0,2025-09-26,2025-10-10,10,0
1233,6,2,SKU-05,1,0,2025-09-26,2025-10-09,9,0
1234,2,3,SKU-10,1,0,2025-09-26,2025-10-10,10,0
1235,2,2,SKU-10,1,0,2025-09-26,2025-10-07,7,0
1236,6,1,SKU-09,1,0,2025-09-26,2025-10-09,9,0
1237,2,1,SKU-14,1,0,2025-09-26,2025-10-10,10,0
1238,5,1,SKU-14,1,0,2025-09-26,2025-10-09,9,0
1239,3,2,SKU-04,1,0,2025-09-26,2025-10-13,11,1
1240,3,3,SKU-07,1,0,2025-09-26,2025-10-09,9,0
1241,1,2,SKU-04,1,0,2025-09-26,2025-10-13,11,1
1242,5,1,SKU-12,1,0,2025-09-26,2025-10-08,8,0
1243,6,2,SKU-03,1,0,2025-09-26,2025-10-08,8,0
1244,6,3,SKU-06,1,0,2025-09-26,2025-10-09,9,0
1245,1,2,SKU-01,1,0,2025-09-26,2025-10-08,8,0
1246,4,3,SKU-06,1,0,2025-09-26,2025-10-08,8,0
1247,3,2,SKU-07,1,0,2025-09-26,2025-10-10,10,0
1248,3,1,SKU-06,1,0,2025-09-26,2025-10-07,7,0
1249,2,3,SKU-09,1,0,2025-09-26,2025-10-08,8,0
1250,3,1,SKU-15,1,0,2025-09-26,2025-10-09,9,0
1251,5,2,SKU-13,1,0,2025-09-26,2025-10-10,10,0
1252,2,2,SKU-05,1,0,2025-09-26,2025-10-08,8,0
1253,4,1,SKU-03,1,0,2025-09-26,2025-10-09,9,0
1254,1,3,SKU-12,1,0,2025-09-26,2025-10-13,11,1
1255,6,3,SKU-11,1,0,2025-09-26,2025-10-03,5,0
1256,5,2,SKU-05,1,0,2025-09-26,2025-10-08,8,0
1257,6,2,SKU-09,1,0,2025-09-26,2025-10-08,8,0
1258,4,1,SKU-15,1,0,2025-09-26,2025-10-09,9,0
1259,1,3,SKU-06,1,0,2025-09-26,2025-10-08,8,0
1260,6,1,SKU-06,1,0,2025-09-26,2025-10-09,9,0
1261,5,1,SKU-15,1,0,2025-09-26,2025-10-09,9,0
1262,2,2,SKU-07,1,0,2025-09-26,2025-10-09,9,0
1263,6,3,SKU-08,1,0,2025-09-26,2025-10-08,8,0
1264,1,3,SKU-09,1,0,2025-09-26,2025-10-13,11,1
1265,5,3,SKU-11,1,0,2025-09-26,2025-10-09,9,0
1266,6,2,SKU-05,1,0,2025-09-26,2025-10-08,8,0
1267,5,3,SKU-10,1,0,2025-09-26,2025-10-10,10,0
1268,4,3,SKU-13,1,0,2025-09-26,2025-10-08,8,0
1269,1,1,SKU-05,1,0,2025-09-26,2025-10-09,9,0
1270,6,3,SKU-12,1,0,2025-09-26,2025-10-10,10,0
1271,6,1,SKU-11,1,0,2025-09-26,2025-10-13,11,1
1272,3,2,SKU-12,1,0,2025-09-26,2025-10-03,5,0
1273,6,1,SKU-05,1,0,2025-09-26,2025-10-08,8,0
1274,3,1,SKU-15,1,0,2025-09-26,2025-10-09,9,0
1275,2,2,SKU-10,1,0,2025-09-26,2025-10-09,9,0
1276,1,2,SKU-02,1,0,2025-09-26,2025-10-13,11,1
1277,6,1,SKU-15,1,0,2025-09-27,2025-10-08,8,0
1278,2,2,SKU-15,1,0,2025-09-27,2025-10-10,10,0
1279,3,1,SKU-10,1,0,2025-09-27,2025-10-08,8,0
1280,6,1,SKU-13,1,0,2025-09-27,2025-10-08,8,0
1281,1,1,SKU-05,1,0,2025-09-27,2025-10-09,9,0
1282,3,2,SKU-02,1,0,2025-09-27,2025-10-09,9,0
1283,1,3,SKU-04,1,0,2025-09-27,2025-10-08,8,0
1284,3,1,SKU-07,1,0,2025-09-27,2025-10-08,8,0
1285,5,1,SKU-13,1,0,2025-09-27,2025-10-13,11,1
1286,4,2,SKU-11,1,0,2025-09-27,2025-10-10,10,0
1287,1,3,SKU-07,1,0,2025-09-27,2025-10-07,7,0
1288,6,3,SKU-05,1,0,2025-09-27,2025-10-09,9,0
1289,5,2,SKU-15,1,0,2025-09-27,2025-10-09,9,0
1290,3,3,SKU-13,1,0,2025-09-27,2025-10-09,9,0
1291,5,1,SKU-01,1,0,2025-09-27,2025-10-07,7,0
1292,6,3,SKU-11,1,0,2025-09-27,2025-10-08,8,0
1293,1,3,SKU-03,1,0,2025-09-27,2025-10-09,9,0
1294,5,3,SKU-13,1,0,2025-09-27,2025-10-14,12,1
1295,4,1,SKU-10,1,0,2025-09-27,2025-10-09,9,0
1296,6,2,SKU-07,1,0,2025-09-27,2025-10-09,9,0
1297,5,2,SKU-01,1,0,2025-09-27,2025-10-07,7,0
1298,5,1,SKU-01,1,0,2025-09-27,2025-10-09,9,0
1299,5,3,SKU-14,1,0,2025-09-27,2025-10-09,9,0
1300,3,3,SKU-02,1,0,2025-09-27,2025-10-08,8,0
1301,4,2,SKU-05,1,0,2025-09-27,2025-10-10,10,0
1302,2,2,SKU-05,1,0,2025-09-27,2025-10-03,5,0
1303,3,3,SKU-12,1,0,2025-09-27,2025-10-08,8,0
1304,1,3,SKU-12,1,0,2025-09-27,2025-10-07,7,0
1305,5,3,SKU-15,1,0,2025-09-27,2025-10-09,9,0
1306,5,1,SKU-05,1,0,2025-09-27,2025-10-09,9,0
1307,6,2,SKU-09,1,0,2025-09-27,2025-10-09,9,0
1308,4,3,SKU-13,1,0,2025-09-27,2025-10-08,8,0
1309,3,3,SKU-12,1,0,2025-09-27,2025-10-08,8,0
1310,6,2,SKU-08,1,0,2025-09-27,2025-10-09,9,0
1311,4,3,SKU-07,1,0,2025-09-27,2025-10-09,9,0
1312,6,2,SKU-15,1,0,2025-09-27,2025-10-09,9,0
1313,6,2,SKU-11,1,0,2025-09-27,2025-10-08,8,0
1314,4,3,SKU-12,1,0,2025-09-27,2025-10-07,7,0
1315,2,1,SKU-01,1,0,2025-09-27,2025-10-08,8,0
1316,3,1,SKU-02,1,0,2025-09-27,2025-10-08,8,0
1317,4,1,SKU-09,1,0,2025-09-27,2025-10-10,10,0
1318,4,3,SKU-13,1,0,2025-09-27,2025-10-09,9,0
1319,5,2,SKU-06,1,0,2025-09-27,2025-10-07,7,0
1320,2,3,SKU-12,1,0,2025-09-28,2025-10-10,10,0
1321,5,2,SKU-10,1,0,2025-09-28,2025-10-09,9,0
1322,6,3,SKU-01,1,0,2025-09-28,2025-10-08,8,0
1323,3,3,SKU-14,1,0,2025-09-28,2025-10-13,11,1
1324,1,2,SKU-06,1,0,2025-09-28,2025-10-08,8,0
1325,3,2,SKU-02,1,0,2025-09-28,2025-10-10,10,0
1326,4,2,SKU-09,1,0,2025-09-28,2025-10-08,8,0
1327,1,1,SKU-11,1,0,2025-09-28,2025-10-09,9,0
1328,5,2,SKU-09,1,0,2025-09-28,2025-10-08,8,0
1329,1,1,SKU-14,1,0,2025-09-28,2025-10-08,8,0
1330,6,1,SKU-09,1,0,2025-09-28,2025-10-13,11,1
1331,4,1,SKU-15,1,0,2025-09-28,2025-10-09,9,0
1332,6,2,SKU-13,1,0,2025-09-28,2025-10-07,7,0
1333,6,3,SKU-03,1,0,2025-09-28,2025-10-10,10,0
1334,1,2,SKU-04,1,0,2025-09-28,2025-10-07,7,0
1335,4,1,SKU-05,1,0,2025-09-28,2025-10-09,9,0
1336,1,3,SKU-09,1,0,2025-09-28,2025-10-08,8,0
1337,4,2,SKU-06,1,0,2025-09-28,2025-10-10,10,0
1338,2,2,SKU-06,1,0,2025-09-28,2025-10-10,10,0
1339,6,1,SKU-11,1,0,2025-09-28,2025-10-10,10,0
1340,2,1,SKU-03,1,0,2025-09-28,2025-10-07,7,0
1341,4,1,SKU-04,1,0,2025-09-28,2025-10-09,9,0
1342,5,2,SKU-13,1,0,2025-09-28,2025-10-10,10,0
1343,2,2,SKU-12,1,0,2025-09-28,2025-10-08,8,0
1344,1,2,SKU-04,1,0,2025-09-28,2025-10-08,8,0
1345,1,3,SKU-03,1,0,2025-09-28,2025-10-09,9,0
1346,2,1,SKU-05,1,0,2025-09-28,2025-10-08,8,0
1347,2,1,SKU-09,1,0,2025-09-28,2025-10-08,8,0
1348,2,2,SKU-02,1,0,2025-09-28,2025-10-08,8,0
1349,1,1,SKU-05,1,0,2025-09-28,2025-10-09,9,0
1350,1,1,SKU-02,1,0,2025-09-28,2025-10-09,9,0
1351,4,3,SKU-04,1,0,2025-09-28,2025-10-07,7,0
1352,3,1,SKU-03,1,0,2025-09-28,2025-10-07,7,0
1353,4,1,SKU-09,1,0,2025-09-28,2025-10-07,7,0
1354,3,1,SKU-14,1,0,2025-09-28,2025-10-10,10,0
1355,2,1,SKU-12,1,0,2025-09-28,2025-10-09,9,0
1356,1,3,SKU-02,1,0,2025-09-28,2025-10-09,9,0
1357,5,1,SKU-02,1,0,2025-09-28,2025-10-06,6,0
1358,5,2,SKU-03,1,0,2025-09-28,2025-10-08,8,0
1359,4,2,SKU-06,1,0,2025-09-28,2025-10-06,6,0
1360,4,3,SKU-12,1,0,2025-09-28,2025-10-08,8,0
1361,6,2,SKU-12,1,0,2025-09-28,2025-10-10,10,0
1362,5,1,SKU-07,1,0,2025-09-28,2025-10-09,9,0
1363,1,1,SKU-08,1,0,2025-09-28,2025-10-07,7,0
1364,1,2,SKU-11,1,0,2025-09-28,2025-10-09,9,0
1365,4,2,SKU-13,1,0,2025-09-28,2025-10-10,10,0
1366,2,2,SKU-15,1,0,2025-09-28,2025-10-07,7,0
1367,4,3,SKU-05,1,0,2025-09-28,2025-10-13,11,1
1368,3,3,SKU-04,1,0,2025-09-28,2025-10-08,8,0
1369,2,1,SKU-10,1,0,2025-09-28,2025-10-09,9,0
1370,6,1,SKU-07,1,0,2025-09-28,2025-10-13,11,1
1371,6,1,SKU-11,1,0,2025-09-28,2025-10-09,9,0
1372,2,3,SKU-05,1,0,2025-09-28,2025-10-06,6,0
1373,3,2,SKU-04,1,0,2025-09-28,2025-10-09,9,0
1374,2,3,SKU-12,1,0,2025-09-28,2025-10-10,10,0
1375,5,1,SKU-07,1,0,2025-09-28,2025-10-10,10,0
1376,3,2,SKU-10,1,0,2025-09-28,2025-10-06,6,0
1377,4,1,SKU-08,1,0,2025-09-28,2025-10-07,7,0
1378,5,3,SKU-04,1,0,2025-09-28,2025-10-09,9,0
1379,3,3,SKU-08,1,0,2025-09-28,2025-10-07,7,0
1380,6,1,SKU-15,1,0,2025-09-28,2025-10-10,10,0
1381,6,2,SKU-01,2,0,2025-09-29,2025-10-14,11,1
1382,3,2,SKU-11,2,0,2025-09-29,2025-10-08,7,0
1383,3,3,SKU-02,2,0,2025-09-29,2025-10-09,8,0
1384,3,2,SKU-13,2,0,2025-09-29,2025-10-14,11,1
1385,6,1,SKU-03,2,0,2025-09-29,2025-10-10,9,0
1386,2,1,SKU-13,2,0,2025-09-29,2025-10-13,10,0
1387,6,1,SKU-05,2,0,2025-09-29,2025-10-07,6,0
1388,6,1,SKU-05,2,0,2025-09-29,2025-10-14,11,1
1389,1,2,SKU-11,2,0,2025-09-29,2025-10-10,9,0
1390,5,2,SKU-12,2,0,2025-09-29,2025-10-09,8,0
1391,4,2,SKU-12,2,0,2025-09-29,2025-10-09,8,0
1392,1,3,SKU-14,2,0,2025-09-29,2025-10-06,5,0
1393,5,3,SKU-04,2,0,2025-09-29,2025-10-10,9,0
1394,6,3,SKU-15,2,0,2025-09-29,2025-10-09,8,0
1395,2,2,SKU-09,2,0,2025-09-29,2025-10-09,8,0
1396,2,2,SKU-13,2,0,2025-09-29,2025-10-09,8,0
1397,5,2,SKU-02,2,0,2025-09-29,2025-10-08,7,0
1398,3,2,SKU-04,2,0,2025-09-29,2025-10-10,9,0
1399,3,1,SKU-06,2,0,2025-09-29,2025-10-09,8,0
1400,1,2,SKU-13,2,0,2025-09-29,2025-10-10,9,0
1401,4,2,SKU-14,2,0,2025-09-29,2025-10-13,10,0
1402,1,1,SKU-14,2,0,2025-09-29,2025-10-09,8,0
1403,3,2,SKU-14,2,0,2025-09-29,2025-10-09,8,0
1404,2,2,SKU-05,2,0,2025-09-29,2025-10-10,9,0
1405,2,1,SKU-02,2,0,2025-09-29,2025-10-13,10,0
1406,1,1,SKU-02,2,0,2025-09-29,2025-10-10,9,0
1407,1,2,SKU-09,2,0,2025-09-29,2025-10-14,11,1
1408,3,1,SKU-04,2,0,2025-09-29,2025-10-10,9,0
1409,5,3,SKU-13,2,0,2025-09-29,2025-10-09,8,0
1410,3,3,SKU-07,2,0,2025-09-29,2025-10-09,8,0
1411,4,3,SKU-08,2,0,2025-09-29,2025-10-09,8,0
1412,1,3,SKU-09,2,0,2025-09-29,2025-10-09,8,0
1413,5,3,SKU-15,2,0,2025-09-29,2025-10-10,9,0
1414,5,1,SKU-12,2,0,2025-09-29,2025-10-10,9,0
1415,1,2,SKU-09,2,0,2025-09-29,2025-10-10,9,0
1416,2,1,SKU-09,2,0,2025-09-29,2025-10-10,9,0
1417,2,3,SKU-11,2,0,2025-09-29,2025-10-10,9,0
1418,1,1,SKU-07,2,0,2025-09-29,2025-10-13,10,0
1419,5,2,SKU-09,2,0,2025-09-29,2025-10-10,9,0
1420,6,2,SKU-02,2,0,2025-09-29,2025-10-09,8,0
1421,1,1,SKU-14,2,0,2025-09-29,2025-10-08,7,0
1422,4,3,SKU-09,2,0,2025-09-29,2025-10-10,9,0
1423,6,3,SKU-10,2,0,2025-09-29,2025-10-08,7,0
1424,4,2,SKU-08,2,0,2025-09-29,2025-10-14,11,1
1425,4,2,SKU-08,2,0,2025-09-29,2025-10-10,9,0
1426,1,3,SKU-07,2,0,2025-09-29,2025-10-09,8,0
1427,1,2,SKU-10,2,0,2025-09-29,2025-10-08,7,0
1428,6,2,SKU-08,2,0,2025-09-29,2025-10-07,6,0
1429,3,1,SKU-15,2,0,2025-09-29,2025-10-13,10,0
1430,2,2,SKU-13,2,0,2025-09-29,2025-10-09,8,0
1431,4,2,SKU-14,2,0,2025-09-29,2025-10-15,12,1
1432,5,3,SKU-14,2,0,2025-09-29,2025-10-13,10,0
1433,6,1,SKU-02,2,0,2025-09-29,2025-10-09,8,0
1434,4,1,SKU-12,2,0,2025-09-29,2025-10-07,6,0
1435,1,2,SKU-05,2,0,2025-09-29,2025-10-09,8,0
1436,2,1,SKU-03,2,0,2025-09-29,2025-10-08,7,0
1437,4,2,SKU-05,2,0,2025-09-29,2025-10-13,10,0
1438,4,3,SKU-09,2,0,2025-09-29,2025-10-09,8,0
1439,3,2,SKU-15,2,0,2025-09-29,2025-10-13,10,0
1440,6,3,SKU-04,2,0,2025-09-30,2025-10-13,9,0
1441,2,3,SKU-11,2,0,2025-09-30,2025-10-10,8,0
1442,2,3,SKU-05,2,0,2025-09-30,2025-10-13,9,0
1443,1,1,SKU-03,2,0,2025-09-30,2025-10-08,6,0
1444,6,2,SKU-11,2,0,2025-09-30,2025-10-13,9,0
1445,6,3,SKU-04,2,0,2025-09-30,2025-10-10,8,0
1446,2,3,SKU-14,2,0,2025-09-30,2025-10-14,10,0
1447,2,2,SKU-13,2,0,2025-09-30,2025-10-10,8,0
1448,3,1,SKU-15,2,0,2025-09-30,2025-10-13,9,0
1449,2,2,SKU-03,2,0,2025-09-30,2025-10-10,8,0
1450,1,1,SKU-08,2,0,2025-09-30,2025-10-13,9,0
1451,4,1,SKU-05,2,0,2025-09-30,2025-10-15,11,1
1452,5,1,SKU-12,2,0,2025-09-30,2025-10-13,9,0
1453,5,1,SKU-01,2,0,2025-09-30,2025-10-13,9,0
1454,4,2,SKU-15,2,0,2025-09-30,2025-10-09,7,0
1455,3,1,SKU-15,2,0,2025-09-30,2025-10-10,8,0
1456,4,3,SKU-11,2,0,2025-09-30,2025-10-13,9,0
1457,3,3,SKU-09,2,0,2025-09-30,2025-10-10,8,0
1458,2,2,SKU-12,2,0,2025-09-30,2025-10-14,10,0
1459,1,1,SKU-04,2,0,2025-09-30,2025-10-09,7,0
1460,3,1,SKU-10,2,0,2025-09-30,2025-10-10,8,0
1461,5,1,SKU-02,2,0,2025-09-30,2025-10-14,10,0
1462,6,3,SKU-07,2,0,2025-09-30,2025-10-13,9,0
1463,2,3,SKU-01,2,0,2025-09-30,2025-10-16,12,1
1464,5,2,SKU-01,2,0,2025-09-30,2025-10-15,11,1
1465,6,2,SKU-14,2,0,2025-09-30,2025-10-13,9,0
1466,5,3,SKU-05,2,0,2025-09-30,2025-10-09,7,0
1467,5,2,SKU-03,2,0,2025-09-30,2025-10-13,9,0
1468,2,1,SKU-12,2,0,2025-09-30,2025-10-13,9,0
1469,2,3,SKU-12,2,0,2025-09-30,2025-10-15,11,1
1470,3,2,SKU-06,2,0,2025-09-30,2025-10-15,11,1
1471,5,2,SKU-11,2,0,2025-09-30,2025-10-09,7,0
1472,4,1,SKU-08,2,0,2025-09-30,2025-10-13,9,0
1473,2,2,SKU-11,2,0,2025-09-30,2025-10-09,7,0
1474,2,2,SKU-13,2,0,2025-09-30,2025-10-14,10,0
1475,6,1,SKU-04,2,0,2025-09-30,2025-10-14,10,0
1476,5,3,SKU-03,2,0,2025-09-30,2025-10-08,6,0
1477,6,2,SKU-10,2,0,2025-09-30,2025-10-10,8,0
1478,4,3,SKU-04,2,0,2025-09-30,2025-10-14,10,0
1479,3,1,SKU-14,2,0,2025-09-30,2025-10-14,10,0
1480,5,2,SKU-03,2,0,2025-09-30,2025-10-13,9,0
1481,6,1,SKU-02,2,0,2025-09-30,2025-10-10,8,0
1482,1,3,SKU-02,2,0,2025-09-30,2025-10-10,8,0
1483,1,1,SKU-07,2,0,2025-09-30,2025-10-13,9,0
1484,3,1,SKU-05,2,0,2025-09-30,2025-10-10,8,0
1485,1,1,SKU-01,2,0,2025-09-30,2025-10-10,8,0
1486,6,3,SKU-01,2,0,2025-09-30,2025-10-08,6,0
1487,6,1,SKU-14,2,0,2025-09-30,2025-10-09,7,0
1488,2,2,SKU-14,2,0,2025-09-30,2025-10-10,8,0
1489,4,1,SKU-03,2,0,2025-09-30,2025-10-13,9,0
1490,2,1,SKU-14,2,0,2025-09-30,2025-10-13,9,0
1491,3,3,SKU-13,2,0,2025-09-30,2025-10-14,10,0
1492,1,1,SKU-02,2,0,2025-09-30,2025-10-13,9,0
1493,1,1,SKU-10,2,0,2025-09-30,2025-10-09,7,0
1494,4,1,SKU-07,2,0,2025-09-30,2025-10-14,10,0
1495,5,3,SKU-05,2,0,2025-09-30,2025-10-10,8,0
1496,2,1,SKU-06,2,0,2025-09-30,2025-10-13,9,0
1497,3,3,SKU-13,2,0,2025-09-30,2025-10-13,9,0
1498,5,1,SKU-02,2,0,2025-09-30,2025-10-09,7,0
1499,5,1,SKU-14,2,0,2025-09-30,2025-10-15,11,1
1500,5,2,SKU-01,2,0,2025-09-30,2025-10-08,6,0
1501,2,2,SKU-02,2,0,2025-09-30,2025-10-13,9,0
1502,2,2,SKU-10,2,0,2025-10-01,2025-10-10,7,0
1503,3,3,SKU-14,2,0,2025-10-01,2025-10-10,7,0
1504,2,1,SKU-04,2,0,2025-10-01,2025-10-13,8,0
1505,3,3,SKU-14,2,0,2025-10-01,2025-10-09,6,0
1506,5,1,SKU-05,2,0,2025-10-01,2025-10-14,9,0
1507,3,2,SKU-04,2,0,2025-10-01,2025-10-13,8,0
1508,2,2,SKU-11,2,0,2025-10-01,2025-10-10,7,0
1509,3,2,SKU-09,2,0,2025-10-01,2025-10-15,10,0
1510,1,3,SKU-03,2,0,2025-10-01,2025-10-14,9,0
1511,1,2,SKU-14,2,0,2025-10-01,2025-10-13,8,0
1512,6,1,SKU-15,2,0,2025-10-01,2025-10-14,9,0
1513,5,1,SKU-05,2,0,2025-10-01,2025-10-15,10,0
1514,1,1,SKU-09,2,0,2025-10-01,2025-10-13,8,0
1515,5,3,SKU-06,2,0,2025-10-01,2025-10-09,6,0
1516,3,1,SKU-05,2,0,2025-10-01,2025-10-14,9,0
1517,5,3,SKU-08,2,0,2025-10-01,2025-10-14,9,0
1518,5,3,SKU-09,2,0,2025-10-01,2025-10-13,8,0
1519,3,2,SKU-13,2,0,2025-10-01,2025-10-13,8,0
1520,5,1,SKU-01,2,0,2025-10-01,2025-10-15,10,0
1521,6,2,SKU-08,2,0,2025-10-01,2025-10-14,9,0
1522,4,2,SKU-10,2,0,2025-10-01,2025-10-09,6,0
1523,1,2,SKU-04,2,0,2025-10-01,2025-10-14,9,0
1524,4,2,SKU-09,2,0,2025-10-01,2025-10-14,9,0
1525,5,1,SKU-06,2,0,2025-10-01,2025-10-13,8,0
1526,1,1,SKU-14,2,0,2025-10-01,2025-10-10,7,0
1527,4,3,SKU-08,2,0,2025-10-01,2025-10-14,9,0
1528,2,2,SKU-15,2,0,2025-10-01,2025-10-14,9,0
1529,3,3,SKU-12,2,0,2025-10-01,2025-10-15,10,0
1530,4,1,SKU-07,2,0,2025-10-01,2025-10-13,8,0
1531,3,3,SKU-01,2,0,2025-10-01,2025-10-14,9,0
1532,3,2,SKU-04,2,0,2025-10-01,2025-10-14,9,0
1533,3,2,SKU-12,2,0,2025-10-01,2025-10-16,11,1
1534,1,2,SKU-04,2,0,2025-10-01,2025-10-15,10,0
1535,5,2,SKU-15,2,0,2025-10-01,2025-10-14,9,0
1536,2,1,SKU-03,2,0,2025-10-01,2025-10-16,11,1
1537,2,3,SKU-05,2,0,2025-10-01,2025-10-10,7,0
1538,2,1,SKU-01,2,0,2025-10-01,2025-10-14,9,0
1539,5,1,SKU-02,2,0,2025-10-01,2025-10-13,8,0
1540,2,1,SKU-11,2,0,2025-10-01,2025-10-10,7,0
1541,3,3,SKU-11,2,0,2025-10-01,2025-10-13,8,0
1542,3,1,SKU-04,2,0,2025-10-01,2025-10-15,10,0
1543,2,3,SKU-15,2,0,2025-10-01,2025-10-13,8,0
1544,4,1,SKU-13,2,0,2025-10-01,2025-10-10,7,0
1545,4,1,SKU-06,2,0,2025-10-01,2025-10-15,10,0
1546,6,3,SKU-14,2,0,2025-10-01,2025-10-14,9,0
1547,5,1,SKU-12,2,0,2025-10-01,2025-10-14,9,0
1548,4,1,SKU-07,2,0,2025-10-01,2025-10-14,9,0
1549,2,3,SKU-02,2,0,2025-10-01,2025-10-13,8,0
1550,2,2,SKU-03,2,0,2025-10-01,2025-10-14,9,0
1551,1,3,SKU-03,2,0,2025-10-01,2025-10-13,8,0
1552,5,1,SKU-04,2,0,2025-10-01,2025-10-14,9,0
1553,6,3,SKU-07,2,0,2025-10-01,2025-10-16,11,1
1554,2,1,SKU-14,2,0,2025-10-01,2025-10-13,8,0
1555,3,2,SKU-13,2,0,2025-10-01,2025-10-13,8,0
1556,6,1,SKU-13,2,0,2025-10-01,2025-10-15,10,0
1557,5,2,SKU-09,2,0,2025-10-01,2025-10-14,9,0
1558,6,3,SKU-13,2,0,2025-10-01,2025-10-16,11,1
1559,4,3,SKU-13,2,0,2025-10-01,2025-10-14,9,0
1560,4,2,SKU-01,2,0,2025-10-01,2025-10-14,9,0
1561,1,1,SKU-08,2,0,2025-10-01,2025-10-14,9,0
1562,4,2,SKU-08,2,0,2025-10-01,2025-10-13,8,0
1563,1,2,SKU-02,2,0,2025-10-02,2025-10-15,9,0
1564,4,2,SKU-08,2,0,2025-10-02,2025-10-14,8,0
1565,3,1,SKU-06,2,0,2025-10-02,2025-10-16,10,0
1566,4,2,SKU-06,2,0,2025-10-02,2025-10-13,7,0
1567,6,3,SKU-07,2,0,2025-10-02,2025-10-15,9,0
1568,4,1,SKU-01,2,0,2025-10-02,2025-10-14,8,0
1569,6,1,SKU-13,2,0,2025-10-02,2025-10-15,9,0
1570,4,1,SKU-06,2,0,2025-10-02,2025-10-16,10,0
1571,5,1,SKU-11,2,0,2025-10-02,2025-10-13,7,0
1572,6,2,SKU-06,2,0,2025-10-02,2025-10-16,10,0
1573,6,3,SKU-04,2,0,2025-10-02,2025-10-14,8,0
1574,5,2,SKU-11,2,0,2025-10-02,2025-10-17,11,1
1575,3,3,SKU-14,2,0,2025-10-02,2025-10-13,7,0
1576,3,3,SKU-02,2,0,2025-10-02,2025-10-15,9,0
1577,6,3,SKU-13,2,0,2025-10-02,2025-10-15,9,0
1578,3,1,SKU-09,2,0,2025-10-02,2025-10-14,8,0
1579,5,2,SKU-04,2,0,2025-10-02,2025-10-13,7,0
1580,1,3,SKU-07,2,0,2025-10-02,2025-10-13,7,0
1581,4,3,SKU-03,2,0,2025-10-02,2025-10-13,7,0
1582,2,3,SKU-01,2,0,2025-10-02,2025-10-14,8,0
1583,2,1,SKU-14,2,0,2025-10-02,2025-10-14,8,0
1584,6,3,SKU-13,2,0,2025-10-02,2025-10-14,8,0
1585,4,2,SKU-12,2,0,2025-10-02,2025-10-15,9,0
1586,6,3,SKU-08,2,0,2025-10-02,2025-10-16,10,0
1587,4,2,SKU-04,2,0,2025-10-02,2025-10-15,9,0
1588,2,1,SKU-06,2,0,2025-10-02,2025-10-13,7,0
1589,6,2,SKU-03,2,0,2025-10-02,2025-10-14,8,0
1590,6,1,SKU-08,2,0,2025-10-02,2025-10-13,7,0
1591,4,1,SKU-13,2,0,2025-10-02,2025-10-15,9,0
1592,4,3,SKU-08,2,0,2025-10-02,2025-10-15,9,0
1593,3,2,SKU-08,2,0,2025-10-02,2025-10-15,9,0
1594,4,1,SKU-11,2,0,2025-10-02,2025-10-10,6,0
1595,4,3,SKU-05,2,0,2025-10-02,2025-10-14,8,0
1596,1,3,SKU-11,2,0,2025-10-02,2025-10-16,10,0
1597,5,1,SKU-01,2,0,2025-10-02,2025-10-20,12,1
1598,4,2,SKU-03,2,0,2025-10-02,2025-10-16,10,0
1599,5,2,SKU-02,2,0,2025-10-02,2025-10-17,11,1
1600,4,3,SKU-02,2,0,2025-10-02,2025-10-13,7,0
1601,3,3,SKU-14,2,0,2025-10-02,2025-10-15,9,0
1602,3,3,SKU-05,2,0,2025-10-02,2025-10-16,10,0
1603,5,1,SKU-02,2,0,2025-10-02,2025-10-14,8,0
1604,1,2,SKU-12,2,0,2025-10-02,2025-10-15,9,0
1605,2,2,SKU-06,2,0,2025-10-02,2025-10-14,8,0
1606,6,1,SKU-11,2,0,2025-10-02,2025-10-17,11,1
1607,1,3,SKU-02,2,0,2025-10-02,2025-10-15,9,0
1608,5,3,SKU-06,2,0,2025-10-02,2025-10-14,8,0
1609,3,2,SKU-05,2,0,2025-10-02,2025-10-14,8,0
1610,1,1,SKU-12,2,0,2025-10-02,2025-10-14,8,0
1611,1,1,SKU-07,2,0,2025-10-02,2025-10-14,8,0
1612,1,1,SKU-06,2,0,2025-10-02,2025-10-15,9,0
1613,4,1,SKU-03,2,0,2025-10-02,2025-10-16,10,0
1614,3,1,SKU-12,2,0,2025-10-02,2025-10-14,8,0
1615,1,3,SKU-11,2,0,2025-10-02,2025-10-13,7,0
1616,3,2,SKU-03,2,0,2025-10-02,2025-10-10,6,0
1617,2,1,SKU-07,2,0,2025-10-02,2025-10-15,9,0
1618,6,3,SKU-05,2,0,2025-10-02,2025-10-16,10,0
1619,2,2,SKU-03,2,0,2025-10-02,2025-10-16,10,0
1620,6,2,SKU-11,2,0,2025-10-02,2025-10-09,5,0
1621,6,1,SKU-08,2,0,2025-10-03,2025-10-15,8,0
1622,4,2,SKU-01,2,0,2025-10-03,2025-10-16,9,0
1623,5,2,SKU-12,2,0,2025-10-03,2025-10-15,8,0
1624,6,2,SKU-03,2,0,2025-10-03,2025-10-16,9,0
1625,3,3,SKU-15,2,0,2025-10-03,2025-10-14,7,0
1626,1,3,SKU-03,2,0,2025-10-03,2025-10-15,8,0
1627,6,3,SKU-09,2,0,2025-10-03,2025-10-17,10,0
1628,1,3,SKU-01,2,0,2025-10-03,2025-10-15,8,0
1629,5,3,SKU-09,2,0,2025-10-03,2025-10-17,10,0
1630,6,3,SKU-13,2,0,2025-10-03,2025-10-17,10,0
1631,4,1,SKU-05,2,0,2025-10-03,2025-10-13,6,0
1632,1,2,SKU-06,2,0,2025-10-03,2025-10-14,7,0
1633,1,2,SKU-14,2,0,2025-10-03,2025-10-15,8,0
1634,5,2,SKU-07,2,0,2025-10-03,2025-10-17,10,0
1635,2,2,SKU-06,2,0,2025-10-03,2025-10-15,8,0
1636,5,2,SKU-10,2,0,2025-10-03,2025-10-16,9,0
1637,1,2,SKU-07,2,0,2025-10-03,2025-10-17,10,0
1638,1,2,SKU-11,2,0,2025-10-03,2025-10-15,8,0
1639,4,1,SKU-02,2,0,2025-10-03,2025-10-16,9,0
1640,2,1,SKU-11,2,0,2025-10-03,2025-10-15,8,0
1641,6,3,SKU-07,2,0,2025-10-03,2025-10-15,8,0
1642,6,2,SKU-13,2,0,2025-10-03,2025-10-13,6,0
1643,4,1,SKU-09,2,0,2025-10-03,2025-10-16,9,0
1644,3,3,SKU-15,2,0,2025-10-03,2025-10-15,8,0
1645,3,3,SKU-12,2,0,2025-10-03,2025-10-17,10,0
1646,2,1,SKU-15,2,0,2025-10-03,2025-10-17,10,0
1647,1,3,SKU-10,2,0,2025-10-03,2025-10-14,7,0
1648,5,1,SKU-14,2,0,2025-10-03,2025-10-17,10,0
1649,2,3,SKU-14,2,0,2025-10-03,2025-10-16,9,0
1650,4,2,SKU-13,2,0,2025-10-03,2025-10-16,9,0
1651,4,3,SKU-09,2,0,2025-10-03,2025-10-16,9,0
1652,1,3,SKU-05,2,0,2025-10-03,2025-10-15,8,0
1653,5,1,SKU-04,2,0,2025-10-03,2025-10-16,9,0
1654,5,1,SKU-12,2,0,2025-10-03,2025-10-17,10,0
1655,4,2,SKU-01,2,0,2025-10-03,2025-10-16,9,0
1656,6,2,SKU-06,2,0,2025-10-03,2025-10-13,6,0
1657,6,2,SKU-06,2,0,2025-10-03,2025-10-20,11,1
1658,1,3,SKU-02,2,0,2025-10-03,2025-10-16,9,0
1659,4,3,SKU-11,2,0,2025-10-03,2025-10-16,9,0
1660,4,2,SKU-02,2,0,2025-10-03,2025-10-15,8,0
1661,5,2,SKU-10,2,0,2025-10-03,2025-10-17,10,0
1662,6,1,SKU-03,2,0,2025-10-03,2025-10-20,11,1
1663,4,1,SKU-14,2,0,2025-10-03,2025-10-16,9,0
1664,2,2,SKU-07,2,0,2025-10-03,2025-10-16,9,0
1665,3,2,SKU-09,2,0,2025-10-03,2025-10-20,11,1
1666,3,2,SKU-02,2,0,2025-10-03,2025-10-14,7,0
1667,3,3,SKU-10,2,0,2025-10-03,2025-10-17,10,0
1668,1,2,SKU-01,2,0,2025-10-03,2025-10-16,9,0
1669,5,1,SKU-07,2,0,2025-10-03,2025-10-15,8,0
1670,6,3,SKU-02,2,0,2025-10-03,2025-10-17,10,0
1671,5,2,SKU-07,2,0,2025-10-03,2025-10-16,9,0
1672,4,1,SKU-03,2,0,2025-10-03,2025-10-16,9,0
1673,6,1,SKU-07,2,0,2025-10-03,2025-10-16,9,0
1674,2,3,SKU-15,2,0,2025-10-03,2025-10-15,8,0
1675,2,1,SKU-03,2,0,2025-10-03,2025-10-16,9,0
1676,4,3,SKU-10,2,0,2025-10-04,2025-10-13,6,0
1677,4,3,SKU-13,2,0,2025-10-04,2025-10-16,9,0
1678,6,2,SKU-15,2,0,2025-10-04,2025-10-13,6,0
1679,4,2,SKU-04,2,0,2025-10-04,2025-10-15,8,0
1680,4,2,SKU-09,2,0,2025-10-04,2025-10-15,8,0
1681,4,3,SKU-15,2,0,2025-10-04,2025-10-17,10,0
1682,5,3,SKU-14,2,0,2025-10-04,2025-10-15,8,0
1683,1,2,SKU-01,2,0,2025-10-04,2025-10-14,7,0
1684,5,3,SKU-10,2,0,2025-10-04,2025-10-14,7,0
1685,2,1,SKU-11,2,0,2025-10-04,2025-10-16,9,0
1686,1,1,SKU-15,2,0,2025-10-04,2025-10-17,10,0
1687,4,2,SKU-01,2,0,2025-10-04,2025-10-14,7,0
1688,1,1,SKU-05,2,0,2025-10-04,2025-10-15,8,0
1689,4,3,SKU-06,2,0,2025-10-04,2025-10-16,9,0
1690,5,2,SKU-11,2,0,2025-10-04,2025-10-16,9,0
1691,2,2,SKU-01,2,0,2025-10-04,2025-10-16,9,0
1692,4,2,SKU-12,2,0,2025-10-04,2025-10-20,11,1
1693,1,1,SKU-13,2,0,2025-10-04,2025-10-16,9,0
1694,3,2,SKU-12,2,0,2025-10-04,2025-10-17,10,0
1695,5,1,SKU-03,2,0,2025-10-04,2025-10-16,9,0
1696,3,1,SKU-08,2,0,2025-10-04,2025-10-15,8,0
1697,1,3,SKU-03,2,0,2025-10-04,2025-10-16,9,0
1698,3,3,SKU-09,2,0,2025-10-04,2025-10-16,9,0
1699,5,3,SKU-07,2,0,2025-10-04,2025-10-15,8,0
1700,4,1,SKU-01,2,0,2025-10-04,2025-10-14,7,0
1701,6,1,SKU-06,2,0,2025-10-04,2025-10-16,9,0
1702,4,3,SKU-04,2,0,2025-10-04,2025-10-16,9,0
1703,3,3,SKU-02,2,0,2025-10-04,2025-10-15,8,0
1704,3,1,SKU-08,2,0,2025-10-04,2025-10-15,8,0
1705,1,2,SKU-03,2,0,2025-10-04,2025-10-16,9,0
1706,1,1,SKU-02,2,0,2025-10-04,2025-10-15,8,0
1707,4,2,SKU-05,2,0,2025-10-04,2025-10-15,8,0
1708,4,2,SKU-07,2,0,2025-10-04,2025-10-17,10,0
1709,6,2,SKU-12,2,0,2025-10-04,2025-10-16,9,0
1710,6,1,SKU-11,2,0,2025-10-04,2025-10-15,8,0
1711,3,3,SKU-13,2,0,2025-10-04,2025-10-16,9,0
1712,2,1,SKU-03,2,0,2025-10-04,2025-10-16,9,0
1713,2,3,SKU-05,2,0,2025-10-04,2025-10-17,10,0
1714,2,3,SKU-05,2,0,2025-10-04,2025-10-15,8,0
1715,3,1,SKU-11,2,0,2025-10-04,2025-10-17,10,0
1716,4,1,SKU-01,2,0,2025-10-04,2025-10-16,9,0
1717,1,3,SKU-09,2,0,2025-10-04,2025-10-16,9,0
1718,6,3,SKU-01,2,0,2025-10-04,2025-10-15,8,0
1719,1,2,SKU-05,2,0,2025-10-04,2025-10-14,7,0
1720,5,3,SKU-13,2,0,2025-10-04,2025-10-17,10,0
1721,5,2,SKU-14,2,0,2025-10-04,2025-10-13,6,0
1722,2,3,SKU-12,2,0,2025-10-04,2025-10-16,9,0
1723,6,3,SKU-10,2,0,2025-10-04,2025-10-17,10,0
1724,1,2,SKU-05,2,0,2025-10-04,2025-10-16,9,0
1725,4,1,SKU-05,2,0,2025-10-04,2025-10-20,11,1
1726,5,2,SKU-07,2,0,2025-10-04,2025-10-13,6,0
1727,5,3,SKU-14,2,0,2025-10-04,2025-10-15,8,0
1728,6,2,SKU-14,2,0,2025-10-04,2025-10-16,9,0
1729,5,2,SKU-03,2,0,2025-10-04,2025-10-17,10,0
1730,1,2,SKU-08,2,0,2025-10-04,2025-10-17,10,0
1731,3,1,SKU-08,2,0,2025-10-04,2025-10-16,9,0
1732,5,1,SKU-15,2,0,2025-10-05,2025-10-14,7,0
1733,5,2,SKU-11,2,0,2025-10-05,2025-10-15,8,0
1734,1,3,SKU-04,2,0,2025-10-05,2025-10-15,8,0
1735,2,3,SKU-09,2,0,2025-10-05,2025-10-15,8,0
1736,3,2,SKU-06,2,0,2025-10-05,2025-10-17,10,0
1737,2,3,SKU-08,2,0,2025-10-05,2025-10-17,10,0
1738,5,2,SKU-07,2,0,2025-10-05,2025-10-15,8,0
1739,4,3,SKU-02,2,0,2025-10-05,2025-10-16,9,0
1740,6,3,SKU-03,2,0,2025-10-05,2025-10-16,9,0
1741,6,1,SKU-05,2,0,2025-10-05,2025-10-14,7,0
1742,1,1,SKU-07,2,0,2025-10-05,2025-10-16,9,0
1743,6,3,SKU-04,2,0,2025-10-05,2025-10-16,9,0
1744,6,1,SKU-11,2,0,2025-10-05,2025-10-16,9,0
1745,6,1,SKU-08,2,0,2025-10-05,2025-10-14,7,0
1746,4,3,SKU-03,2,0,2025-10-05,2025-10-17,10,0
1747,4,2,SKU-15,2,0,2025-10-05,2025-10-15,8,0
1748,2,2,SKU-10,2,0,2025-10-05,2025-10-15,8,0
1749,4,1,SKU-02,2,0,2025-10-05,2025-10-15,8,0
1750,6,1,SKU-13,2,0,2025-10-05,2025-10-15,8,0
1751,6,1,SKU-12,2,0,2025-10-05,2025-10-16,9,0
1752,1,1,SKU-07,2,0,2025-10-05,2025-10-16,9,0
1753,2,2,SKU-06,2,0,2025-10-05,2025-10-15,8,0
1754,2,1,SKU-10,2,0,2025-10-05,2025-10-15,8,0
1755,1,1,SKU-09,2,0,2025-10-05,2025-10-17,10,0
1756,5,2,SKU-10,2,0,2025-10-05,2025-10-14,7,0
1757,6,3,SKU-06,2,0,2025-10-05,2025-10-17,10,0
1758,2,2,SKU-05,2,0,2025-10-05,2025-10-15,8,0
1759,1,3,SKU-10,2,0,2025-10-05,2025-10-13,6,0
1760,4,3,SKU-07,2,0,2025-10-05,2025-10-16,9,0
1761,4,2,SKU-02,2,0,2025-10-05,2025-10-15,8,0
1762,2,1,SKU-11,2,0,2025-10-05,2025-10-17,10,0
1763,5,1,SKU-13,2,0,2025-10-05,2025-10-13,6,0
1764,3,2,SKU-03,2,0,2025-10-05,2025-10-16,9,0
1765,1,2,SKU-05,2,0,2025-10-05,2025-10-14,7,0
1766,3,1,SKU-10,2,0,2025-10-05,2025-10-14,7,0
1767,3,1,SKU-01,2,0,2025-10-05,2025-10-15,8,0
1768,5,1,SKU-07,2,0,2025-10-05,2025-10-15,8,0
1769,1,2,SKU-11,2,0,2025-10-05,2025-10-17,10,0
1770,2,3,SKU-06,2,0,2025-10-05,2025-10-17,10,0
1771,2,3,SKU-15,2,0,2025-10-05,2025-10-15,8,0
1772,4,3,SKU-14,2,0,2025-10-05,2025-10-16,9,0
1773,5,3,SKU-05,2,0,2025-10-05,2025-10-14,7,0
1774,6,1,SKU-11,2,0,2025-10-05,2025-10-17,10,0
1775,5,2,SKU-03,2,0,2025-10-05,2025-10-16,9,0
1776,2,3,SKU-03,2,0,2025-10-05,2025-10-16,9,0
1777,6,2,SKU-11,2,0,2025-10-05,2025-10-13,6,0
1778,6,1,SKU-08,2,0,2025-10-05,2025-10-17,10,0
1779,6,1,SKU-09,2,0,2025-10-05,2025-10-17,10,0
1780,5,1,SKU-15,2,0,2025-10-05,2025-10-15,8,0
1781,3,1,SKU-15,2,0,2025-10-05,2025-10-14,7,0
1782,2,2,SKU-06,2,0,2025-10-05,2025-10-15,8,0
1783,6,2,SKU-04,2,0,2025-10-05,2025-10-17,10,0
1784,4,1,SKU-01,2,0,2025-10-05,2025-10-14,7,0
1785,1,2,SKU-13,2,0,2025-10-05,2025-10-16,9,0
1786,4,2,SKU-07,2,0,2025-10-05,2025-10-15,8,0
1787,1,2,SKU-02,2,0,2025-10-05,2025-10-17,10,0
1788,1,2,SKU-15,2,0,2025-10-05,2025-10-16,9,0
1789,2,2,SKU-08,2,0,2025-10-05,2025-10-14,7,0
1790,3,3,SKU-11,2,0,2025-10-05,2025-10-16,9,0
1791,3,1,SKU-06,3,0,2025-10-06,2025-10-16,8,0
1792,6,2,SKU-02,3,0,2025-10-06,2025-10-15,7,0
1793,4,3,SKU-08,3,0,2025-10-06,2025-10-15,7,0
1794,2,2,SKU-05,3,0,2025-10-06,2025-10-17,9,0
1795,5,3,SKU-14,3,0,2025-10-06,2025-10-15,7,0
1796,1,3,SKU-08,3,0,2025-10-06,2025-10-16,8,0
1797,2,1,SKU-11,3,0,2025-10-06,2025-10-17,9,0
1798,1,1,SKU-03,3,0,2025-10-06,2025-10-16,8,0
1799,3,3,SKU-11,3,0,2025-10-06,2025-10-16,8,0
1800,3,2,SKU-12,3,0,2025-10-06,2025-10-16,8,0
1801,4,1,SKU-05,3,0,2025-10-06,2025-10-17,9,0
1802,4,2,SKU-15,3,0,2025-10-06,2025-10-17,9,0
1803,2,1,SKU-04,3,0,2025-10-06,2025-10-14,6,0
1804,5,2,SKU-06,3,0,2025-10-06,2025-10-20,10,0
1805,5,3,SKU-06,3,0,2025-10-06,2025-10-16,8,0
1806,2,3,SKU-08,3,0,2025-10-06,2025-10-15,7,0
1807,6,3,SKU-08,3,0,2025-10-06,2025-10-15,7,0
1808,5,3,SKU-04,3,0,2025-10-06,2025-10-17,9,0
1809,2,3,SKU-05,3,0,2025-10-06,2025-10-16,8,0
1810,2,2,SKU-15,3,0,2025-10-06,2025-10-14,6,0
1811,3,2,SKU-07,3,0,2025-10-06,2025-10-17,9,0
1812,6,1,SKU-03,3,0,2025-10-06,2025-10-14,6,0
1813,4,1,SKU-03,3,0,2025-10-06,2025-10-16,8,0
1814,4,2,SKU-08,3,0,2025-10-06,2025-10-17,9,0
1815,4,3,SKU-14,3,0,2025-10-06,2025-10-16,8,0
1816,2,2,SKU-03,3,0,2025-10-06,2025-10-17,9,0
1817,3,3,SKU-11,3,0,2025-10-06,2025-10-15,7,0
1818,6,1,SKU-09,3,0,2025-10-06,2025-10-17,9,0
1819,1,2,SKU-02,3,0,2025-10-06,2025-10-17,9,0
1820,2,3,SKU-08,3,0,2025-10-06,2025-10-17,9,0
1821,6,3,SKU-04,3,0,2025-10-06,2025-10-17,9,0
1822,4,1,SKU-10,3,0,2025-10-06,2025-10-15,7,0
1823,6,3,SKU-09,3,0,2025-10-06,2025-10-16,8,0
1824,2,1,SKU-07,3,0,2025-10-06,2025-10-20,10,0
1825,2,2,SKU-09,3,0,2025-10-06,2025-10-17,9,0
1826,2,1,SKU-13,3,0,2025-10-06,2025-10-17,9,0
1827,6,1,SKU-04,3,0,2025-10-06,2025-10-16,8,0
1828,3,1,SKU-06,3,0,2025-10-06,2025-10-15,7,0
1829,4,2,SKU-02,3,0,2025-10-06,2025-10-17,9,0
1830,6,1,SKU-04,3,0,2025-10-06,2025-10-15,7,0
1831,5,2,SKU-11,3,0,2025-10-06,2025-10-15,7,0
1832,6,3,SKU-14,3,0,2025-10-06,2025-10-16,8,0
1833,1,1,SKU-13,3,0,2025-10-06,2025-10-16,8,0
1834,1,2,SKU-14,3,0,2025-10-06,2025-10-16,8,0
1835,4,1,SKU-11,3,0,2025-10-06,2025-10-17,9,0
1836,4,3,SKU-08,3,0,2025-10-06,2025-10-16,8,0
1837,6,3,SKU-05,3,0,2025-10-06,2025-10-17,9,0
1838,5,3,SKU-10,3,0,2025-10-06,2025-10-20,10,0
1839,1,1,SKU-04,3,0,2025-10-06,2025-10-15,7,0
1840,4,3,SKU-11,3,0,2025-10-06,2025-10-22,12,1
1841,5,2,SKU-09,3,0,2025-10-06,2025-10-20,10,0
1842,4,3,SKU-14,3,0,2025-10-06,2025-10-14,6,0
1843,3,1,SKU-09,3,0,2025-10-06,2025-10-15,7,0
1844,4,1,SKU-13,3,0,2025-10-06,2025-10-21,11,1
1845,2,2,SKU-12,3,0,2025-10-06,2025-10-17,9,0
1846,3,3,SKU-15,3,0,2025-10-06,2025-10-16,8,0
1847,3,3,SKU-12,3,0,2025-10-07,2025-10-20,9,0
1848,6,3,SKU-07,3,0,2025-10-07,2025-10-17,8,0
1849,5,3,SKU-13,3,0,2025-10-07,2025-10-20,9,0
1850,1,1,SKU-11,3,0,2025-10-07,2025-10-20,9,0
1851,1,3,SKU-05,3,0,2025-10-07,2025-10-20,9,0
1852,4,2,SKU-07,3,0,2025-10-07,2025-10-20,9,0
1853,1,1,SKU-11,3,0,2025-10-07,2025-10-21,10,0
1854,2,1,SKU-09,3,0,2025-10-07,2025-10-20,9,0
1855,3,3,SKU-05,3,0,2025-10-07,2025-10-17,8,0
1856,1,2,SKU-04,3,0,2025-10-07,2025-10-21,10,0
1857,6,3,SKU-08,3,0,2025-10-07,2025-10-22,11,1
1858,5,1,SKU-07,3,0,2025-10-07,2025-10-21,10,0
1859,4,3,SKU-07,3,0,2025-10-07,2025-10-21,10,0
1860,4,3,SKU-14,3,0,2025-10-07,2025-10-20,9,0
1861,4,3,SKU-09,3,0,2025-10-07,2025-10-17,8,0
1862,5,1,SKU-01,3,0,2025-10-07,2025-10-20,9,0
1863,4,1,SKU-12,3,0,2025-10-07,2025-10-22,11,1
1864,1,2,SKU-08,3,0,2025-10-07,2025-10-17,8,0
1865,4,3,SKU-12,3,0,2025-10-07,2025-10-17,8,0
1866,6,1,SKU-08,3,0,2025-10-07,2025-10-20,9,0
1867,2,1,SKU-03,3,0,2025-10-07,2025-10-21,10,0
1868,3,1,SKU-15,3,0,2025-10-07,2025-10-20,9,0
1869,3,1,SKU-02,3,0,2025-10-07,2025-10-20,9,0
1870,5,1,SKU-06,3,0,2025-10-07,2025-10-22,11,1
1871,2,1,SKU-01,3,0,2025-10-07,2025-10-17,8,0
1872,2,2,SKU-15,3,0,2025-10-07,2025-10-20,9,0
1873,3,3,SKU-12,3,0,2025-10-07,2025-10-22,11,1
1874,6,1,SKU-07,3,0,2025-10-07,2025-10-20,9,0
1875,3,2,SKU-02,3,0,2025-10-07,2025-10-16,7,0
1876,3,1,SKU-11,3,0,2025-10-07,2025-10-17,8,0
1877,4,2,SKU-09,3,0,2025-10-07,2025-10-17,8,0
1878,4,2,SKU-04,3,0,2025-10-07,2025-10-17,8,0
1879,4,1,SKU-06,3,0,2025-10-07,2025-10-16,7,0
1880,3,2,SKU-12,3,0,2025-10-07,2025-10-20,9,0
1881,4,1,SKU-08,3,0,2025-10-07,2025-10-20,9,0
1882,6,1,SKU-04,3,0,2025-10-07,2025-10-21,10,0
1883,3,2,SKU-02,3,0,2025-10-07,2025-10-15,6,0
1884,6,1,SKU-13,3,0,2025-10-07,2025-10-17,8,0
1885,2,2,SKU-14,3,0,2025-10-07,2025-10-17,8,0
1886,4,2,SKU-01,3,0,2025-10-07,2025-10-17,8,0
1887,5,3,SKU-06,3,0,2025-10-07,2025-10-22,11,1
1888,5,1,SKU-14,3,0,2025-10-07,2025-10-20,9,0
1889,5,1,SKU-02,3,0,2025-10-07,2025-10-22,11,1
1890,5,1,SKU-10,3,0,2025-10-07,2025-10-21,10,0
1891,4,3,SKU-05,3,0,2025-10-07,2025-10-17,8,0
1892,6,3,SKU-06,3,0,2025-10-07,2025-10-15,6,0
1893,5,2,SKU-10,3,0,2025-10-07,2025-10-17,8,0
1894,2,3,SKU-11,3,0,2025-10-07,2025-10-15,6,0
1895,5,3,SKU-09,3,0,2025-10-07,2025-10-15,6,0
1896,3,1,SKU-09,3,0,2025-10-07,2025-10-21,10,0
1897,4,2,SKU-03,3,0,2025-10-07,2025-10-16,7,0
1898,3,1,SKU-09,3,0,2025-10-07,2025-10-17,8,0
1899,5,3,SKU-03,3,0,2025-10-07,2025-10-20,9,0
1900,6,1,SKU-12,3,0,2025-10-07,2025-10-17,8,0
1901,6,1,SKU-01,3,0,2025-10-07,2025-10-15,6,0
1902,3,2,SKU-13,3,0,2025-10-07,2025-10-15,6,0
1903,1,1,SKU-14,3,0,2025-10-07,2025-10-21,10,0
1904,3,2,SKU-12,3,0,2025-10-07,2025-10-20,9,0
1905,4,2,SKU-03,3,0,2025-10-07,2025-10-20,9,0
1906,1,3,SKU-10,3,0,2025-10-07,2025-10-16,7,0
1907,3,1,SKU-07,3,0,2025-10-07,2025-10-16,7,0
1908,5,2,SKU-01,3,0,2025-10-07,2025-10-14,5,0
1909,1,3,SKU-13,3,0,2025-10-07,2025-10-20,9,0
1910,4,3,SKU-01,3,0,2025-10-07,2025-10-17,8,0
1911,2,2,SKU-05,3,0,2025-10-07,2025-10-20,9,0
1912,2,1,SKU-02,3,0,2025-10-08,2025-10-20,8,0
1913,2,1,SKU-01,3,0,2025-10-08,2025-10-20,8,0
1914,1,3,SKU-14,3,0,2025-10-08,2025-10-20,8,0
1915,1,2,SKU-13,3,0,2025-10-08,2025-10-20,8,0
1916,3,3,SKU-15,3,0,2025-10-08,2025-10-20,8,0
1917,5,2,SKU-08,3,0,2025-10-08,2025-10-21,9,0
1918,5,3,SKU-07,3,0,2025-10-08,2025-10-21,9,0
1919,1,2,SKU-10,3,0,2025-10-08,2025-10-21,9,0
1920,2,3,SKU-06,3,0,2025-10-08,2025-10-21,9,0
1921,4,3,SKU-12,3,0,2025-10-08,2025-10-17,7,0
1922,3,2,SKU-12,3,0,2025-10-08,2025-10-21,9,0
1923,6,3,SKU-06,3,0,2025-10-08,2025-10-17,7,0
1924,1,1,SKU-15,3,0,2025-10-08,2025-10-21,9,0
1925,4,1,SKU-08,3,0,2025-10-08,2025-10-20,8,0
1926,4,1,SKU-15,3,0,2025-10-08,2025-10-20,8,0
1927,6,3,SKU-14,3,0,2025-10-08,2025-10-20,8,0
1928,3,2,SKU-03,3,0,2025-10-08,2025-10-22,10,0
1929,5,1,SKU-03,3,0,2025-10-08,2025-10-23,11,1
1930,3,3,SKU-08,3,0,2025-10-08,2025-10-22,10,0
1931,3,3,SKU-15,3,0,2025-10-08,2025-10-21,9,0
1932,1,2,SKU-09,3,0,2025-10-08,2025-10-23,11,1
1933,5,1,SKU-01,3,0,2025-10-08,2025-10-21,9,0
1934,5,1,SKU-13,3,0,2025-10-08,2025-10-21,9,0
1935,1,3,SKU-04,3,0,2025-10-08,2025-10-21,9,0
1936,2,3,SKU-02,3,0,2025-10-08,2025-10-23,11,1
1937,2,3,SKU-08,3,0,2025-10-08,2025-10-20,8,0
1938,5,1,SKU-14,3,0,2025-10-08,2025-10-22,10,0
1939,1,2,SKU-15,3,0,2025-10-08,2025-10-20,8,0
1940,5,1,SKU-05,3,0,2025-10-08,2025-10-23,11,1
1941,6,3,SKU-03,3,0,2025-10-08,2025-10-23,11,1
1942,2,3,SKU-07,3,0,2025-10-08,2025-10-20,8,0
1943,3,2,SKU-06,3,0,2025-10-08,2025-10-20,8,0
1944,1,3,SKU-14,3,0,2025-10-08,2025-10-20,8,0
1945,6,1,SKU-05,3,0,2025-10-08,2025-10-20,8,0
1946,1,2,SKU-07,3,0,2025-10-08,2025-10-21,9,0
1947,5,2,SKU-13,3,0,2025-10-08,2025-10-20,8,0
1948,3,3,SKU-13,3,0,2025-10-08,2025-10-21,9,0
1949,2,3,SKU-06,3,0,2025-10-08,2025-10-20,8,0
1950,1,1,SKU-02,3,0,2025-10-08,2025-10-20,8,0
1951,4,3,SKU-05,3,0,2025-10-08,2025-10-22,10,0
1952,6,3,SKU-01,3,0,2025-10-08,2025-10-20,8,0
1953,5,3,SKU-09,3,0,2025-10-08,2025-10-20,8,0
1954,3,2,SKU-12,3,0,2025-10-08,2025-10-22,10,0
1955,3,3,SKU-08,3,0,2025-10-08,2025-10-23,11,1
1956,4,2,SKU-01,3,0,2025-10-08,2025-10-21,9,0
1957,5,3,SKU-02,3,0,2025-10-08,2025-10-22,10,0
1958,4,2,SKU-13,3,0,2025-10-08,2025-10-22,10,0
1959,3,2,SKU-12,3,0,2025-10-08,2025-10-17,7,0
1960,2,1,SKU-07,3,0,2025-10-08,2025-10-17,7,0
1961,4,3,SKU-10,3,0,2025-10-09,2025-10-21,8,0
1962,6,2,SKU-02,3,0,2025-10-09,2025-10-21,8,0
1963,3,3,SKU-07,3,0,2025-10-09,2025-10-23,10,0
1964,6,3,SKU-08,3,0,2025-10-09,2025-10-21,8,0
1965,4,2,SKU-10,3,0,2025-10-09,2025-10-22,9,0
1966,3,3,SKU-03,3,0,2025-10-09,2025-10-22,9,0
1967,2,1,SKU-06,3,0,2025-10-09,2025-10-20,7,0
1968,6,1,SKU-10,3,0,2025-10-09,2025-10-22,9,0
1969,3,3,SKU-01,3,0,2025-10-09,2025-10-23,10,0
1970,6,3,SKU-11,3,0,2025-10-09,2025-10-21,8,0
1971,1,3,SKU-07,3,0,2025-10-09,2025-10-23,10,0
1972,1,2,SKU-06,3,0,2025-10-09,2025-10-20,7,0
1973,5,2,SKU-02,3,0,2025-10-09,2025-10-21,8,0
1974,6,3,SKU-04,3,0,2025-10-09,2025-10-23,10,0
1975,2,1,SKU-14,3,0,2025-10-09,2025-10-24,11,1
1976,6,2,SKU-10,3,0,2025-10-09,2025-10-22,9,0
1977,2,2,SKU-03,3,0,2025-10-09,2025-10-22,9,0
1978,6,3,SKU-02,3,0,2025-10-09,2025-10-20,7,0
1979,4,3,SKU-13,3,0,2025-10-09,2025-10-16,5,0
1980,1,2,SKU-08,3,0,2025-10-09,2025-10-21,8,0
1981,4,1,SKU-06,3,0,2025-10-09,2025-10-21,8,0
1982,3,1,SKU-10,3,0,2025-10-09,2025-10-22,9,0
1983,2,2,SKU-08,3,0,2025-10-09,2025-10-20,7,0
1984,5,1,SKU-08,3,0,2025-10-09,2025-10-21,8,0
1985,1,2,SKU-01,3,0,2025-10-09,2025-10-22,9,0
1986,3,3,SKU-10,3,0,2025-10-09,2025-10-21,8,0
1987,6,2,SKU-13,3,0,2025-10-09,2025-10-21,8,0
1988,3,1,SKU-12,3,0,2025-10-09,2025-10-22,9,0
1989,1,1,SKU-13,3,0,2025-10-09,2025-10-22,9,0
1990,4,1,SKU-05,3,0,2025-10-09,2025-10-23,10,0
1991,5,2,SKU-13,3,0,2025-10-09,2025-10-23,10,0
1992,5,3,SKU-05,3,0,2025-10-09,2025-10-20,7,0
1993,6,3,SKU-13,3,0,2025-10-09,2025-10-22,9,0
1994,1,3,SKU-03,3,0,2025-10-09,2025-10-22,9,0
1995,6,1,SKU-01,3,0,2025-10-09,2025-10-22,9,0
1996,6,1,SKU-14,3,0,2025-10-09,2025-10-21,8,0
1997,5,1,SKU-09,3,0,2025-10-09,2025-10-22,9,0
1998,5,1,SKU-06,3,0,2025-10-09,2025-10-20,7,0
1999,3,1,SKU-10,3,0,2025-10-09,2025-10-21,8,0
2000,3,2,SKU-14,3,0,2025-10-09,2025-10-20,7,0
2001,4,3,SKU-13,3,0,2025-10-09,2025-10-21,8,0
2002,1,1,SKU-12,3,0,2025-10-09,2025-10-22,9,0
2003,3,3,SKU-12,3,0,2025-10-09,2025-10-21,8,0
2004,4,3,SKU-04,3,0,2025-10-09,2025-10-20,7,0
2005,1,3,SKU-04,3,0,2025-10-09,2025-10-23,10,0
2006,6,3,SKU-06,3,0,2025-10-09,2025-10-23,10,0
2007,5,3,SKU-07,3,0,2025-10-09,2025-10-23,10,0
2008,5,1,SKU-06,3,0,2025-10-09,2025-10-23,10,0
2009,1,1,SKU-10,3,0,2025-10-09,2025-10-20,7,0
2010,2,1,SKU-09,3,0,2025-10-09,2025-10-22,9,0
2011,4,2,SKU-07,3,0,2025-10-09,2025-10-21,8,0
2012,3,1,SKU-12,3,0,2025-10-09,2025-10-17,6,0
2013,2,1,SKU-07,3,0,2025-10-09,2025-10-23,10,0
2014,1,3,SKU-04,3,0,2025-10-09,2025-10-17,6,0
2015,1,2,SKU-03,3,0,2025-10-09,2025-10-23,10,0
2016,1,2,SKU-07,3,0,2025-10-09,2025-10-20,7,0
2017,5,3,SKU-02,3,0,2025-10-09,2025-10-22,9,0
2018,1,2,SKU-13,3,0,2025-10-09,2025-10-17,6,0
2019,2,2,SKU-02,3,0,2025-10-09,2025-10-27,12,1
2020,2,2,SKU-12,3,0,2025-10-09,2025-10-22,9,0
2021,4,1,SKU-08,3,0,2025-10-09,2025-10-22,9,0
2022,4,2,SKU-05,3,0,2025-10-09,2025-10-22,9,0
2023,5,1,SKU-14,3,0,2025-10-09,2025-10-20,7,0
2024,4,1,SKU-13,3,0,2025-10-09,2025-10-22,9,0
2025,1,2,SKU-02,3,0,2025-10-09,2025-10-21,8,0
2026,4,3,SKU-11,3,0,2025-10-09,2025-10-20,7,0
2027,6,2,SKU-07,3,0,2025-10-09,2025-10-22,9,0
2028,6,2,SKU-15,3,0,2025-10-09,2025-10-21,8,0
2029,3,3,SKU-13,3,0,2025-10-09,2025-10-23,10,0
2030,6,1,SKU-13,3,0,2025-10-10,2025-10-23,9,0
2031,2,1,SKU-01,3,0,2025-10-10,2025-10-24,10,0
2032,4,1,SKU-10,3,0,2025-10-10,2025-10-23,9,0
2033,4,3,SKU-06,3,0,2025-10-10,2025-10-21,7,0
2034,1,1,SKU-12,3,0,2025-10-10,2025-10-24,10,0
2035,2,3,SKU-14,3,0,2025-10-10,2025-10-21,7,0
2036,5,2,SKU-13,3,0,2025-10-10,2025-10-27,11,1
2037,4,1,SKU-02,3,0,2025-10-10,2025-10-22,8,0
2038,2,2,SKU-15,3,0,2025-10-10,2025-10-28,12,1
2039,1,2,SKU-01,3,0,2025-10-10,2025-10-23,9,0
2040,3,3,SKU-04,3,0,2025-10-10,2025-10-22,8,0
2041,6,1,SKU-05,3,0,2025-10-10,2025-10-21,7,0
2042,2,1,SKU-02,3,0,2025-10-10,2025-10-23,9,0
2043,3,3,SKU-07,3,0,2025-10-10,2025-10-22,8,0
2044,3,2,SKU-14,3,0,2025-10-10,2025-10-22,8,0
2045,2,1,SKU-13,3,0,2025-10-10,2025-10-24,10,0
2046,4,3,SKU-01,3,0,2025-10-10,2025-10-23,9,0
2047,5,3,SKU-09,3,0,2025-10-10,2025-10-24,10,0
2048,1,3,SKU-14,3,0,2025-10-10,2025-10-23,9,0
2049,5,2,SKU-02,3,0,2025-10-10,2025-10-22,8,0
2050,6,1,SKU-14,3,0,2025-10-10,2025-10-23,9,0
2051,2,2,SKU-11,3,0,2025-10-10,2025-10-22,8,0
2052,4,1,SKU-09,3,0,2025-10-10,2025-10-21,7,0
2053,4,3,SKU-15,3,0,2025-10-10,2025-10-24,10,0
2054,5,1,SKU-12,3,0,2025-10-10,2025-10-22,8,0
2055,6,2,SKU-03,3,0,2025-10-10,2025-10-23,9,0
2056,5,1,SKU-13,3,0,2025-10-10,2025-10-24,10,0
2057,6,3,SKU-02,3,0,2025-10-10,2025-10-24,10,0
2058,1,1,SKU-10,3,0,2025-10-10,2025-10-24,10,0
2059,3,3,SKU-14,3,0,2025-10-10,2025-10-27,11,1
2060,6,1,SKU-14,3,0,2025-10-10,2025-10-22,8,0
2061,3,2,SKU-03,3,0,2025-10-10,2025-10-22,8,0
2062,3,2,SKU-05,3,0,2025-10-10,2025-10-23,9,0
2063,5,1,SKU-08,3,0,2025-10-10,2025-10-21,7,0
2064,4,2,SKU-11,3,0,2025-10-10,2025-10-24,10,0
2065,5,1,SKU-05,3,0,2025-10-10,2025-10-21,7,0
2066,1,2,SKU-15,3,0,2025-10-10,2025-10-23,9,0
2067,5,3,SKU-09,3,0,2025-10-10,2025-10-23,9,0
2068,3,1,SKU-13,3,0,2025-10-10,2025-10-22,8,0
2069,4,1,SKU-13,3,0,2025-10-10,2025-10-21,7,0
2070,4,3,SKU-01,3,0,2025-10-10,2025-10-27,11,1
2071,4,2,SKU-14,3,0,2025-10-10,2025-10-27,11,1
2072,6,1,SKU-02,3,0,2025-10-10,2025-10-22,8,0
2073,4,2,SKU-04,3,0,2025-10-10,2025-10-23,9,0
2074,2,2,SKU-01,3,0,2025-10-10,2025-10-23,9,0
2075,6,1,SKU-07,3,0,2025-10-10,2025-10-23,9,0
2076,2,3,SKU-04,3,0,2025-10-10,2025-10-23,9,0
2077,2,2,SKU-15,3,0,2025-10-10,2025-10-21,7,0
2078,4,2,SKU-04,3,0,2025-10-10,2025-10-27,11,1
2079,2,3,SKU-10,3,0,2025-10-10,2025-10-24,10,0
2080,1,2,SKU-01,3,0,2025-10-10,2025-10-24,10,0
2081,4,1,SKU-06,3,0,2025-10-10,2025-10-23,9,0
2082,2,3,SKU-15,3,0,2025-10-10,2025-10-22,8,0
2083,2,2,SKU-02,3,0,2025-10-10,2025-10-24,10,0
2084,5,2,SKU-06,3,0,2025-10-10,2025-10-23,9,0
2085,2,1,SKU-12,3,0,2025-10-11,2025-10-24,10,0
2086,1,3,SKU-05,3,0,2025-10-11,2025-10-24,10,0
2087,3,3,SKU-04,3,0,2025-10-11,2025-10-22,8,0
2088,6,1,SKU-01,3,0,2025-10-11,2025-10-23,9,0
2089,1,1,SKU-11,3,0,2025-10-11,2025-10-24,10,0
2090,5,3,SKU-01,3,0,2025-10-11,2025-10-23,9,0
2091,4,3,SKU-10,3,0,2025-10-11,2025-10-22,8,0
2092,5,1,SKU-08,3,0,2025-10-11,2025-10-23,9,0
2093,6,2,SKU-09,3,0,2025-10-11,2025-10-22,8,0
2094,5,3,SKU-02,3,0,2025-10-11,2025-10-24,10,0
2095,4,3,SKU-09,3,0,2025-10-11,2025-10-22,8,0
2096,4,1,SKU-06,3,0,2025-10-11,2025-10-23,9,0
2097,6,1,SKU-10,3,0,2025-10-11,2025-10-27,11,1
2098,2,1,SKU-13,3,0,2025-10-11,2025-10-23,9,0
2099,5,3,SKU-03,3,0,2025-10-11,2025-10-23,9,0
2100,4,1,SKU-15,3,0,2025-10-11,2025-10-23,9,0
2101,6,1,SKU-04,3,0,2025-10-11,2025-10-21,7,0
2102,5,1,SKU-10,3,0,2025-10-11,2025-10-28,12,1
2103,1,3,SKU-06,3,0,2025-10-11,2025-10-21,7,0
2104,3,2,SKU-09,3,0,2025-10-11,2025-10-24,10,0
2105,4,2,SKU-08,3,0,2025-10-11,2025-10-23,9,0
2106,4,1,SKU-03,3,0,2025-10-11,2025-10-23,9,0
2107,2,1,SKU-13,3,0,2025-10-11,2025-10-24,10,0
2108,6,3,SKU-11,3,0,2025-10-11,2025-10-23,9,0
2109,2,2,SKU-03,3,0,2025-10-11,2025-10-23,9,0
2110,3,2,SKU-08,3,0,2025-10-11,2025-10-23,9,0
2111,6,2,SKU-15,3,0,2025-10-11,2025-10-24,10,0
2112,1,3,SKU-05,3,0,2025-10-11,2025-10-24,10,0
2113,1,1,SKU-07,3,0,2025-10-11,2025-10-22,8,0
2114,2,2,SKU-08,3,0,2025-10-11,2025-10-27,11,1
2115,1,1,SKU-05,3,0,2025-10-11,2025-10-23,9,0
2116,6,3,SKU-13,3,0,2025-10-11,2025-10-23,9,0
2117,4,2,SKU-10,3,0,2025-10-11,2025-10-23,9,0
2118,4,1,SKU-07,3,0,2025-10-11,2025-10-27,11,1
2119,2,1,SKU-14,3,0,2025-10-11,2025-10-23,9,0
2120,2,2,SKU-04,3,0,2025-10-11,2025-10-24,10,0
2121,4,1,SKU-11,3,0,2025-10-11,2025-10-22,8,0
2122,1,3,SKU-03,3,0,2025-10-11,2025-10-23,9,0
2123,5,3,SKU-05,3,0,2025-10-11,2025-10-23,9,0
2124,3,1,SKU-07,3,0,2025-10-11,2025-10-22,8,0
2125,4,1,SKU-15,3,0,2025-10-12,2025-10-21,7,0
2126,2,2,SKU-06,3,0,2025-10-12,2025-10-23,9,0
2127,6,3,SKU-15,3,0,2025-10-12,2025-10-22,8,0
2128,4,1,SKU-09,3,0,2025-10-12,2025-10-22,8,0
2129,5,3,SKU-13,3,0,2025-10-12,2025-10-21,7,0
2130,3,2,SKU-14,3,0,2025-10-12,2025-10-24,10,0
2131,4,2,SKU-09,3,0,2025-10-12,2025-10-23,9,0
2132,5,2,SKU-11,3,0,2025-10-12,2025-10-24,10,0
2133,6,3,SKU-01,3,0,2025-10-12,2025-10-20,6,0
2134,2,3,SKU-06,3,0,2025-10-12,2025-10-23,9,0
2135,2,1,SKU-05,3,0,2025-10-12,2025-10-22,8,0
2136,3,2,SKU-07,3,0,2025-10-12,2025-10-22,8,0
2137,1,1,SKU-09,3,0,2025-10-12,2025-10-24,10,0
2138,3,2,SKU-10,3,0,2025-10-12,2025-10-22,8,0
2139,4,2,SKU-12,3,0,2025-10-12,2025-10-24,10,0
2140,2,1,SKU-02,3,0,2025-10-12,2025-10-22,8,0
2141,6,3,SKU-02,3,0,2025-10-12,2025-10-23,9,0
2142,3,2,SKU-09,3,0,2025-10-12,2025-10-23,9,0
2143,3,2,SKU-04,3,0,2025-10-12,2025-10-23,9,0
2144,6,2,SKU-08,3,0,2025-10-12,2025-10-22,8,0
2145,6,1,SKU-07,3,0,2025-10-12,2025-10-22,8,0
2146,6,3,SKU-11,3,0,2025-10-12,2025-10-21,7,0
2147,6,1,SKU-02,3,0,2025-10-12,2025-10-21,7,0
2148,4,2,SKU-07,3,0,2025-10-12,2025-10-24,10,0
2149,4,1,SKU-02,3,0,2025-10-12,2025-10-22,8,0
2150,2,2,SKU-05,3,0,2025-10-12,2025-10-23,9,0
2151,2,1,SKU-07,3,0,2025-10-12,2025-10-24,10,0
2152,6,2,SKU-11,3,0,2025-10-12,2025-10-23,9,0
2153,6,2,SKU-02,3,0,2025-10-12,2025-10-24,10,0
2154,6,3,SKU-04,3,0,2025-10-12,2025-10-24,10,0
2155,5,1,SKU-14,3,0,2025-10-12,2025-10-21,7,0
2156,4,2,SKU-06,3,0,2025-10-12,2025-10-24,10,0
2157,5,1,SKU-03,3,0,2025-10-12,2025-10-23,9,0
2158,4,2,SKU-04,3,0,2025-10-12,2025-10-23,9,0
2159,3,1,SKU-13,3,0,2025-10-12,2025-10-24,10,0
2160,5,3,SKU-07,3,0,2025-10-12,2025-10-22,8,0
2161,5,2,SKU-08,3,0,2025-10-12,2025-10-21,7,0
2162,1,1,SKU-11,3,0,2025-10-12,2025-10-22,8,0
2163,2,1,SKU-03,3,0,2025-10-12,2025-10-24,10,0
2164,3,2,SKU-06,3,0,2025-10-12,2025-10-22,8,0
2165,3,3,SKU-06,3,0,2025-10-12,2025-10-24,10,0
2166,5,1,SKU-07,3,0,2025-10-12,2025-10-27,11,1
2167,6,3,SKU-02,3,0,2025-10-12,2025-10-21,7,0
2168,6,2,SKU-10,3,0,2025-10-12,2025-10-23,9,0
2169,1,2,SKU-04,3,0,2025-10-12,2025-10-23,9,0
2170,1,3,SKU-02,3,0,2025-10-12,2025-10-23,9,0
2171,6,1,SKU-14,3,0,2025-10-12,2025-10-21,7,0
2172,6,3,SKU-03,3,0,2025-10-12,2025-10-21,7,0
2173,2,3,SKU-03,3,0,2025-10-12,2025-10-23,9,0
2174,4,2,SKU-03,3,0,2025-10-12,2025-10-22,8,0
2175,3,2,SKU-08,3,0,2025-10-12,2025-10-23,9,0
2176,3,3,SKU-03,3,0,2025-10-12,2025-10-23,9,0
2177,4,3,SKU-15,3,0,2025-10-12,2025-10-22,8,0
2178,5,3,SKU-09,3,0,2025-10-12,2025-10-23,9,0
2179,4,1,SKU-01,3,0,2025-10-12,2025-10-23,9,0
2180,5,3,SKU-02,3,0,2025-10-12,2025-10-24,10,0
2181,3,1,SKU-07,3,0,2025-10-12,2025-10-20,6,0
2182,2,3,SKU-11,3,0,2025-10-12,2025-10-27,11,1
2183,6,2,SKU-09,3,0,2025-10-12,2025-10-23,9,0
2184,1,2,SKU-05,3,0,2025-10-12,2025-10-22,8,0
2185,6,3,SKU-05,3,0,2025-10-12,2025-10-23,9,0
2186,1,2,SKU-06,4,0,2025-10-13,2025-10-27,10,0
2187,1,2,SKU-10,4,0,2025-10-13,2025-10-24,9,0
2188,3,1,SKU-02,4,0,2025-10-13,2025-10-27,10,0
2189,6,2,SKU-10,4,0,2025-10-13,2025-10-24,9,0
2190,5,3,SKU-01,4,0,2025-10-13,2025-10-23,8,0
2191,6,3,SKU-11,4,0,2025-10-13,2025-10-22,7,0
2192,4,2,SKU-05,4,0,2025-10-13,2025-10-28,11,1
2193,3,1,SKU-06,4,0,2025-10-13,2025-10-22,7,0
2194,1,3,SKU-12,4,0,2025-10-13,2025-10-23,8,0
2195,2,3,SKU-01,4,0,2025-10-13,2025-10-27,10,0
2196,1,3,SKU-08,4,0,2025-10-13,2025-10-21,6,0
2197,5,3,SKU-14,4,0,2025-10-13,2025-10-23,8,0
2198,3,2,SKU-06,4,0,2025-10-13,2025-10-28,11,1
2199,1,1,SKU-03,4,0,2025-10-13,2025-10-22,7,0
2200,4,2,SKU-13,4,0,2025-10-13,2025-10-27,10,0
2201,2,3,SKU-01,4,0,2025-10-13,2025-10-27,10,0
2202,3,3,SKU-10,4,0,2025-10-13,2025-10-24,9,0
2203,1,3,SKU-11,4,0,2025-10-13,2025-10-20,5,0
2204,5,1,SKU-07,4,0,2025-10-13,2025-10-23,8,0
2205,1,1,SKU-09,4,0,2025-10-13,2025-10-23,8,0
2206,3,3,SKU-13,4,0,2025-10-13,2025-10-24,9,0
2207,3,2,SKU-03,4,0,2025-10-13,2025-10-28,11,1
2208,5,2,SKU-02,4,0,2025-10-13,2025-10-24,9,0
2209,3,3,SKU-06,4,0,2025-10-13,2025-10-24,9,0
2210,1,2,SKU-06,4,0,2025-10-13,2025-10-23,8,0
2211,2,1,SKU-07,4,0,2025-10-13,2025-10-27,10,0
2212,3,1,SKU-01,4,0,2025-10-13,2025-10-23,8,0
2213,4,2,SKU-04,4,0,2025-10-13,2025-10-23,8,0
2214,4,3,SKU-02,4,0,2025-10-13,2025-10-22,7,0
2215,4,1,SKU-11,4,0,2025-10-13,2025-10-24,9,0
2216,1,3,SKU-02,4,0,2025-10-13,2025-10-22,7,0
2217,2,3,SKU-13,4,0,2025-10-13,2025-10-24,9,0
2218,4,2,SKU-11,4,0,2025-10-13,2025-10-27,10,0
2219,4,1,SKU-14,4,0,2025-10-13,2025-10-22,7,0
2220,6,2,SKU-03,4,0,2025-10-13,2025-10-22,7,0
2221,1,2,SKU-13,4,0,2025-10-13,2025-10-24,9,0
2222,6,1,SKU-01,4,0,2025-10-13,2025-10-27,10,0
2223,5,3,SKU-03,4,0,2025-10-13,2025-10-27,10,0
2224,4,2,SKU-09,4,0,2025-10-13,2025-10-24,9,0
2225,4,2,SKU-14,4,0,2025-10-13,2025-10-23,8,0
2226,5,2,SKU-03,4,0,2025-10-13,2025-10-27,10,0
2227,6,1,SKU-08,4,0,2025-10-13,2025-10-24,9,0
2228,5,2,SKU-04,4,0,2025-10-13,2025-10-27,10,0
2229,3,2,SKU-09,4,0,2025-10-13,2025-10-23,8,0
2230,4,2,SKU-01,4,0,2025-10-13,2025-10-23,8,0
2231,5,3,SKU-11,4,0,2025-10-13,2025-10-23,8,0
2232,1,3,SKU-05,4,0,2025-10-13,2025-10-24,9,0
2233,4,1,SKU-06,4,0,2025-10-13,2025-10-22,7,0
2234,3,2,SKU-06,4,0,2025-10-13,2025-10-23,8,0
2235,6,2,SKU-10,4,0,2025-10-13,2025-10-22,7,0
2236,1,2,SKU-02,4,0,2025-10-13,2025-10-27,10,0
2237,5,2,SKU-10,4,0,2025-10-13,2025-10-22,7,0
2238,2,2,SKU-05,4,0,2025-10-13,2025-10-23,8,0
2239,6,2,SKU-09,4,0,2025-10-13,2025-10-27,10,0
2240,4,2,SKU-01,4,0,2025-10-13,2025-10-27,10,0
2241,6,1,SKU-10,4,0,2025-10-13,2025-10-23,8,0
2242,5,2,SKU-09,4,0,2025-10-13,2025-10-24,9,0
2243,2,1,SKU-08,4,0,2025-10-13,2025-10-21,6,0
2244,6,2,SKU-08,4,0,2025-10-13,2025-10-23,8,0
2245,1,1,SKU-02,4,0,2025-10-13,2025-10-23,8,0
2246,6,1,SKU-12,4,0,2025-10-13,2025-10-24,9,0
2247,6,3,SKU-14,4,0,2025-10-13,2025-10-24,9,0
2248,1,2,SKU-12,4,0,2025-10-13,2025-10-28,11,1
2249,4,2,SKU-13,4,0,2025-10-13,2025-10-22,7,0
2250,5,2,SKU-12,4,0,2025-10-13,2025-10-23,8,0
2251,5,2,SKU-04,4,0,2025-10-13,2025-10-23,8,0
2252,6,2,SKU-01,4,0,2025-10-14,2025-10-27,9,0
2253,4,3,SKU-02,4,0,2025-10-14,2025-10-28,10,0
2254,5,1,SKU-04,4,0,2025-10-14,2025-10-28,10,0
2255,5,1,SKU-02,4,0,2025-10-14,2025-10-27,9,0
2256,2,3,SKU-13,4,0,2025-10-14,2025-10-24,8,0
2257,4,2,SKU-06,4,0,2025-10-14,2025-10-24,8,0
2258,1,2,SKU-15,4,0,2025-10-14,2025-10-28,10,0
2259,3,3,SKU-13,4,0,2025-10-14,2025-10-27,9,0
2260,1,2,SKU-13,4,0,2025-10-14,2025-10-27,9,0
2261,1,1,SKU-10,4,0,2025-10-14,2025-10-24,8,0
2262,2,3,SKU-14,4,0,2025-10-14,2025-10-24,8,0
2263,6,2,SKU-15,4,0,2025-10-14,2025-10-23,7,0
2264,3,2,SKU-01,4,0,2025-10-14,2025-10-27,9,0
2265,2,2,SKU-12,4,0,2025-10-14,2025-10-27,9,0
2266,5,2,SKU-02,4,0,2025-10-14,2025-10-24,8,0
2267,2,3,SKU-04,4,0,2025-10-14,2025-10-28,10,0
2268,6,2,SKU-08,4,0,2025-10-14,2025-10-27,9,0
2269,5,3,SKU-08,4,0,2025-10-14,2025-10-24,8,0
2270,3,1,SKU-12,4,0,2025-10-14,2025-10-27,9,0
2271,2,2,SKU-01,4,0,2025-10-14,2025-10-23,7,0
2272,5,3,SKU-11,4,0,2025-10-14,2025-10-28,10,0
2273,1,2,SKU-05,4,0,2025-10-14,2025-10-27,9,0
2274,1,3,SKU-11,4,0,2025-10-14,2025-10-28,10,0
2275,6,2,SKU-09,4,0,2025-10-14,2025-10-28,10,0
2276,1,1,SKU-08,4,0,2025-10-14,2025-10-29,11,1
2277,5,3,SKU-02,4,0,2025-10-14,2025-10-23,7,0
2278,2,2,SKU-14,4,0,2025-10-14,2025-10-24,8,0
2279,2,3,SKU-04,4,0,2025-10-14,2025-10-27,9,0
2280,3,1,SKU-06,4,0,2025-10-14,2025-10-28,10,0
2281,1,1,SKU-07,4,0,2025-10-14,2025-10-28,10,0
2282,1,2,SKU-13,4,0,2025-10-14,2025-10-28,10,0
2283,4,2,SKU-08,4,0,2025-10-14,2025-10-27,9,0
2284,2,3,SKU-02,4,0,2025-10-14,2025-10-24,8,0
2285,5,3,SKU-08,4,0,2025-10-14,2025-10-27,9,0
2286,3,2,SKU-09,4,0,2025-10-14,2025-10-23,7,0
2287,3,1,SKU-06,4,0,2025-10-14,2025-10-24,8,0
2288,3,1,SKU-09,4,0,2025-10-14,2025-10-27,9,0
2289,5,3,SKU-09,4,0,2025-10-14,2025-10-24,8,0
2290,5,2,SKU-01,4,0,2025-10-14,2025-10-24,8,0
2291,3,1,SKU-07,4,0,2025-10-14,2025-10-28,10,0
2292,4,1,SKU-11,4,0,2025-10-14,2025-10-23,7,0
2293,5,1,SKU-13,4,0,2025-10-14,2025-10-27,9,0
2294,6,3,SKU-10,4,0,2025-10-14,2025-10-27,9,0
2295,4,3,SKU-14,4,0,2025-10-14,2025-10-24,8,0
2296,5,3,SKU-05,4,0,2025-10-14,2025-10-27,9,0
2297,1,1,SKU-15,4,0,2025-10-14,2025-10-24,8,0
2298,5,2,SKU-09,4,0,2025-10-14,2025-10-23,7,0
2299,2,2,SKU-15,4,0,2025-10-14,2025-10-27,9,0
2300,3,2,SKU-03,4,0,2025-10-14,2025-10-27,9,0
2301,4,1,SKU-10,4,0,2025-10-14,2025-10-24,8,0
2302,4,3,SKU-04,4,0,2025-10-14,2025-10-27,9,0
2303,2,3,SKU-09,4,0,2025-10-14,2025-10-23,7,0
2304,2,1,SKU-07,4,0,2025-10-14,2025-10-27,9,0
2305,6,1,SKU-15,4,0,2025-10-14,2025-10-23,7,0
2306,5,3,SKU-12,4,0,2025-10-14,2025-10-27,9,0
2307,2,1,SKU-13,4,0,2025-10-14,2025-10-22,6,0
2308,1,2,SKU-07,4,0,2025-10-14,2025-10-24,8,0
2309,1,2,SKU-10,4,0,2025-10-14,2025-10-24,8,0
2310,6,2,SKU-12,4,0,2025-10-15,2025-10-24,7,0
2311,1,3,SKU-02,4,0,2025-10-15,2025-10-28,9,0
2312,2,2,SKU-07,4,0,2025-10-15,2025-10-28,9,0
2313,3,2,SKU-03,4,0,2025-10-15,2025-10-28,9,0
2314,5,3,SKU-05,4,0,2025-10-15,2025-10-30,11,1
2315,2,1,SKU-03,4,0,2025-10-15,2025-10-29,10,0
2316,5,3,SKU-13,4,0,2025-10-15,2025-10-23,6,0
2317,2,1,SKU-15,4,0,2025-10-15,2025-10-27,8,0
2318,6,3,SKU-04,4,0,2025-10-15,2025-10-27,8,0
2319,5,1,SKU-08,4,0,2025-10-15,2025-10-24,7,0
2320,1,1,SKU-15,4,0,2025-10-15,2025-10-27,8,0
2321,4,1,SKU-01,4,0,2025-10-15,2025-10-27,8,0
2322,2,3,SKU-12,4,0,2025-10-15,2025-10-28,9,0
2323,2,2,SKU-10,4,0,2025-10-15,2025-10-29,10,0
2324,5,2,SKU-09,4,0,2025-10-15,2025-10-23,6,0
2325,4,1,SKU-01,4,0,2025-10-15,2025-10-28,9,0
2326,6,2,SKU-09,4,0,2025-10-15,2025-10-24,7,0
2327,6,2,SKU-15,4,0,2025-10-15,2025-10-28,9,0
2328,3,3,SKU-06,4,0,2025-10-15,2025-10-28,9,0
2329,1,3,SKU-04,4,0,2025-10-15,2025-10-27,8,0
2330,5,2,SKU-08,4,0,2025-10-15,2025-10-29,10,0
2331,2,2,SKU-09,4,0,2025-10-15,2025-10-27,8,0
2332,3,2,SKU-05,4,0,2025-10-15,2025-10-30,11,1
2333,1,1,SKU-03,4,0,2025-10-15,2025-10-27,8,0
2334,5,3,SKU-13,4,0,2025-10-15,2025-10-27,8,0
2335,3,3,SKU-05,4,0,2025-10-15,2025-10-28,9,0
2336,2,3,SKU-08,4,0,2025-10-15,2025-10-27,8,0
2337,5,3,SKU-11,4,0,2025-10-15,2025-10-22,5,0
2338,4,1,SKU-01,4,0,2025-10-15,2025-10-28,9,0
2339,5,1,SKU-06,4,0,2025-10-15,2025-10-24,7,0
2340,6,2,SKU-12,4,0,2025-10-15,2025-10-29,10,0
2341,5,3,SKU-02,4,0,2025-10-15,2025-10-23,6,0
2342,3,2,SKU-06,4,0,2025-10-15,2025-10-29,10,0
2343,6,3,SKU-04,4,0,2025-10-15,2025-10-28,9,0
2344,5,3,SKU-01,4,0,2025-10-15,2025-10-29,10,0
2345,4,1,SKU-10,4,0,2025-10-15,2025-10-27,8,0
2346,2,2,SKU-12,4,0,2025-10-15,2025-10-28,9,0
2347,2,2,SKU-10,4,0,2025-10-15,2025-10-24,7,0
2348,1,3,SKU-10,4,0,2025-10-15,2025-10-29,10,0
2349,4,1,SKU-08,4,0,2025-10-15,2025-10-27,8,0
2350,2,2,SKU-12,4,0,2025-10-15,2025-10-23,6,0
2351,4,1,SKU-01,4,0,2025-10-15,2025-10-27,8,0
2352,1,1,SKU-07,4,0,2025-10-15,2025-10-27,8,0
2353,5,2,SKU-04,4,0,2025-10-15,2025-10-27,8,0
2354,1,3,SKU-13,4,0,2025-10-15,2025-10-29,10,0
2355,4,1,SKU-10,4,0,2025-10-15,2025-10-24,7,0
2356,3,3,SKU-14,4,0,2025-10-15,2025-10-27,8,0
2357,3,2,SKU-02,4,0,2025-10-15,2025-10-23,6,0
2358,5,2,SKU-02,4,0,2025-10-16,2025-10-30,10,0
2359,3,2,SKU-14,4,0,2025-10-16,2025-10-28,8,0
2360,3,1,SKU-02,4,0,2025-10-16,2025-10-29,9,0
2361,4,2,SKU-11,4,0,2025-10-16,2025-10-27,7,0
2362,3,2,SKU-10,4,0,2025-10-16,2025-10-28,8,0
2363,6,3,SKU-03,4,0,2025-10-16,2025-10-30,10,0
2364,4,3,SKU-03,4,0,2025-10-16,2025-10-29,9,0
2365,2,1,SKU-10,4,0,2025-10-16,2025-10-28,8,0
2366,4,2,SKU-13,4,0,2025-10-16,2025-10-27,7,0
2367,5,3,SKU-13,4,0,2025-10-16,2025-10-28,8,0
2368,4,2,SKU-13,4,0,2025-10-16,2025-10-27,7,0
2369,5,1,SKU-07,4,0,2025-10-16,2025-10-28,8,0
2370,1,2,SKU-09,4,0,2025-10-16,2025-10-28,8,0
2371,6,2,SKU-14,4,0,2025-10-16,2025-10-24,6,0
2372,2,1,SKU-13,4,0,2025-10-16,2025-10-29,9,0
2373,2,2,SKU-09,4,0,2025-10-16,2025-10-31,11,1
2374,2,1,SKU-06,4,0,2025-10-16,2025-10-27,7,0
2375,5,2,SKU-15,4,0,2025-10-16,2025-10-28,8,0
2376,1,1,SKU-12,4,0,2025-10-16,2025-10-29,9,0
2377,2,2,SKU-07,4,0,2025-10-16,2025-10-29,9,0
2378,2,2,SKU-14,4,0,2025-10-16,2025-10-30,10,0
2379,1,1,SKU-07,4,0,2025-10-16,2025-10-29,9,0
2380,4,3,SKU-06,4,0,2025-10-16,2025-10-28,8,0
2381,6,1,SKU-08,4,0,2025-10-16,2025-10-30,10,0
2382,5,3,SKU-04,4,0,2025-10-16,2025-10-30,10,0
2383,6,1,SKU-08,4,0,2025-10-16,2025-10-27,7,0
2384,3,2,SKU-07,4,0,2025-10-16,2025-10-30,10,0
2385,5,3,SKU-08,4,0,2025-10-16,2025-10-29,9,0
2386,5,2,SKU-13,4,0,2025-10-16,2025-10-28,8,0
2387,6,2,SKU-14,4,0,2025-10-16,2025-10-30,10,0
2388,4,2,SKU-02,4,0,2025-10-16,2025-10-28,8,0
2389,1,3,SKU-09,4,0,2025-10-16,2025-10-29,9,0
2390,2,3,SKU-14,4,0,2025-10-16,2025-10-27,7,0
2391,3,2,SKU-12,4,0,2025-10-16,2025-10-24,6,0
2392,5,1,SKU-14,4,0,2025-10-16,2025-10-29,9,0
2393,5,1,SKU-07,4,0,2025-10-16,2025-10-30,10,0
2394,6,2,SKU-07,4,0,2025-10-16,2025-10-29,9,0
2395,2,2,SKU-04,4,0,2025-10-16,2025-10-28,8,0
2396,4,3,SKU-01,4,0,2025-10-16,2025-10-28,8,0
2397,2,2,SKU-05,4,0,2025-10-16,2025-10-30,10,0
2398,5,1,SKU-09,4,0,2025-10-16,2025-10-28,8,0
2399,1,1,SKU-02,4,0,2025-10-16,2025-10-27,7,0
2400,6,2,SKU-12,4,0,2025-10-16,2025-10-24,6,0
2401,5,1,SKU-07,4,0,2025-10-16,2025-10-29,9,0
2402,1,1,SKU-07,4,0,2025-10-16,2025-10-29,9,0
2403,4,2,SKU-08,4,0,2025-10-16,2025-10-27,7,0
2404,3,3,SKU-02,4,0,2025-10-16,2025-10-29,9,0
2405,6,1,SKU-06,4,0,2025-10-16,2025-10-30,10,0
2406,1,3,SKU-09,4,0,2025-10-16,2025-10-27,7,0
2407,1,3,SKU-01,4,0,2025-10-16,2025-10-27,7,0
2408,1,1,SKU-05,4,0,2025-10-16,2025-10-29,9,0
2409,3,1,SKU-04,4,0,2025-10-16,2025-10-28,8,0
2410,4,1,SKU-02,4,0,2025-10-16,2025-10-28,8,0
2411,2,2,SKU-11,4,0,2025-10-16,2025-10-29,9,0
2412,5,1,SKU-01,4,0,2025-10-16,2025-10-30,10,0
2413,3,1,SKU-06,4,0,2025-10-16,2025-10-28,8,0
2414,3,2,SKU-05,4,0,2025-10-17,2025-10-30,9,0
2415,3,1,SKU-01,4,0,2025-10-17,2025-10-29,8,0
2416,2,3,SKU-06,4,0,2025-10-17,2025-10-29,8,0
2417,1,2,SKU-02,4,0,2025-10-17,2025-10-31,10,0
2418,1,1,SKU-02,4,0,2025-10-17,2025-10-28,7,0
2419,5,3,SKU-10,4,0,2025-10-17,2025-10-31,10,0
2420,6,2,SKU-05,4,0,2025-10-17,2025-10-31,10,0
2421,1,2,SKU-03,4,0,2025-10-17,2025-10-31,10,0
2422,3,2,SKU-01,4,0,2025-10-17,2025-10-29,8,0
2423,3,3,SKU-10,4,0,2025-10-17,2025-10-31,10,0
2424,5,2,SKU-09,4,0,2025-10-17,2025-10-24,5,0
2425,4,1,SKU-06,4,0,2025-10-17,2025-10-30,9,0
2426,4,2,SKU-09,4,0,2025-10-17,2025-10-30,9,0
2427,2,3,SKU-12,4,0,2025-10-17,2025-10-28,7,0
2428,1,1,SKU-15,4,0,2025-10-17,2025-10-30,9,0
2429,4,2,SKU-12,4,0,2025-10-17,2025-10-30,9,0
2430,4,1,SKU-07,4,0,2025-10-17,2025-10-29,8,0
2431,6,3,SKU-13,4,0,2025-10-17,2025-10-29,8,0
2432,3,1,SKU-04,4,0,2025-10-17,2025-11-03,11,1
2433,4,1,SKU-03,4,0,2025-10-17,2025-10-30,9,0
2434,4,2,SKU-05,4,0,2025-10-17,2025-10-30,9,0
2435,1,1,SKU-14,4,0,2025-10-17,2025-11-03,11,1
2436,5,3,SKU-01,4,0,2025-10-17,2025-10-29,8,0
2437,5,3,SKU-03,4,0,2025-10-17,2025-10-30,9,0
2438,5,2,SKU-12,4,0,2025-10-17,2025-10-30,9,0
2439,6,3,SKU-06,4,0,2025-10-17,2025-10-30,9,0
2440,5,1,SKU-01,4,0,2025-10-17,2025-10-27,6,0
2441,6,1,SKU-12,4,0,2025-10-17,2025-10-31,10,0
2442,3,1,SKU-14,4,0,2025-10-17,2025-10-27,6,0
2443,1,3,SKU-04,4,0,2025-10-17,2025-11-05,13,1
2444,2,3,SKU-10,4,0,2025-10-17,2025-10-30,9,0
2445,2,3,SKU-13,4,0,2025-10-17,2025-10-31,10,0
2446,2,2,SKU-13,4,0,2025-10-17,2025-10-30,9,0
2447,1,2,SKU-11,4,0,2025-10-17,2025-10-29,8,0
2448,2,2,SKU-08,4,0,2025-10-17,2025-10-27,6,0
2449,5,2,SKU-10,4,0,2025-10-17,2025-10-28,7,0
2450,6,2,SKU-06,4,0,2025-10-17,2025-10-30,9,0
2451,1,1,SKU-06,4,0,2025-10-17,2025-10-28,7,0
2452,4,2,SKU-13,4,0,2025-10-17,2025-10-31,10,0
2453,2,3,SKU-10,4,0,2025-10-17,2025-10-29,8,0
2454,3,1,SKU-06,4,0,2025-10-17,2025-10-29,8,0
2455,1,3,SKU-09,4,0,2025-10-17,2025-10-29,8,0
2456,4,3,SKU-06,4,0,2025-10-17,2025-10-29,8,0
2457,3,1,SKU-10,4,0,2025-10-17,2025-10-29,8,0
2458,5,2,SKU-08,4,0,2025-10-17,2025-10-30,9,0
2459,3,2,SKU-03,4,0,2025-10-17,2025-11-03,11,1
2460,1,2,SKU-11,4,0,2025-10-17,2025-10-30,9,0
2461,6,1,SKU-10,4,0,2025-10-17,2025-10-31,10,0
2462,5,1,SKU-05,4,0,2025-10-17,2025-10-30,9,0
2463,4,3,SKU-11,4,0,2025-10-17,2025-10-28,7,0
2464,4,3,SKU-11,4,0,2025-10-17,2025-10-30,9,0
2465,4,1,SKU-07,4,0,2025-10-17,2025-10-31,10,0
2466,1,3,SKU-06,4,0,2025-10-17,2025-10-24,5,0
2467,6,2,SKU-09,4,0,2025-10-17,2025-10-30,9,0
2468,3,3,SKU-04,4,0,2025-10-17,2025-10-30,9,0
2469,5,2,SKU-13,4,0,2025-10-17,2025-10-30,9,0
2470,4,3,SKU-12,4,0,2025-10-17,2025-10-31,10,0
2471,6,1,SKU-09,4,0,2025-10-17,2025-10-30,9,0
2472,6,2,SKU-09,4,0,2025-10-17,2025-11-03,11,1
2473,1,3,SKU-14,4,0,2025-10-17,2025-10-30,9,0
2474,4,2,SKU-10,4,0,2025-10-17,2025-11-03,11,1
2475,6,3,SKU-01,4,0,2025-10-17,2025-10-30,9,0
2476,6,1,SKU-13,4,0,2025-10-17,2025-10-29,8,0
2477,4,2,SKU-10,4,0,2025-10-18,2025-10-30,9,0
2478,6,1,SKU-07,4,0,2025-10-18,2025-10-29,8,0
2479,1,3,SKU-06,4,0,2025-10-18,2025-10-28,7,0
2480,5,1,SKU-13,4,0,2025-10-18,2025-10-30,9,0
2481,2,3,SKU-11,4,0,2025-10-18,2025-10-30,9,0
2482,1,2,SKU-01,4,0,2025-10-18,2025-10-28,7,0
2483,2,3,SKU-02,4,0,2025-10-18,2025-10-30,9,0
2484,3,2,SKU-12,4,0,2025-10-18,2025-10-30,9,0
2485,6,2,SKU-06,4,0,2025-10-18,2025-10-30,9,0
2486,4,1,SKU-15,4,0,2025-10-18,2025-10-29,8,0
2487,5,2,SKU-08,4,0,2025-10-18,2025-10-31,10,0
2488,6,3,SKU-13,4,0,2025-10-18,2025-10-31,10,0
2489,3,2,SKU-12,4,0,2025-10-18,2025-10-28,7,0
2490,6,3,SKU-04,4,0,2025-10-18,2025-10-30,9,0
2491,6,3,SKU-03,4,0,2025-10-18,2025-10-29,8,0
2492,1,2,SKU-12,4,0,2025-10-18,2025-10-30,9,0
2493,3,1,SKU-08,4,0,2025-10-18,2025-10-29,8,0
2494,1,1,SKU-15,4,0,2025-10-18,2025-11-03,11,1
2495,1,1,SKU-09,4,0,2025-10-18,2025-10-29,8,0
2496,1,3,SKU-05,4,0,2025-10-18,2025-10-31,10,0
2497,6,3,SKU-15,4,0,2025-10-18,2025-10-30,9,0
2498,6,1,SKU-04,4,0,2025-10-18,2025-10-30,9,0
2499,2,3,SKU-13,4,0,2025-10-18,2025-10-30,9,0
2500,5,2,SKU-08,4,0,2025-10-18,2025-10-30,9,0
2501,6,2,SKU-05,4,0,2025-10-18,2025-10-29,8,0
2502,4,2,SKU-01,4,0,2025-10-18,2025-10-30,9,0
2503,5,3,SKU-01,4,0,2025-10-18,2025-10-28,7,0
2504,4,1,SKU-01,4,0,2025-10-18,2025-10-28,7,0
2505,2,3,SKU-15,4,0,2025-10-18,2025-10-31,10,0
2506,4,3,SKU-12,4,0,2025-10-18,2025-10-30,9,0
2507,3,3,SKU-01,4,0,2025-10-18,2025-10-31,10,0
2508,6,3,SKU-02,4,0,2025-10-18,2025-10-30,9,0
2509,2,2,SKU-15,4,0,2025-10-18,2025-10-30,9,0
2510,4,1,SKU-06,4,0,2025-10-18,2025-10-30,9,0
2511,4,1,SKU-08,4,0,2025-10-18,2025-10-30,9,0
2512,5,1,SKU-04,4,0,2025-10-18,2025-10-30,9,0
2513,4,1,SKU-10,4,0,2025-10-18,2025-10-28,7,0
2514,3,1,SKU-03,4,0,2025-10-18,2025-10-30,9,0
2515,3,3,SKU-04,4,0,2025-10-18,2025-10-30,9,0
2516,3,2,SKU-03,4,0,2025-10-18,2025-10-31,10,0
2517,3,2,SKU-01,4,0,2025-10-18,2025-10-30,9,0
2518,5,2,SKU-09,4,0,2025-10-18,2025-10-29,8,0
2519,2,1,SKU-11,4,0,2025-10-18,2025-10-31,10,0
2520,5,1,SKU-01,4,0,2025-10-18,2025-10-30,9,0
2521,2,1,SKU-13,4,0,2025-10-18,2025-10-27,6,0
2522,2,3,SKU-08,4,0,2025-10-18,2025-10-27,6,0
2523,2,2,SKU-05,4,0,2025-10-18,2025-10-28,7,0
2524,5,2,SKU-10,4,0,2025-10-18,2025-10-28,7,0
2525,4,3,SKU-02,4,0,2025-10-18,2025-10-31,10,0
2526,2,2,SKU-04,4,0,2025-10-18,2025-10-30,9,0
2527,1,2,SKU-07,4,0,2025-10-18,2025-11-03,11,1
2528,2,3,SKU-12,4,0,2025-10-18,2025-10-30,9,0
2529,4,1,SKU-14,4,0,2025-10-18,2025-10-31,10,0
2530,1,1,SKU-03,4,0,2025-10-18,2025-10-29,8,0
2531,5,3,SKU-11,4,0,2025-10-18,2025-10-31,10,0
2532,2,1,SKU-15,4,0,2025-10-18,2025-10-29,8,0
2533,5,3,SKU-11,4,0,2025-10-18,2025-10-30,9,0
2534,6,1,SKU-15,4,0,2025-10-18,2025-11-03,11,1
2535,3,2,SKU-08,4,0,2025-10-18,2025-10-31,10,0
2536,4,3,SKU-11,4,0,2025-10-18,2025-10-31,10,0
2537,1,2,SKU-05,4,0,2025-10-18,2025-10-31,10,0
2538,2,3,SKU-12,4,0,2025-10-18,2025-11-03,11,1
2539,6,3,SKU-12,4,0,2025-10-18,2025-10-28,7,0
2540,2,1,SKU-13,4,0,2025-10-18,2025-10-30,9,0
2541,2,3,SKU-04,4,0,2025-10-18,2025-10-28,7,0
2542,6,2,SKU-14,4,0,2025-10-18,2025-10-30,9,0
2543,3,1,SKU-04,4,0,2025-10-19,2025-10-28,7,0
2544,3,1,SKU-03,4,0,2025-10-19,2025-10-29,8,0
2545,5,2,SKU-07,4,0,2025-10-19,2025-10-30,9,0
2546,4,3,SKU-05,4,0,2025-10-19,2025-11-03,11,1
2547,3,1,SKU-10,4,0,2025-10-19,2025-10-29,8,0
2548,2,3,SKU-08,4,0,2025-10-19,2025-10-30,9,0
2549,6,2,SKU-02,4,0,2025-10-19,2025-10-29,8,0
2550,3,2,SKU-12,4,0,2025-10-19,2025-10-29,8,0
2551,1,3,SKU-02,4,0,2025-10-19,2025-10-31,10,0
2552,4,3,SKU-09,4,0,2025-10-19,2025-10-31,10,0
2553,6,1,SKU-12,4,0,2025-10-19,2025-10-28,7,0
2554,6,2,SKU-06,4,0,2025-10-19,2025-10-31,10,0
2555,1,1,SKU-07,4,0,2025-10-19,2025-10-30,9,0
2556,6,2,SKU-15,4,0,2025-10-19,2025-10-31,10,0
2557,5,2,SKU-05,4,0,2025-10-19,2025-10-29,8,0
2558,1,3,SKU-15,4,0,2025-10-19,2025-10-30,9,0
2559,5,2,SKU-06,4,0,2025-10-19,2025-10-31,10,0
2560,4,3,SKU-11,4,0,2025-10-19,2025-10-28,7,0
2561,2,1,SKU-14,4,0,2025-10-19,2025-10-29,8,0
2562,1,1,SKU-04,4,0,2025-10-19,2025-10-31,10,0
2563,4,1,SKU-07,4,0,2025-10-19,2025-10-30,9,0
2564,6,3,SKU-04,4,0,2025-10-19,2025-10-27,6,0
2565,1,1,SKU-06,4,0,2025-10-19,2025-10-27,6,0
2566,4,1,SKU-07,4,0,2025-10-19,2025-10-30,9,0
2567,4,2,SKU-02,4,0,2025-10-19,2025-10-30,9,0
2568,6,2,SKU-06,4,0,2025-10-19,2025-10-27,6,0
2569,4,2,SKU-07,4,0,2025-10-19,2025-10-29,8,0
2570,1,3,SKU-08,4,0,2025-10-19,2025-10-27,6,0
2571,6,2,SKU-15,4,0,2025-10-19,2025-10-29,8,0
2572,3,2,SKU-01,4,0,2025-10-19,2025-10-30,9,0
2573,3,1,SKU-06,4,0,2025-10-19,2025-10-28,7,0
2574,6,2,SKU-03,4,0,2025-10-19,2025-10-28,7,0
2575,5,3,SKU-14,4,0,2025-10-19,2025-10-28,7,0
2576,3,1,SKU-03,4,0,2025-10-19,2025-11-03,11,1
2577,3,1,SKU-10,4,0,2025-10-19,2025-10-29,8,0
2578,3,1,SKU-10,4,0,2025-10-19,2025-10-30,9,0
2579,2,2,SKU-13,4,0,2025-10-19,2025-10-29,8,0
2580,2,1,SKU-13,4,0,2025-10-19,2025-10-28,7,0
2581,5,3,SKU-09,4,0,2025-10-19,2025-10-31,10,0
2582,4,3,SKU-11,4,0,2025-10-19,2025-10-29,8,0
2583,3,3,SKU-03,4,0,2025-10-19,2025-10-29,8,0
2584,3,1,SKU-06,4,0,2025-10-19,2025-10-30,9,0
2585,1,3,SKU-08,4,0,2025-10-19,2025-10-27,6,0
2586,5,3,SKU-06,4,0,2025-10-19,2025-10-30,9,0
2587,2,2,SKU-01,4,0,2025-10-19,2025-10-31,10,0
2588,2,3,SKU-14,4,0,2025-10-19,2025-10-28,7,0
2589,5,1,SKU-14,4,0,2025-10-19,2025-10-31,10,0
2590,2,1,SKU-13,4,0,2025-10-19,2025-10-27,6,0
2591,6,2,SKU-13,4,0,2025-10-19,2025-10-29,8,0
2592,6,1,SKU-02,4,0,2025-10-19,2025-10-30,9,0
2593,4,3,SKU-03,4,0,2025-10-19,2025-10-30,9,0
2594,3,3,SKU-05,4,0,2025-10-19,2025-10-29,8,0
2595,6,1,SKU-15,4,0,2025-10-19,2025-10-28,7,0
2596,1,3,SKU-08,4,0,2025-10-19,2025-10-30,9,0
2597,2,1,SKU-08,4,0,2025-10-19,2025-10-28,7,0
2598,2,2,SKU-10,4,0,2025-10-19,2025-10-31,10,0
2599,4,1,SKU-15,4,0,2025-10-19,2025-10-29,8,0
2600,2,3,SKU-06,4,0,2025-10-19,2025-10-31,10,0
2601,3,1,SKU-14,4,0,2025-10-19,2025-10-31,10,0
2602,2,3,SKU-08,4,0,2025-10-19,2025-11-03,11,1
2603,5,2,SKU-11,4,0,2025-10-19,2025-10-31,10,0
2604,2,1,SKU-07,4,0,2025-10-19,2025-11-03,11,1
2605,4,1,SKU-11,4,0,2025-10-19,2025-10-30,9,0
2606,4,1,SKU-07,5,0,2025-10-20,2025-10-30,8,0
2607,4,2,SKU-13,5,0,2025-10-20,2025-11-03,10,0
2608,4,2,SKU-12,5,0,2025-10-20,2025-10-30,8,0
2609,5,2,SKU-11,5,0,2025-10-20,2025-10-31,9,0
2610,6,1,SKU-04,5,0,2025-10-20,2025-10-29,7,0
2611,6,3,SKU-01,5,0,2025-10-20,2025-10-31,9,0
2612,3,1,SKU-14,5,0,2025-10-20,2025-10-31,9,0
2613,2,3,SKU-07,5,0,2025-10-20,2025-10-31,9,0
2614,6,3,SKU-05,5,0,2025-10-20,2025-10-31,9,0
2615,2,3,SKU-11,5,0,2025-10-20,2025-11-04,11,1
2616,5,3,SKU-08,5,0,2025-10-20,2025-10-29,7,0
2617,3,2,SKU-13,5,0,2025-10-20,2025-10-31,9,0
2618,3,2,SKU-02,5,0,2025-10-20,2025-10-31,9,0
2619,4,3,SKU-02,5,0,2025-10-20,2025-10-30,8,0
2620,2,1,SKU-02,5,0,2025-10-20,2025-10-30,8,0
2621,1,1,SKU-06,5,0,2025-10-20,2025-11-04,11,1
2622,5,1,SKU-02,5,0,2025-10-20,2025-11-04,11,1
2623,1,1,SKU-11,5,0,2025-10-20,2025-10-29,7,0
2624,5,2,SKU-06,5,0,2025-10-20,2025-10-31,9,0
2625,2,2,SKU-01,5,0,2025-10-20,2025-10-30,8,0
2626,6,1,SKU-01,5,0,2025-10-20,2025-11-04,11,1
2627,4,3,SKU-05,5,0,2025-10-20,2025-10-30,8,0
2628,2,1,SKU-01,5,0,2025-10-20,2025-11-04,11,1
2629,3,1,SKU-07,5,0,2025-10-20,2025-11-03,10,0
2630,2,3,SKU-08,5,0,2025-10-20,2025-10-31,9,0
2631,1,3,SKU-11,5,0,2025-10-20,2025-11-03,10,0
2632,6,3,SKU-07,5,0,2025-10-20,2025-10-30,8,0
2633,2,3,SKU-01,5,0,2025-10-20,2025-10-30,8,0
2634,6,3,SKU-15,5,0,2025-10-20,2025-10-31,9,0
2635,3,2,SKU-13,5,0,2025-10-20,2025-10-31,9,0
2636,1,3,SKU-03,5,0,2025-10-20,2025-10-31,9,0
2637,2,3,SKU-05,5,0,2025-10-20,2025-10-28,6,0
2638,5,3,SKU-11,5,0,2025-10-20,2025-10-30,8,0
2639,4,2,SKU-08,5,0,2025-10-20,2025-11-04,11,1
2640,2,3,SKU-03,5,0,2025-10-20,2025-10-31,9,0
2641,6,2,SKU-11,5,0,2025-10-20,2025-10-29,7,0
2642,3,1,SKU-13,5,0,2025-10-20,2025-10-31,9,0
2643,2,1,SKU-06,5,0,2025-10-20,2025-10-30,8,0
2644,4,3,SKU-15,5,0,2025-10-20,2025-11-03,10,0
2645,3,2,SKU-07,5,0,2025-10-20,2025-10-31,9,0
2646,3,2,SKU-05,5,0,2025-10-20,2025-10-31,9,0
2647,1,3,SKU-03,5,0,2025-10-20,2025-11-03,10,0
2648,2,2,SKU-08,5,0,2025-10-20,2025-10-28,6,0
2649,2,2,SKU-09,5,0,2025-10-20,2025-10-31,9,0
2650,6,2,SKU-04,5,0,2025-10-20,2025-10-31,9,0
2651,2,2,SKU-12,5,0,2025-10-20,2025-10-30,8,0
2652,1,3,SKU-13,5,0,2025-10-20,2025-10-30,8,0
2653,3,1,SKU-01,5,0,2025-10-20,2025-10-31,9,0
2654,6,2,SKU-14,5,0,2025-10-20,2025-10-29,7,0
2655,4,2,SKU-15,5,0,2025-10-20,2025-10-31,9,0
2656,3,2,SKU-08,5,0,2025-10-21,2025-10-29,6,0
2657,3,1,SKU-08,5,0,2025-10-21,2025-10-29,6,0
2658,6,1,SKU-09,5,0,2025-10-21,2025-11-03,9,0
2659,2,2,SKU-05,5,0,2025-10-21,2025-10-29,6,0
2660,5,1,SKU-02,5,0,2025-10-21,2025-10-31,8,0
2661,1,2,SKU-03,5,0,2025-10-21,2025-10-31,8,0
2662,3,3,SKU-09,5,0,2025-10-21,2025-11-03,9,0
2663,4,1,SKU-03,5,0,2025-10-21,2025-11-03,9,0
2664,1,3,SKU-15,5,0,2025-10-21,2025-10-30,7,0
2665,5,3,SKU-04,5,0,2025-10-21,2025-11-05,11,1
2666,3,2,SKU-10,5,0,2025-10-21,2025-10-31,8,0
2667,3,3,SKU-09,5,0,2025-10-21,2025-10-29,6,0
2668,3,1,SKU-07,5,0,2025-10-21,2025-10-30,7,0
2669,1,2,SKU-03,5,0,2025-10-21,2025-10-31,8,0
2670,1,1,SKU-03,5,0,2025-10-21,2025-10-31,8,0
2671,3,1,SKU-05,5,0,2025-10-21,2025-11-03,9,0
2672,5,3,SKU-12,5,0,2025-10-21,2025-11-03,9,0
2673,1,3,SKU-11,5,0,2025-10-21,2025-11-04,10,0
2674,6,1,SKU-13,5,0,2025-10-21,2025-10-31,8,0
2675,2,3,SKU-04,5,0,2025-10-21,2025-10-29,6,0
2676,3,3,SKU-11,5,0,2025-10-21,2025-10-31,8,0
2677,5,1,SKU-06,5,0,2025-10-21,2025-10-31,8,0
2678,3,3,SKU-09,5,0,2025-10-21,2025-10-31,8,0
2679,3,2,SKU-07,5,0,2025-10-21,2025-11-03,9,0
2680,5,3,SKU-08,5,0,2025-10-21,2025-11-05,11,1
2681,2,3,SKU-01,5,0,2025-10-21,2025-10-31,8,0
2682,2,1,SKU-14,5,0,2025-10-21,2025-10-29,6,0
2683,2,2,SKU-04,5,0,2025-10-21,2025-11-04,10,0
2684,5,2,SKU-15,5,0,2025-10-21,2025-10-30,7,0
2685,4,3,SKU-03,5,0,2025-10-21,2025-11-03,9,0
2686,4,1,SKU-09,5,0,2025-10-21,2025-10-30,7,0
2687,3,1,SKU-01,5,0,2025-10-21,2025-10-29,6,0
2688,6,2,SKU-15,5,0,2025-10-21,2025-10-28,5,0
2689,4,2,SKU-04,5,0,2025-10-21,2025-11-03,9,0
2690,4,1,SKU-04,5,0,2025-10-21,2025-11-03,9,0
2691,4,2,SKU-02,5,0,2025-10-21,2025-10-31,8,0
2692,3,3,SKU-13,5,0,2025-10-21,2025-11-03,9,0
2693,1,2,SKU-01,5,0,2025-10-21,2025-11-03,9,0
2694,2,1,SKU-10,5,0,2025-10-21,2025-11-04,10,0
2695,1,2,SKU-01,5,0,2025-10-21,2025-11-03,9,0
2696,3,1,SKU-01,5,0,2025-10-21,2025-10-31,8,0
2697,5,3,SKU-01,5,0,2025-10-21,2025-10-30,7,0
2698,5,2,SKU-07,5,0,2025-10-21,2025-11-03,9,0
2699,3,2,SKU-08,5,0,2025-10-21,2025-10-31,8,0
2700,5,1,SKU-08,5,0,2025-10-21,2025-10-30,7,0
2701,3,3,SKU-04,5,0,2025-10-21,2025-10-31,8,0
2702,4,3,SKU-03,5,0,2025-10-21,2025-11-03,9,0
2703,2,1,SKU-08,5,0,2025-10-21,2025-10-30,7,0
2704,6,3,SKU-04,5,0,2025-10-21,2025-10-29,6,0
2705,5,3,SKU-01,5,0,2025-10-21,2025-11-03,9,0
2706,6,3,SKU-15,5,0,2025-10-21,2025-10-31,8,0
2707,5,2,SKU-03,5,0,2025-10-21,2025-11-03,9,0
2708,1,2,SKU-12,5,0,2025-10-21,2025-11-03,9,0
2709,2,3,SKU-02,5,0,2025-10-21,2025-10-30,7,0
2710,1,2,SKU-10,5,0,2025-10-21,2025-10-31,8,0
2711,4,1,SKU-03,5,0,2025-10-21,2025-11-03,9,0
2712,6,3,SKU-15,5,0,2025-10-21,2025-11-03,9,0
2713,5,2,SKU-07,5,0,2025-10-21,2025-10-30,7,0
2714,2,3,SKU-15,5,0,2025-10-21,2025-10-29,6,0
2715,4,1,SKU-07,5,0,2025-10-21,2025-10-31,8,0
2716,1,1,SKU-06,5,0,2025-10-21,2025-10-31,8,0
2717,4,3,SKU-02,5,0,2025-10-21,2025-10-29,6,0
2718,4,1,SKU-03,5,0,2025-10-21,2025-11-03,9,0
2719,1,1,SKU-07,5,0,2025-10-21,2025-11-03,9,0
2720,6,3,SKU-09,5,0,2025-10-21,2025-11-03,9,0
2721,4,2,SKU-03,5,0,2025-10-21,2025-10-29,6,0
2722,2,1,SKU-15,5,0,2025-10-21,2025-10-30,7,0
2723,3,2,SKU-15,5,0,2025-10-21,2025-11-04,10,0
2724,4,1,SKU-05,5,0,2025-10-21,2025-11-05,11,1
2725,4,2,SKU-08,5,0,2025-10-21,2025-10-31,8,0
2726,4,1,SKU-11,5,0,2025-10-21,2025-10-30,7,0
2727,1,1,SKU-04,5,0,2025-10-21,2025-10-31,8,0
2728,2,2,SKU-09,5,0,2025-10-21,2025-11-04,10,0
2729,5,3,SKU-03,5,0,2025-10-21,2025-11-03,9,0
2730,6,2,SKU-01,5,0,2025-10-21,2025-11-03,9,0
2731,3,3,SKU-10,5,0,2025-10-22,2025-10-31,7,0
2732,4,3,SKU-08,5,0,2025-10-22,2025-11-05,10,0
2733,6,1,SKU-03,5,0,2025-10-22,2025-11-04,9,0
2734,4,1,SKU-01,5,0,2025-10-22,2025-10-31,7,0
2735,6,1,SKU-11,5,0,2025-10-22,2025-11-04,9,0
2736,5,2,SKU-15,5,0,2025-10-22,2025-11-04,9,0
2737,4,1,SKU-07,5,0,2025-10-22,2025-11-05,10,0
2738,2,2,SKU-03,5,0,2025-10-22,2025-11-03,8,0
2739,1,1,SKU-12,5,0,2025-10-22,2025-11-05,10,0
2740,6,3,SKU-01,5,0,2025-10-22,2025-10-31,7,0
2741,5,1,SKU-03,5,0,2025-10-22,2025-11-04,9,0
2742,6,1,SKU-06,5,0,2025-10-22,2025-11-03,8,0
2743,1,3,SKU-06,5,0,2025-10-22,2025-11-03,8,0
2744,6,3,SKU-04,5,0,2025-10-22,2025-11-03,8,0
2745,5,3,SKU-12,5,0,2025-10-22,2025-11-04,9,0
2746,1,1,SKU-02,5,0,2025-10-22,2025-10-31,7,0
2747,6,3,SKU-08,5,0,2025-10-22,2025-11-03,8,0
2748,2,3,SKU-12,5,0,2025-10-22,2025-11-03,8,0
2749,1,3,SKU-08,5,0,2025-10-22,2025-11-03,8,0
2750,2,2,SKU-10,5,0,2025-10-22,2025-11-04,9,0
2751,6,1,SKU-03,5,0,2025-10-22,2025-11-03,8,0
2752,3,2,SKU-11,5,0,2025-10-22,2025-11-03,8,0
2753,1,1,SKU-14,5,0,2025-10-22,2025-11-04,9,0
2754,2,3,SKU-04,5,0,2025-10-22,2025-11-04,9,0
2755,1,3,SKU-01,5,0,2025-10-22,2025-11-03,8,0
2756,2,2,SKU-03,5,0,2025-10-22,2025-11-04,9,0
2757,4,2,SKU-03,5,0,2025-10-22,2025-11-03,8,0
2758,6,3,SKU-14,5,0,2025-10-22,2025-11-04,9,0
2759,1,3,SKU-11,5,0,2025-10-22,2025-10-31,7,0
2760,5,3,SKU-08,5,0,2025-10-22,2025-11-03,8,0
2761,1,2,SKU-14,5,0,2025-10-22,2025-11-03,8,0
2762,3,2,SKU-13,5,0,2025-10-22,2025-11-03,8,0
2763,1,3,SKU-04,5,0,2025-10-22,2025-11-04,9,0
2764,6,2,SKU-12,5,0,2025-10-22,2025-11-04,9,0
2765,2,3,SKU-02,5,0,2025-10-22,2025-11-04,9,0
2766,4,1,SKU-10,5,0,2025-10-22,2025-10-31,7,0
2767,1,3,SKU-09,5,0,2025-10-22,2025-11-05,10,0
2768,6,2,SKU-15,5,0,2025-10-22,2025-10-31,7,0
2769,4,1,SKU-01,5,0,2025-10-22,2025-11-04,9,0
2770,5,3,SKU-08,5,0,2025-10-22,2025-11-03,8,0
2771,5,1,SKU-09,5,0,2025-10-22,2025-11-03,8,0
2772,2,3,SKU-13,5,0,2025-10-22,2025-11-04,9,0
2773,2,3,SKU-13,5,0,2025-10-22,2025-10-31,7,0
2774,5,3,SKU-15,5,0,2025-10-22,2025-10-30,6,0
2775,6,1,SKU-01,5,0,2025-10-22,2025-11-04,9,0
2776,2,3,SKU-01,5,0,2025-10-22,2025-10-31,7,0
2777,2,2,SKU-12,5,0,2025-10-22,2025-11-05,10,0
2778,4,2,SKU-14,5,0,2025-10-22,2025-11-05,10,0
2779,1,2,SKU-11,5,0,2025-10-22,2025-10-31,7,0
2780,6,3,SKU-11,5,0,2025-10-22,2025-10-30,6,0
2781,3,2,SKU-01,5,0,2025-10-22,2025-10-31,7,0
2782,1,2,SKU-09,5,0,2025-10-22,2025-11-04,9,0
2783,3,2,SKU-01,5,0,2025-10-22,2025-11-03,8,0
2784,5,2,SKU-11,5,0,2025-10-22,2025-11-03,8,0
2785,4,1,SKU-10,5,0,2025-10-22,2025-10-31,7,0
2786,5,2,SKU-01,5,0,2025-10-22,2025-11-03,8,0
2787,1,2,SKU-05,5,0,2025-10-22,2025-10-31,7,0
2788,4,2,SKU-06,5,0,2025-10-22,2025-11-06,11,1
2789,1,2,SKU-03,5,0,2025-10-22,2025-11-05,10,0
2790,5,1,SKU-03,5,0,2025-10-22,2025-11-03,8,0
2791,2,1,SKU-12,5,0,2025-10-22,2025-11-06,11,1
2792,6,1,SKU-14,5,0,2025-10-23,2025-11-05,9,0
2793,5,1,SKU-04,5,0,2025-10-23,2025-11-03,7,0
2794,4,3,SKU-09,5,0,2025-10-23,2025-11-07,11,1
2795,3,1,SKU-13,5,0,2025-10-23,2025-11-06,10,0
2796,4,1,SKU-12,5,0,2025-10-23,2025-11-05,9,0
2797,3,1,SKU-01,5,0,2025-10-23,2025-11-03,7,0
2798,3,3,SKU-11,5,0,2025-10-23,2025-11-03,7,0
2799,6,3,SKU-03,5,0,2025-10-23,2025-11-04,8,0
2800,1,1,SKU-08,5,0,2025-10-23,2025-11-06,10,0
2801,2,3,SKU-12,5,0,2025-10-23,2025-11-04,8,0
2802,5,3,SKU-10,5,0,2025-10-23,2025-11-07,11,1
2803,1,1,SKU-12,5,0,2025-10-23,2025-11-05,9,0
2804,1,2,SKU-05,5,0,2025-10-23,2025-11-03,7,0
2805,1,2,SKU-08,5,0,2025-10-23,2025-11-06,10,0
2806,6,3,SKU-15,5,0,2025-10-23,2025-11-05,9,0
2807,4,1,SKU-05,5,0,2025-10-23,2025-11-05,9,0
2808,1,3,SKU-15,5,0,2025-10-23,2025-11-04,8,0
2809,1,1,SKU-01,5,0,2025-10-23,2025-11-06,10,0
2810,1,2,SKU-05,5,0,2025-10-23,2025-11-05,9,0
2811,5,2,SKU-03,5,0,2025-10-23,2025-11-06,10,0
2812,6,2,SKU-03,5,0,2025-10-23,2025-11-06,10,0
2813,1,3,SKU-07,5,0,2025-10-23,2025-11-06,10,0
2814,1,3,SKU-06,5,0,2025-10-23,2025-11-04,8,0
2815,2,1,SKU-08,5,0,2025-10-23,2025-11-05,9,0
2816,6,3,SKU-05,5,0,2025-10-23,2025-11-04,8,0
2817,3,1,SKU-08,5,0,2025-10-23,2025-11-05,9,0
2818,5,3,SKU-10,5,0,2025-10-23,2025-11-07,11,1
2819,2,1,SKU-13,5,0,2025-10-23,2025-11-04,8,0
2820,3,3,SKU-07,5,0,2025-10-23,2025-11-05,9,0
2821,1,2,SKU-03,5,0,2025-10-23,2025-11-04,8,0
2822,2,2,SKU-15,5,0,2025-10-23,2025-11-05,9,0
2823,2,1,SKU-07,5,0,2025-10-23,2025-11-04,8,0
2824,1,1,SKU-10,5,0,2025-10-23,2025-11-04,8,0
2825,3,2,SKU-10,5,0,2025-10-23,2025-11-04,8,0
2826,4,1,SKU-09,5,0,2025-10-23,2025-11-03,7,0
2827,4,2,SKU-10,5,0,2025-10-23,2025-11-03,7,0
2828,3,1,SKU-05,5,0,2025-10-23,2025-11-03,7,0
2829,2,2,SKU-09,5,0,2025-10-23,2025-11-05,9,0
2830,3,2,SKU-03,5,0,2025-10-23,2025-11-03,7,0
2831,4,1,SKU-06,5,0,2025-10-23,2025-10-31,6,0
2832,2,1,SKU-14,5,0,2025-10-23,2025-11-05,9,0
2833,2,2,SKU-13,5,0,2025-10-23,2025-11-04,8,0
2834,4,2,SKU-12,5,0,2025-10-23,2025-11-04,8,0
2835,5,2,SKU-13,5,0,2025-10-23,2025-11-06,10,0
2836,1,1,SKU-15,5,0,2025-10-23,2025-11-06,10,0
2837,2,3,SKU-04,5,0,2025-10-23,2025-11-04,8,0
2838,6,1,SKU-15,5,0,2025-10-23,2025-11-04,8,0
2839,5,1,SKU-11,5,0,2025-10-23,2025-11-04,8,0
2840,5,2,SKU-09,5,0,2025-10-23,2025-11-06,10,0
2841,6,3,SKU-06,5,0,2025-10-23,2025-11-06,10,0
2842,6,2,SKU-10,5,0,2025-10-23,2025-11-05,9,0
2843,1,1,SKU-08,5,0,2025-10-23,2025-11-04,8,0
2844,5,1,SKU-02,5,0,2025-10-23,2025-11-04,8,0
2845,4,1,SKU-02,5,0,2025-10-23,2025-11-06,10,0
2846,3,1,SKU-15,5,0,2025-10-23,2025-11-03,7,0
2847,3,1,SKU-10,5,0,2025-10-23,2025-11-03,7,0
2848,5,3,SKU-06,5,0,2025-10-23,2025-11-06,10,0
2849,1,2,SKU-08,5,0,2025-10-23,2025-11-06,10,0
2850,3,3,SKU-07,5,0,2025-10-23,2025-11-05,9,0
2851,3,1,SKU-02,5,0,2025-10-23,2025-11-05,9,0
2852,4,3,SKU-15,5,0,2025-10-23,2025-11-04,8,0
2853,4,3,SKU-07,5,0,2025-10-23,2025-11-12,14,1
2854,2,1,SKU-06,5,0,2025-10-23,2025-11-06,10,0
2855,3,3,SKU-04,5,0,2025-10-23,2025-11-05,9,0
2856,5,2,SKU-15,5,0,2025-10-23,2025-11-07,11,1
2857,6,3,SKU-14,5,0,2025-10-23,2025-11-03,7,0
2858,3,3,SKU-14,5,0,2025-10-23,2025-11-06,10,0
2859,4,2,SKU-07,5,0,2025-10-24,2025-11-05,8,0
2860,2,2,SKU-10,5,0,2025-10-24,2025-11-07,10,0
2861,3,2,SKU-15,5,0,2025-10-24,2025-11-07,10,0
2862,1,3,SKU-10,5,0,2025-10-24,2025-11-04,7,0
2863,5,3,SKU-06,5,0,2025-10-24,2025-11-05,8,0
2864,4,3,SKU-15,5,0,2025-10-24,2025-11-04,7,0
2865,1,1,SKU-06,5,0,2025-10-24,2025-11-05,8,0
2866,2,1,SKU-06,5,0,2025-10-24,2025-11-04,7,0
2867,5,1,SKU-15,5,0,2025-10-24,2025-11-07,10,0
2868,6,2,SKU-09,5,0,2025-10-24,2025-11-07,10,0
2869,3,3,SKU-11,5,0,2025-10-24,2025-11-06,9,0
2870,5,1,SKU-12,5,0,2025-10-24,2025-11-06,9,0
2871,6,1,SKU-14,5,0,2025-10-24,2025-11-05,8,0
2872,4,2,SKU-07,5,0,2025-10-24,2025-11-07,10,0
2873,2,3,SKU-07,5,0,2025-10-24,2025-11-06,9,0
2874,6,3,SKU-15,5,0,2025-10-24,2025-11-05,8,0
2875,3,1,SKU-06,5,0,2025-10-24,2025-11-05,8,0
2876,4,3,SKU-01,5,0,2025-10-24,2025-11-05,8,0
2877,3,3,SKU-05,5,0,2025-10-24,2025-11-06,9,0
2878,3,3,SKU-10,5,0,2025-10-24,2025-11-05,8,0
2879,2,3,SKU-08,5,0,2025-10-24,2025-11-10,11,1
2880,1,3,SKU-15,5,0,2025-10-24,2025-11-06,9,0
2881,2,1,SKU-11,5,0,2025-10-24,2025-11-04,7,0
2882,2,1,SKU-04,5,0,2025-10-24,2025-11-05,8,0
2883,1,3,SKU-01,5,0,2025-10-24,2025-11-06,9,0
2884,6,2,SKU-13,5,0,2025-10-24,2025-11-05,8,0
2885,2,2,SKU-10,5,0,2025-10-24,2025-11-04,7,0
2886,4,1,SKU-11,5,0,2025-10-24,2025-11-05,8,0
2887,1,2,SKU-12,5,0,2025-10-24,2025-11-05,8,0
2888,1,3,SKU-08,5,0,2025-10-24,2025-11-07,10,0
2889,6,3,SKU-10,5,0,2025-10-24,2025-11-05,8,0
2890,4,2,SKU-08,5,0,2025-10-24,2025-11-05,8,0
2891,1,3,SKU-14,5,0,2025-10-24,2025-11-05,8,0
2892,3,3,SKU-11,5,0,2025-10-24,2025-11-04,7,0
2893,5,3,SKU-07,5,0,2025-10-24,2025-11-10,11,1
2894,2,1,SKU-13,5,0,2025-10-24,2025-11-05,8,0
2895,3,3,SKU-05,5,0,2025-10-24,2025-11-06,9,0
2896,4,1,SKU-03,5,0,2025-10-24,2025-11-05,8,0
2897,4,1,SKU-06,5,0,2025-10-24,2025-11-07,10,0
2898,2,3,SKU-14,5,0,2025-10-24,2025-11-06,9,0
2899,1,2,SKU-07,5,0,2025-10-24,2025-10-31,5,0
2900,2,2,SKU-10,5,0,2025-10-24,2025-11-04,7,0
2901,3,1,SKU-02,5,0,2025-10-24,2025-11-05,8,0
2902,6,3,SKU-01,5,0,2025-10-24,2025-11-05,8,0
2903,6,2,SKU-08,5,0,2025-10-24,2025-11-03,6,0
2904,1,3,SKU-07,5,0,2025-10-24,2025-11-04,7,0
2905,2,1,SKU-05,5,0,2025-10-24,2025-11-05,8,0
2906,6,3,SKU-11,5,0,2025-10-24,2025-11-05,8,0
2907,3,3,SKU-11,5,0,2025-10-24,2025-11-03,6,0
2908,2,2,SKU-01,5,0,2025-10-24,2025-11-06,9,0
2909,1,1,SKU-09,5,0,2025-10-24,2025-11-07,10,0
2910,2,3,SKU-03,5,0,2025-10-24,2025-11-05,8,0
2911,5,1,SKU-03,5,0,2025-10-24,2025-11-04,7,0
2912,5,3,SKU-13,5,0,2025-10-24,2025-11-07,10,0
2913,1,3,SKU-06,5,0,2025-10-24,2025-11-07,10,0
2914,3,2,SKU-10,5,0,2025-10-24,2025-11-11,12,1
2915,1,3,SKU-11,5,0,2025-10-24,2025-11-06,9,0
2916,1,1,SKU-15,5,0,2025-10-24,2025-11-05,8,0
2917,5,3,SKU-14,5,0,2025-10-24,2025-11-05,8,0
2918,4,2,SKU-13,5,0,2025-10-25,2025-11-06,9,0
2919,4,3,SKU-15,5,0,2025-10-25,2025-11-04,7,0
2920,6,3,SKU-04,5,0,2025-10-25,2025-11-06,9,0
2921,2,1,SKU-13,5,0,2025-10-25,2025-11-07,10,0
2922,4,1,SKU-12,5,0,2025-10-25,2025-11-10,11,1
2923,2,1,SKU-08,5,0,2025-10-25,2025-11-10,11,1
2924,3,2,SKU-03,5,0,2025-10-25,2025-11-04,7,0
2925,3,1,SKU-11,5,0,2025-10-25,2025-11-03,6,0
2926,3,1,SKU-03,5,0,2025-10-25,2025-11-03,6,0
2927,5,1,SKU-15,5,0,2025-10-25,2025-11-06,9,0
2928,6,1,SKU-11,5,0,2025-10-25,2025-11-06,9,0
2929,2,3,SKU-14,5,0,2025-10-25,2025-11-05,8,0
2930,2,3,SKU-06,5,0,2025-10-25,2025-11-04,7,0
2931,3,1,SKU-12,5,0,2025-10-25,2025-11-07,10,0
2932,1,3,SKU-04,5,0,2025-10-25,2025-11-05,8,0
2933,6,1,SKU-15,5,0,2025-10-25,2025-11-04,7,0
2934,6,3,SKU-06,5,0,2025-10-25,2025-11-06,9,0
2935,5,3,SKU-10,5,0,2025-10-25,2025-11-05,8,0
2936,6,1,SKU-04,5,0,2025-10-25,2025-11-06,9,0
2937,3,2,SKU-09,5,0,2025-10-25,2025-11-06,9,0
2938,3,3,SKU-15,5,0,2025-10-25,2025-11-07,10,0
2939,4,1,SKU-11,5,0,2025-10-25,2025-11-05,8,0
2940,3,3,SKU-14,5,0,2025-10-25,2025-11-03,6,0
2941,2,3,SKU-08,5,0,2025-10-25,2025-11-06,9,0
2942,1,3,SKU-08,5,0,2025-10-25,2025-11-04,7,0
2943,3,3,SKU-12,5,0,2025-10-25,2025-11-06,9,0
2944,1,3,SKU-10,5,0,2025-10-25,2025-11-05,8,0
2945,3,3,SKU-10,5,0,2025-10-25,2025-11-06,9,0
2946,1,2,SKU-13,5,0,2025-10-25,2025-11-10,11,1
2947,4,2,SKU-14,5,0,2025-10-25,2025-11-10,11,1
2948,2,3,SKU-12,5,0,2025-10-25,2025-11-06,9,0
2949,2,2,SKU-06,5,0,2025-10-25,2025-11-07,10,0
2950,2,3,SKU-05,5,0,2025-10-25,2025-11-06,9,0
2951,4,3,SKU-10,5,0,2025-10-25,2025-11-04,7,0
2952,5,1,SKU-15,5,0,2025-10-25,2025-11-06,9,0
2953,3,1,SKU-08,5,0,2025-10-25,2025-11-05,8,0
2954,1,1,SKU-14,5,0,2025-10-25,2025-11-07,10,0
2955,1,3,SKU-06,5,0,2025-10-25,2025-11-05,8,0
2956,5,1,SKU-11,5,0,2025-10-25,2025-11-04,7,0
2957,6,3,SKU-06,5,0,2025-10-25,2025-11-07,10,0
2958,1,2,SKU-06,5,0,2025-10-25,2025-11-05,8,0
2959,4,3,SKU-12,5,0,2025-10-25,2025-11-10,11,1
2960,1,3,SKU-07,5,0,2025-10-25,2025-11-04,7,0
2961,2,3,SKU-01,5,0,2025-10-25,2025-11-07,10,0
2962,5,1,SKU-15,5,0,2025-10-25,2025-11-05,8,0
2963,6,3,SKU-08,5,0,2025-10-25,2025-11-06,9,0
2964,4,2,SKU-04,5,0,2025-10-25,2025-11-04,7,0
2965,2,2,SKU-04,5,0,2025-10-25,2025-11-07,10,0
2966,5,3,SKU-01,5,0,2025-10-25,2025-11-03,6,0
2967,4,2,SKU-07,5,0,2025-10-25,2025-11-07,10,0
2968,1,2,SKU-11,5,0,2025-10-25,2025-11-06,9,0
2969,2,1,SKU-05,5,0,2025-10-25,2025-11-07,10,0
2970,1,3,SKU-07,5,0,2025-10-25,2025-11-06,9,0
2971,5,1,SKU-01,5,0,2025-10-25,2025-11-06,9,0
2972,2,3,SKU-05,5,0,2025-10-25,2025-11-05,8,0
2973,4,1,SKU-07,5,0,2025-10-25,2025-11-05,8,0
2974,1,3,SKU-04,5,0,2025-10-25,2025-11-06,9,0
2975,2,1,SKU-04,5,0,2025-10-25,2025-11-07,10,0
2976,4,3,SKU-14,5,0,2025-10-25,2025-11-06,9,0
2977,3,3,SKU-11,5,0,2025-10-25,2025-11-06,9,0
2978,3,3,SKU-08,5,0,2025-10-25,2025-11-06,9,0
2979,3,2,SKU-12,5,0,2025-10-25,2025-11-06,9,0
2980,2,2,SKU-02,5,0,2025-10-25,2025-11-06,9,0
2981,2,1,SKU-15,5,0,2025-10-25,2025-11-06,9,0
2982,4,3,SKU-11,5,0,2025-10-25,2025-11-07,10,0
2983,5,2,SKU-14,5,0,2025-10-25,2025-11-05,8,0
2984,6,2,SKU-07,5,0,2025-10-26,2025-11-10,11,1
2985,1,1,SKU-13,5,0,2025-10-26,2025-11-07,10,0
2986,6,1,SKU-14,5,0,2025-10-26,2025-11-06,9,0
2987,1,1,SKU-12,5,0,2025-10-26,2025-11-06,9,0
2988,2,1,SKU-09,5,0,2025-10-26,2025-11-05,8,0
2989,3,1,SKU-05,5,0,2025-10-26,2025-11-07,10,0
2990,1,2,SKU-11,5,0,2025-10-26,2025-11-06,9,0
2991,1,1,SKU-08,5,0,2025-10-26,2025-11-10,11,1
2992,2,1,SKU-02,5,0,2025-10-26,2025-11-05,8,0
2993,5,1,SKU-06,5,0,2025-10-26,2025-11-03,6,0
2994,6,3,SKU-04,5,0,2025-10-26,2025-11-06,9,0
2995,1,3,SKU-02,5,0,2025-10-26,2025-11-05,8,0
2996,5,1,SKU-01,5,0,2025-10-26,2025-11-04,7,0
2997,3,2,SKU-03,5,0,2025-10-26,2025-11-06,9,0
2998,6,2,SKU-08,5,0,2025-10-26,2025-11-05,8,0
2999,6,1,SKU-04,5,0,2025-10-26,2025-11-05,8,0
3000,1,2,SKU-05,5,0,2025-10-26,2025-11-07,10,0
3001,4,3,SKU-04,5,0,2025-10-26,2025-11-05,8,0
3002,1,1,SKU-06,5,0,2025-10-26,2025-11-06,9,0
3003,1,1,SKU-08,5,0,2025-10-26,2025-11-06,9,0
3004,5,2,SKU-15,5,0,2025-10-26,2025-11-07,10,0
3005,1,3,SKU-07,5,0,2025-10-26,2025-11-05,8,0
3006,1,2,SKU-07,5,0,2025-10-26,2025-11-06,9,0
3007,5,1,SKU-08,5,0,2025-10-26,2025-11-05,8,0
3008,4,2,SKU-11,5,0,2025-10-26,2025-11-06,9,0
3009,2,2,SKU-03,5,0,2025-10-26,2025-11-05,8,0
3010,5,1,SKU-05,5,0,2025-10-26,2025-11-06,9,0
3011,2,2,SKU-02,5,0,2025-10-26,2025-10-31,5,0
3012,6,1,SKU-10,5,0,2025-10-26,2025-11-06,9,0
3013,1,1,SKU-04,5,0,2025-10-26,2025-11-04,7,0
3014,5,3,SKU-04,5,0,2025-10-26,2025-11-11,12,1
3015,4,1,SKU-15,5,0,2025-10-26,2025-11-05,8,0
3016,2,1,SKU-07,5,0,2025-10-26,2025-11-05,8,0
3017,1,3,SKU-11,5,0,2025-10-26,2025-11-05,8,0
3018,3,1,SKU-12,5,0,2025-10-26,2025-11-06,9,0
3019,6,1,SKU-13,5,0,2025-10-26,2025-11-06,9,0
3020,2,1,SKU-11,5,0,2025-10-26,2025-11-05,8,0
3021,5,1,SKU-05,5,0,2025-10-26,2025-11-10,11,1
3022,1,3,SKU-02,5,0,2025-10-26,2025-11-05,8,0
3023,6,3,SKU-13,5,0,2025-10-26,2025-11-06,9,0
3024,5,2,SKU-13,5,0,2025-10-26,2025-11-05,8,0
3025,3,3,SKU-11,5,0,2025-10-26,2025-11-05,8,0
3026,3,3,SKU-03,5,0,2025-10-26,2025-11-06,9,0
3027,3,2,SKU-01,5,0,2025-10-26,2025-11-05,8,0
3028,3,2,SKU-06,5,0,2025-10-26,2025-11-04,7,0
3029,3,1,SKU-02,5,0,2025-10-26,2025-11-07,10,0
3030,5,1,SKU-10,5,0,2025-10-26,2025-11-04,7,0
3031,1,1,SKU-08,5,0,2025-10-26,2025-11-05,8,0
3032,6,3,SKU-01,5,0,2025-10-26,2025-11-03,6,0
3033,5,3,SKU-05,5,0,2025-10-26,2025-11-03,6,0
3034,1,1,SKU-04,5,0,2025-10-26,2025-11-07,10,0
3035,4,1,SKU-03,5,0,2025-10-26,2025-11-06,9,0
3036,1,2,SKU-05,6,0,2025-10-27,2025-11-05,7,0
3037,1,2,SKU-08,6,0,2025-10-27,2025-11-10,10,0
3038,1,3,SKU-04,6,0,2025-10-27,2025-11-06,8,0
3039,5,2,SKU-08,6,0,2025-10-27,2025-11-07,9,0
3040,1,3,SKU-06,6,0,2025-10-27,2025-11-05,7,0
3041,1,2,SKU-14,6,0,2025-10-27,2025-11-10,10,0
3042,2,2,SKU-14,6,0,2025-10-27,2025-11-07,9,0
3043,3,1,SKU-03,6,0,2025-10-27,2025-11-06,8,0
3044,2,2,SKU-11,6,0,2025-10-27,2025-11-06,8,0
3045,6,3,SKU-04,6,0,2025-10-27,2025-11-05,7,0
3046,2,1,SKU-07,6,0,2025-10-27,2025-11-05,7,0
3047,1,3,SKU-14,6,0,2025-10-27,2025-11-07,9,0
3048,5,3,SKU-02,6,0,2025-10-27,2025-11-10,10,0
3049,2,3,SKU-04,6,0,2025-10-27,2025-11-06,8,0
3050,3,2,SKU-07,6,0,2025-10-27,2025-11-10,10,0
3051,4,3,SKU-05,6,0,2025-10-27,2025-11-06,8,0
3052,5,1,SKU-14,6,0,2025-10-27,2025-11-06,8,0
3053,5,3,SKU-05,6,0,2025-10-27,2025-11-07,9,0
3054,3,3,SKU-09,6,0,2025-10-27,2025-11-10,10,0
3055,5,1,SKU-13,6,0,2025-10-27,2025-11-10,10,0
3056,3,3,SKU-04,6,0,2025-10-27,2025-11-07,9,0
3057,5,2,SKU-08,6,0,2025-10-27,2025-11-06,8,0
3058,2,2,SKU-11,6,0,2025-10-27,2025-11-06,8,0
3059,5,1,SKU-07,6,0,2025-10-27,2025-11-06,8,0
3060,4,1,SKU-11,6,0,2025-10-27,2025-11-06,8,0
3061,3,1,SKU-04,6,0,2025-10-27,2025-11-11,11,1
3062,1,2,SKU-01,6,0,2025-10-27,2025-11-07,9,0
3063,4,2,SKU-13,6,0,2025-10-27,2025-11-06,8,0
3064,2,2,SKU-15,6,0,2025-10-27,2025-11-07,9,0
3065,1,1,SKU-07,6,0,2025-10-27,2025-11-05,7,0
3066,5,3,SKU-05,6,0,2025-10-27,2025-11-11,11,1
3067,3,3,SKU-12,6,0,2025-10-27,2025-11-07,9,0
3068,4,1,SKU-03,6,0,2025-10-27,2025-11-05,7,0
3069,6,1,SKU-06,6,0,2025-10-27,2025-11-06,8,0
3070,4,3,SKU-09,6,0,2025-10-27,2025-11-10,10,0
3071,5,3,SKU-11,6,0,2025-10-27,2025-11-06,8,0
3072,6,3,SKU-01,6,0,2025-10-27,2025-11-06,8,0
3073,6,2,SKU-01,6,0,2025-10-27,2025-11-10,10,0
3074,3,2,SKU-06,6,0,2025-10-27,2025-11-04,6,0
3075,5,3,SKU-03,6,0,2025-10-27,2025-11-11,11,1
3076,5,2,SKU-10,6,0,2025-10-27,2025-11-07,9,0
3077,4,2,SKU-04,6,0,2025-10-27,2025-11-05,7,0
3078,1,3,SKU-03,6,0,2025-10-27,2025-11-10,10,0
3079,5,2,SKU-11,6,0,2025-10-27,2025-11-06,8,0
3080,4,1,SKU-02,6,0,2025-10-27,2025-11-07,9,0
3081,5,3,SKU-06,6,0,2025-10-27,2025-11-06,8,0
3082,4,3,SKU-11,6,0,2025-10-27,2025-11-06,8,0
3083,3,1,SKU-09,6,0,2025-10-27,2025-11-07,9,0
3084,6,3,SKU-04,6,0,2025-10-27,2025-11-06,8,0
3085,2,1,SKU-12,6,0,2025-10-27,2025-11-07,9,0
3086,6,2,SKU-02,6,0,2025-10-27,2025-11-07,9,0
3087,1,3,SKU-01,6,0,2025-10-27,2025-11-04,6,0
3088,6,1,SKU-07,6,0,2025-10-27,2025-11-06,8,0
3089,2,2,SKU-01,6,0,2025-10-27,2025-11-07,9,0
3090,1,3,SKU-07,6,0,2025-10-27,2025-11-07,9,0
3091,2,2,SKU-09,6,0,2025-10-27,2025-11-07,9,0
3092,3,1,SKU-10,6,0,2025-10-27,2025-11-07,9,0
3093,2,3,SKU-01,6,0,2025-10-28,2025-11-10,9,0
3094,5,2,SKU-07,6,0,2025-10-28,2025-11-10,9,0
3095,5,1,SKU-14,6,0,2025-10-28,2025-11-07,8,0
3096,5,2,SKU-03,6,0,2025-10-28,2025-11-06,7,0
3097,6,3,SKU-12,6,0,2025-10-28,2025-11-10,9,0
3098,3,3,SKU-05,6,0,2025-10-28,2025-11-10,9,0
3099,4,3,SKU-14,6,0,2025-10-28,2025-11-07,8,0
3100,6,3,SKU-10,6,0,2025-10-28,2025-11-11,10,0
3101,2,2,SKU-07,6,0,2025-10-28,2025-11-11,10,0
3102,1,1,SKU-01,6,0,2025-10-28,2025-11-07,8,0
3103,3,3,SKU-09,6,0,2025-10-28,2025-11-10,9,0
3104,6,2,SKU-06,6,0,2025-10-28,2025-11-10,9,0
3105,2,3,SKU-08,6,0,2025-10-28,2025-11-11,10,0
3106,6,1,SKU-01,6,0,2025-10-28,2025-11-10,9,0
3107,5,3,SKU-14,6,0,2025-10-28,2025-11-06,7,0
3108,5,3,SKU-05,6,0,2025-10-28,2025-11-10,9,0
3109,4,1,SKU-14,6,0,2025-10-28,2025-11-06,7,0
3110,2,2,SKU-14,6,0,2025-10-28,2025-11-05,6,0
3111,6,1,SKU-09,6,0,2025-10-28,2025-11-10,9,0
3112,4,3,SKU-12,6,0,2025-10-28,2025-11-11,10,0
3113,6,1,SKU-03,6,0,2025-10-28,2025-11-10,9,0
3114,1,2,SKU-05,6,0,2025-10-28,2025-11-10,9,0
3115,5,2,SKU-11,6,0,2025-10-28,2025-11-11,10,0
3116,4,3,SKU-01,6,0,2025-10-28,2025-11-11,10,0
3117,2,3,SKU-12,6,0,2025-10-28,2025-11-10,9,0
3118,2,3,SKU-02,6,0,2025-10-28,2025-11-07,8,0
3119,4,3,SKU-03,6,0,2025-10-28,2025-11-06,7,0
3120,1,2,SKU-02,6,0,2025-10-28,2025-11-10,9,0
3121,1,3,SKU-09,6,0,2025-10-28,2025-11-11,10,0
3122,3,3,SKU-05,6,0,2025-10-28,2025-11-11,10,0
3123,6,2,SKU-10,6,0,2025-10-28,2025-11-07,8,0
3124,3,3,SKU-11,6,0,2025-10-28,2025-11-13,12,1
3125,5,3,SKU-08,6,0,2025-10-28,2025-11-07,8,0
3126,2,2,SKU-02,6,0,2025-10-28,2025-11-11,10,0
3127,1,1,SKU-09,6,0,2025-10-28,2025-11-11,10,0
3128,2,1,SKU-13,6,0,2025-10-28,2025-11-12,11,1
3129,3,1,SKU-06,6,0,2025-10-28,2025-11-10,9,0
3130,4,3,SKU-04,6,0,2025-10-28,2025-11-06,7,0
3131,2,1,SKU-05,6,0,2025-10-28,2025-11-11,10,0
3132,4,1,SKU-15,6,0,2025-10-28,2025-11-07,8,0
3133,3,3,SKU-10,6,0,2025-10-28,2025-11-10,9,0
3134,4,2,SKU-09,6,0,2025-10-28,2025-11-06,7,0
3135,3,2,SKU-14,6,0,2025-10-28,2025-11-11,10,0
3136,1,2,SKU-03,6,0,2025-10-28,2025-11-11,10,0
3137,1,1,SKU-07,6,0,2025-10-28,2025-11-07,8,0
3138,5,2,SKU-05,6,0,2025-10-28,2025-11-06,7,0
3139,1,1,SKU-01,6,0,2025-10-28,2025-11-10,9,0
3140,5,1,SKU-08,6,0,2025-10-28,2025-11-07,8,0
3141,5,3,SKU-15,6,0,2025-10-28,2025-11-11,10,0
3142,4,3,SKU-12,6,0,2025-10-28,2025-11-06,7,0
3143,2,3,SKU-05,6,0,2025-10-28,2025-11-10,9,0
3144,1,2,SKU-13,6,0,2025-10-28,2025-11-06,7,0
3145,4,1,SKU-01,6,0,2025-10-28,2025-11-07,8,0
3146,4,2,SKU-12,6,0,2025-10-28,2025-11-07,8,0
3147,2,2,SKU-03,6,0,2025-10-28,2025-11-06,7,0
3148,4,3,SKU-09,6,0,2025-10-28,2025-11-07,8,0
3149,3,3,SKU-08,6,0,2025-10-28,2025-11-10,9,0
3150,3,3,SKU-14,6,0,2025-10-28,2025-11-07,8,0
3151,5,3,SKU-03,6,0,2025-10-28,2025-11-06,7,0
3152,2,2,SKU-14,6,0,2025-10-28,2025-11-07,8,0
3153,4,2,SKU-02,6,0,2025-10-28,2025-11-05,6,0
3154,3,2,SKU-08,6,0,2025-10-28,2025-11-07,8,0
3155,3,1,SKU-15,6,0,2025-10-28,2025-11-10,9,0
3156,4,3,SKU-13,6,0,2025-10-28,2025-11-10,9,0
3157,4,1,SKU-06,6,0,2025-10-28,2025-11-11,10,0
3158,2,1,SKU-15,6,0,2025-10-28,2025-11-11,10,0
3159,2,3,SKU-15,6,0,2025-10-28,2025-11-10,9,0
3160,4,1,SKU-01,6,0,2025-10-28,2025-11-07,8,0
3161,4,1,SKU-15,6,0,2025-10-28,2025-11-14,13,1
3162,6,3,SKU-03,6,0,2025-10-28,2025-11-11,10,0
3163,6,1,SKU-09,6,0,2025-10-28,2025-11-07,8,0
3164,1,3,SKU-04,6,0,2025-10-28,2025-11-07,8,0
3165,1,2,SKU-14,6,0,2025-10-28,2025-11-07,8,0
3166,2,2,SKU-11,6,0,2025-10-28,2025-11-06,7,0
3167,2,1,SKU-07,6,0,2025-10-29,2025-11-11,9,0
3168,1,3,SKU-15,6,0,2025-10-29,2025-11-11,9,0
3169,6,2,SKU-07,6,0,2025-10-29,2025-11-07,7,0
3170,6,1,SKU-06,6,0,2025-10-29,2025-11-07,7,0
3171,4,3,SKU-03,6,0,2025-10-29,2025-11-07,7,0
3172,1,2,SKU-06,6,0,2025-10-29,2025-11-12,10,0
3173,4,3,SKU-02,6,0,2025-10-29,2025-11-11,9,0
3174,4,3,SKU-11,6,0,2025-10-29,2025-11-10,8,0
3175,3,3,SKU-07,6,0,2025-10-29,2025-11-12,10,0
3176,4,1,SKU-13,6,0,2025-10-29,2025-11-10,8,0
3177,6,1,SKU-04,6,0,2025-10-29,2025-11-13,11,1
3178,2,2,SKU-13,6,0,2025-10-29,2025-11-11,9,0
3179,5,2,SKU-02,6,0,2025-10-29,2025-11-12,10,0
3180,1,1,SKU-12,6,0,2025-10-29,2025-11-10,8,0
3181,5,3,SKU-02,6,0,2025-10-29,2025-11-10,8,0
3182,5,3,SKU-03,6,0,2025-10-29,2025-11-12,10,0
3183,6,3,SKU-09,6,0,2025-10-29,2025-11-11,9,0
3184,1,1,SKU-13,6,0,2025-10-29,2025-11-11,9,0
3185,6,3,SKU-09,6,0,2025-10-29,2025-11-12,10,0
3186,2,1,SKU-12,6,0,2025-10-29,2025-11-10,8,0
3187,4,3,SKU-10,6,0,2025-10-29,2025-11-12,10,0
3188,2,2,SKU-08,6,0,2025-10-29,2025-11-11,9,0
3189,2,1,SKU-02,6,0,2025-10-29,2025-11-14,12,1
3190,5,1,SKU-14,6,0,2025-10-29,2025-11-11,9,0
3191,4,2,SKU-08,6,0,2025-10-29,2025-11-06,6,0
3192,5,3,SKU-11,6,0,2025-10-29,2025-11-13,11,1
3193,5,2,SKU-11,6,0,2025-10-29,2025-11-10,8,0
3194,3,1,SKU-02,6,0,2025-10-29,2025-11-11,9,0
3195,4,2,SKU-15,6,0,2025-10-29,2025-11-12,10,0
3196,5,1,SKU-15,6,0,2025-10-29,2025-11-10,8,0
3197,3,1,SKU-13,6,0,2025-10-29,2025-11-12,10,0
3198,5,1,SKU-10,6,0,2025-10-29,2025-11-10,8,0
3199,5,3,SKU-14,6,0,2025-10-29,2025-11-10,8,0
3200,4,3,SKU-01,6,0,2025-10-29,2025-11-11,9,0
3201,1,1,SKU-05,6,0,2025-10-29,2025-11-10,8,0
3202,4,3,SKU-06,6,0,2025-10-29,2025-11-11,9,0
3203,2,3,SKU-02,6,0,2025-10-29,2025-11-07,7,0
3204,6,1,SKU-02,6,0,2025-10-29,2025-11-07,7,0
3205,6,1,SKU-12,6,0,2025-10-29,2025-11-12,10,0
3206,5,2,SKU-06,6,0,2025-10-29,2025-11-10,8,0
3207,3,1,SKU-14,6,0,2025-10-29,2025-11-11,9,0
3208,1,1,SKU-14,6,0,2025-10-29,2025-11-10,8,0
3209,6,2,SKU-08,6,0,2025-10-29,2025-11-11,9,0
3210,4,3,SKU-07,6,0,2025-10-29,2025-11-07,7,0
3211,6,3,SKU-05,6,0,2025-10-29,2025-11-10,8,0
3212,6,1,SKU-10,6,0,2025-10-29,2025-11-11,9,0
3213,4,1,SKU-11,6,0,2025-10-29,2025-11-07,7,0
3214,2,1,SKU-02,6,0,2025-10-29,2025-11-12,10,0
3215,4,3,SKU-14,6,0,2025-10-29,2025-11-11,9,0
3216,6,1,SKU-01,6,0,2025-10-29,2025-11-10,8,0
3217,3,2,SKU-08,6,0,2025-10-29,2025-11-10,8,0
3218,6,3,SKU-06,6,0,2025-10-29,2025-11-07,7,0
3219,1,1,SKU-03,6,0,2025-10-29,2025-11-10,8,0
3220,2,3,SKU-03,6,0,2025-10-29,2025-11-12,10,0
3221,6,2,SKU-03,6,0,2025-10-29,2025-11-07,7,0
3222,6,1,SKU-09,6,0,2025-10-29,2025-11-11,9,0
3223,5,3,SKU-02,6,0,2025-10-29,2025-11-06,6,0
3224,3,1,SKU-05,6,0,2025-10-29,2025-11-11,9,0
3225,6,3,SKU-07,6,0,2025-10-29,2025-11-12,10,0
3226,3,3,SKU-12,6,0,2025-10-29,2025-11-11,9,0
3227,6,3,SKU-15,6,0,2025-10-29,2025-11-13,11,1
3228,1,2,SKU-15,6,0,2025-10-29,2025-11-13,11,1
3229,5,2,SKU-12,6,0,2025-10-29,2025-11-11,9,0
3230,3,2,SKU-14,6,0,2025-10-29,2025-11-12,10,0
3231,3,3,SKU-05,6,0,2025-10-29,2025-11-11,9,0
3232,3,1,SKU-04,6,0,2025-10-29,2025-11-10,8,0
3233,6,2,SKU-03,6,0,2025-10-29,2025-11-11,9,0
3234,3,3,SKU-03,6,0,2025-10-29,2025-11-07,7,0
3235,6,2,SKU-02,6,0,2025-10-29,2025-11-10,8,0
3236,5,2,SKU-13,6,0,2025-10-29,2025-11-11,9,0
3237,1,2,SKU-09,6,0,2025-10-29,2025-11-06,6,0
3238,2,2,SKU-05,6,0,2025-10-29,2025-11-07,7,0
3239,3,3,SKU-09,6,0,2025-10-29,2025-11-10,8,0
3240,1,3,SKU-03,6,0,2025-10-29,2025-11-10,8,0
3241,1,1,SKU-05,6,0,2025-10-30,2025-11-10,7,0
3242,6,1,SKU-07,6,0,2025-10-30,2025-11-11,8,0
3243,4,1,SKU-01,6,0,2025-10-30,2025-11-12,9,0
3244,5,1,SKU-12,6,0,2025-10-30,2025-11-11,8,0
3245,6,1,SKU-14,6,0,2025-10-30,2025-11-10,7,0
3246,2,1,SKU-14,6,0,2025-10-30,2025-11-12,9,0
3247,1,2,SKU-15,6,0,2025-10-30,2025-11-12,9,0
3248,4,3,SKU-10,6,0,2025-10-30,2025-11-11,8,0
3249,2,3,SKU-07,6,0,2025-10-30,2025-11-11,8,0
3250,5,1,SKU-09,6,0,2025-10-30,2025-11-11,8,0
3251,5,2,SKU-04,6,0,2025-10-30,2025-11-12,9,0
3252,1,2,SKU-12,6,0,2025-10-30,2025-11-13,10,0
3253,3,3,SKU-08,6,0,2025-10-30,2025-11-12,9,0
3254,5,3,SKU-15,6,0,2025-10-30,2025-11-12,9,0
3255,3,3,SKU-10,6,0,2025-10-30,2025-11-13,10,0
3256,2,3,SKU-15,6,0,2025-10-30,2025-11-12,9,0
3257,3,3,SKU-12,6,0,2025-10-30,2025-11-10,7,0
3258,6,2,SKU-07,6,0,2025-10-30,2025-11-12,9,0
3259,3,2,SKU-06,6,0,2025-10-30,2025-11-11,8,0
3260,6,1,SKU-05,6,0,2025-10-30,2025-11-14,11,1
3261,6,1,SKU-08,6,0,2025-10-30,2025-11-12,9,0
3262,5,3,SKU-09,6,0,2025-10-30,2025-11-11,8,0
3263,4,2,SKU-10,6,0,2025-10-30,2025-11-10,7,0
3264,6,2,SKU-07,6,0,2025-10-30,2025-11-10,7,0
3265,6,2,SKU-01,6,0,2025-10-30,2025-11-10,7,0
3266,2,2,SKU-05,6,0,2025-10-30,2025-11-13,10,0
3267,1,1,SKU-07,6,0,2025-10-30,2025-11-11,8,0
3268,6,2,SKU-03,6,0,2025-10-30,2025-11-11,8,0
3269,1,3,SKU-11,6,0,2025-10-30,2025-11-12,9,0
3270,4,2,SKU-03,6,0,2025-10-30,2025-11-12,9,0
3271,6,2,SKU-15,6,0,2025-10-30,2025-11-13,10,0
3272,3,2,SKU-09,6,0,2025-10-30,2025-11-07,6,0
3273,6,1,SKU-13,6,0,2025-10-30,2025-11-13,10,0
3274,3,3,SKU-11,6,0,2025-10-30,2025-11-12,9,0
3275,6,3,SKU-01,6,0,2025-10-30,2025-11-11,8,0
3276,1,3,SKU-12,6,0,2025-10-30,2025-11-11,8,0
3277,4,1,SKU-04,6,0,2025-10-30,2025-11-12,9,0
3278,1,2,SKU-03,6,0,2025-10-30,2025-11-10,7,0
3279,6,3,SKU-11,6,0,2025-10-30,2025-11-10,7,0
3280,4,3,SKU-04,6,0,2025-10-30,2025-11-10,7,0
3281,2,2,SKU-06,6,0,2025-10-30,2025-11-12,9,0
3282,5,1,SKU-10,6,0,2025-10-30,2025-11-10,7,0
3283,2,1,SKU-02,6,0,2025-10-30,2025-11-11,8,0
3284,3,2,SKU-09,6,0,2025-10-30,2025-11-12,9,0
3285,5,2,SKU-10,6,0,2025-10-30,2025-11-11,8,0
3286,3,2,SKU-09,6,0,2025-10-30,2025-11-12,9,0
3287,3,3,SKU-09,6,0,2025-10-30,2025-11-11,8,0
3288,4,3,SKU-12,6,0,2025-10-30,2025-11-11,8,0
3289,4,1,SKU-15,6,0,2025-10-30,2025-11-11,8,0
3290,1,3,SKU-14,6,0,2025-10-30,2025-11-12,9,0
3291,3,2,SKU-05,6,0,2025-10-30,2025-11-12,9,0
3292,3,3,SKU-11,6,0,2025-10-30,2025-11-11,8,0
3293,1,3,SKU-03,6,0,2025-10-30,2025-11-12,9,0
3294,5,1,SKU-09,6,0,2025-10-30,2025-11-13,10,0
3295,5,3,SKU-11,6,0,2025-10-30,2025-11-12,9,0
3296,4,2,SKU-08,6,0,2025-10-30,2025-11-11,8,0
3297,6,1,SKU-11,6,0,2025-10-30,2025-11-07,6,0
3298,6,1,SKU-14,6,0,2025-10-30,2025-11-13,10,0
3299,4,3,SKU-06,6,0,2025-10-30,2025-11-12,9,0
3300,4,2,SKU-08,6,0,2025-10-30,2025-11-12,9,0
3301,1,2,SKU-01,6,0,2025-10-30,2025-11-11,8,0
3302,1,3,SKU-04,6,0,2025-10-30,2025-11-11,8,0
3303,6,3,SKU-06,6,0,2025-10-30,2025-11-11,8,0
3304,4,3,SKU-07,6,0,2025-10-30,2025-11-13,10,0
3305,6,1,SKU-10,6,0,2025-10-30,2025-11-10,7,0
3306,4,1,SKU-05,6,0,2025-10-30,2025-11-12,9,0
3307,4,2,SKU-14,6,0,2025-10-30,2025-11-13,10,0
3308,5,2,SKU-05,6,0,2025-10-30,2025-11-13,10,0
3309,6,1,SKU-04,6,0,2025-10-30,2025-11-10,7,0
3310,4,3,SKU-08,6,0,2025-10-30,2025-11-11,8,0
3311,2,2,SKU-02,6,0,2025-10-30,2025-11-11,8,0
3312,1,1,SKU-07,6,0,2025-10-30,2025-11-12,9,0
3313,3,3,SKU-15,6,0,2025-10-30,2025-11-11,8,0
3314,4,3,SKU-07,6,0,2025-10-30,2025-11-14,11,1
3315,6,2,SKU-03,6,0,2025-10-30,2025-11-12,9,0
3316,1,3,SKU-08,6,0,2025-10-31,2025-11-14,10,0
3317,3,1,SKU-15,6,0,2025-10-31,2025-11-10,6,0
3318,6,3,SKU-08,6,0,2025-10-31,2025-11-13,9,0
3319,6,3,SKU-15,6,0,2025-10-31,2025-11-17,11,1
3320,2,3,SKU-11,6,0,2025-10-31,2025-11-11,7,0
3321,3,2,SKU-15,6,0,2025-10-31,2025-11-12,8,0
3322,5,1,SKU-09,6,0,2025-10-31,2025-11-12,8,0
3323,6,2,SKU-02,6,0,2025-10-31,2025-11-12,8,0
3324,6,2,SKU-04,6,0,2025-10-31,2025-11-12,8,0
3325,3,2,SKU-06,6,0,2025-10-31,2025-11-14,10,0
3326,1,2,SKU-08,6,0,2025-10-31,2025-11-12,8,0
3327,5,2,SKU-07,6,0,2025-10-31,2025-11-13,9,0
3328,4,1,SKU-08,6,0,2025-10-31,2025-11-14,10,0
3329,2,1,SKU-11,6,0,2025-10-31,2025-11-12,8,0
3330,3,1,SKU-03,6,0,2025-10-31,2025-11-18,12,1
3331,2,1,SKU-10,6,0,2025-10-31,2025-11-14,10,0
3332,2,2,SKU-02,6,0,2025-10-31,2025-11-10,6,0
3333,2,1,SKU-12,6,0,2025-10-31,2025-11-11,7,0
3334,3,1,SKU-05,6,0,2025-10-31,2025-11-12,8,0
3335,1,3,SKU-03,6,0,2025-10-31,2025-11-14,10,0
3336,6,2,SKU-01,6,0,2025-10-31,2025-11-13,9,0
3337,6,3,SKU-12,6,0,2025-10-31,2025-11-11,7,0
3338,6,2,SKU-09,6,0,2025-10-31,2025-11-18,12,1
3339,4,1,SKU-12,6,0,2025-10-31,2025-11-14,10,0
3340,5,3,SKU-11,6,0,2025-10-31,2025-11-13,9,0
3341,3,3,SKU-03,6,0,2025-10-31,2025-11-12,8,0
3342,6,3,SKU-07,6,0,2025-10-31,2025-11-13,9,0
3343,5,3,SKU-10,6,0,2025-10-31,2025-11-12,8,0
3344,6,3,SKU-13,6,0,2025-10-31,2025-11-13,9,0
3345,6,1,SKU-03,6,0,2025-10-31,2025-11-12,8,0
3346,1,3,SKU-09,6,0,2025-10-31,2025-11-13,9,0
3347,2,1,SKU-08,6,0,2025-10-31,2025-11-12,8,0
3348,3,3,SKU-15,6,0,2025-10-31,2025-11-10,6,0
3349,6,2,SKU-11,6,0,2025-10-31,2025-11-13,9,0
3350,3,3,SKU-11,6,0,2025-10-31,2025-11-12,8,0
3351,2,1,SKU-10,6,0,2025-10-31,2025-11-13,9,0
3352,5,1,SKU-12,6,0,2025-10-31,2025-11-13,9,0
3353,1,1,SKU-13,6,0,2025-10-31,2025-11-12,8,0
3354,5,1,SKU-02,6,0,2025-10-31,2025-11-13,9,0
3355,2,1,SKU-08,6,0,2025-10-31,2025-11-14,10,0
3356,3,1,SKU-04,6,0,2025-10-31,2025-11-13,9,0
3357,4,2,SKU-07,6,0,2025-10-31,2025-11-10,6,0
3358,6,2,SKU-03,6,0,2025-10-31,2025-11-13,9,0
3359,5,3,SKU-03,6,0,2025-10-31,2025-11-14,10,0
3360,4,2,SKU-15,6,0,2025-10-31,2025-11-13,9,0
3361,5,2,SKU-10,6,0,2025-10-31,2025-11-12,8,0
3362,5,2,SKU-14,6,0,2025-10-31,2025-11-12,8,0
3363,4,2,SKU-07,6,0,2025-10-31,2025-11-13,9,0
3364,3,1,SKU-03,6,0,2025-10-31,2025-11-13,9,0
3365,4,3,SKU-13,6,0,2025-10-31,2025-11-12,8,0
3366,2,2,SKU-06,6,0,2025-10-31,2025-11-14,10,0
3367,4,2,SKU-09,6,0,2025-10-31,2025-11-14,10,0
3368,5,2,SKU-11,6,0,2025-10-31,2025-11-17,11,1
3369,1,2,SKU-05,6,0,2025-10-31,2025-11-12,8,0
3370,6,1,SKU-13,6,0,2025-10-31,2025-11-13,9,0
3371,1,1,SKU-02,6,0,2025-10-31,2025-11-10,6,0
3372,6,2,SKU-07,6,0,2025-10-31,2025-11-13,9,0
3373,4,1,SKU-10,6,0,2025-11-01,2025-11-11,7,0
3374,5,3,SKU-03,6,0,2025-11-01,2025-11-17,11,1
3375,4,2,SKU-09,6,0,2025-11-01,2025-11-12,8,0
3376,5,2,SKU-14,6,0,2025-11-01,2025-11-11,7,0
3377,5,1,SKU-04,6,0,2025-11-01,2025-11-10,6,0
3378,6,1,SKU-05,6,0,2025-11-01,2025-11-12,8,0
3379,6,2,SKU-04,6,0,2025-11-01,2025-11-13,9,0
3380,4,2,SKU-12,6,0,2025-11-01,2025-11-13,9,0
3381,5,2,SKU-15,6,0,2025-11-01,2025-11-13,9,0
3382,4,3,SKU-09,6,0,2025-11-01,2025-11-13,9,0
3383,3,2,SKU-03,6,0,2025-11-01,2025-11-18,12,1
3384,5,3,SKU-07,6,0,2025-11-01,2025-11-17,11,1
3385,3,1,SKU-02,6,0,2025-11-01,2025-11-12,8,0
3386,5,1,SKU-10,6,0,2025-11-01,2025-11-14,10,0
3387,4,2,SKU-07,6,0,2025-11-01,2025-11-13,9,0
3388,5,1,SKU-13,6,0,2025-11-01,2025-11-14,10,0
3389,6,3,SKU-09,6,0,2025-11-01,2025-11-11,7,0
3390,3,2,SKU-11,6,0,2025-11-01,2025-11-12,8,0
3391,4,1,SKU-15,6,0,2025-11-01,2025-11-10,6,0
3392,2,2,SKU-03,6,0,2025-11-01,2025-11-14,10,0
3393,5,3,SKU-02,6,0,2025-11-01,2025-11-12,8,0
3394,5,2,SKU-13,6,0,2025-11-01,2025-11-11,7,0
3395,2,2,SKU-10,6,0,2025-11-01,2025-11-12,8,0
3396,3,2,SKU-05,6,0,2025-11-01,2025-11-14,10,0
3397,6,2,SKU-09,6,0,2025-11-01,2025-11-18,12,1
3398,4,3,SKU-12,6,0,2025-11-01,2025-11-17,11,1
3399,4,2,SKU-09,6,0,2025-11-01,2025-11-14,10,0
3400,5,2,SKU-10,6,0,2025-11-01,2025-11-13,9,0
3401,3,2,SKU-07,6,0,2025-11-01,2025-11-13,9,0
3402,6,1,SKU-13,6,0,2025-11-01,2025-11-13,9,0
3403,4,2,SKU-06,6,0,2025-11-01,2025-11-13,9,0
3404,5,3,SKU-03,6,0,2025-11-01,2025-11-13,9,0
3405,1,2,SKU-03,6,0,2025-11-01,2025-11-10,6,0
3406,2,1,SKU-12,6,0,2025-11-01,2025-11-14,10,0
3407,3,3,SKU-08,6,0,2025-11-01,2025-11-14,10,0
3408,6,3,SKU-01,6,0,2025-11-01,2025-11-13,9,0
3409,1,1,SKU-10,6,0,2025-11-01,2025-11-12,8,0
3410,6,2,SKU-05,6,0,2025-11-01,2025-11-11,7,0
3411,3,2,SKU-02,6,0,2025-11-01,2025-11-13,9,0
3412,5,2,SKU-07,6,0,2025-11-01,2025-11-14,10,0
3413,6,3,SKU-03,6,0,2025-11-01,2025-11-11,7,0
3414,4,3,SKU-14,6,0,2025-11-01,2025-11-13,9,0
3415,4,2,SKU-08,6,0,2025-11-01,2025-11-12,8,0
3416,5,1,SKU-01,6,0,2025-11-01,2025-11-10,6,0
3417,6,3,SKU-04,6,0,2025-11-01,2025-11-14,10,0
3418,5,2,SKU-01,6,0,2025-11-01,2025-11-12,8,0
3419,2,1,SKU-13,6,0,2025-11-01,2025-11-14,10,0
3420,6,1,SKU-14,6,0,2025-11-01,2025-11-12,8,0
3421,4,3,SKU-07,6,0,2025-11-01,2025-11-12,8,0
3422,4,2,SKU-09,6,0,2025-11-01,2025-11-10,6,0
3423,3,3,SKU-12,6,0,2025-11-01,2025-11-11,7,0
3424,4,3,SKU-04,6,0,2025-11-01,2025-11-11,7,0
3425,2,2,SKU-07,6,0,2025-11-01,2025-11-12,8,0
3426,1,1,SKU-09,6,0,2025-11-01,2025-11-12,8,0
3427,1,3,SKU-12,6,0,2025-11-01,2025-11-12,8,0
3428,4,3,SKU-15,6,0,2025-11-01,2025-11-11,7,0
3429,2,1,SKU-12,6,0,2025-11-01,2025-11-13,9,0
3430,2,1,SKU-10,6,0,2025-11-02,2025-11-12,8,0
3431,3,3,SKU-04,6,0,2025-11-02,2025-11-13,9,0
3432,5,3,SKU-08,6,0,2025-11-02,2025-11-13,9,0
3433,1,3,SKU-01,6,0,2025-11-02,2025-11-14,10,0
3434,6,2,SKU-02,6,0,2025-11-02,2025-11-13,9,0
3435,3,2,SKU-08,6,0,2025-11-02,2025-11-13,9,0
3436,6,2,SKU-05,6,0,2025-11-02,2025-11-14,10,0
3437,4,3,SKU-14,6,0,2025-11-02,2025-11-12,8,0
3438,5,3,SKU-05,6,0,2025-11-02,2025-11-12,8,0
3439,3,3,SKU-14,6,0,2025-11-02,2025-11-14,10,0
3440,2,3,SKU-08,6,0,2025-11-02,2025-11-17,11,1
3441,6,2,SKU-08,6,0,2025-11-02,2025-11-12,8,0
3442,6,2,SKU-13,6,0,2025-11-02,2025-11-12,8,0
3443,1,2,SKU-04,6,0,2025-11-02,2025-11-11,7,0
3444,4,2,SKU-14,6,0,2025-11-02,2025-11-12,8,0
3445,3,1,SKU-06,6,0,2025-11-02,2025-11-13,9,0
3446,4,2,SKU-11,6,0,2025-11-02,2025-11-18,12,1
3447,5,1,SKU-03,6,0,2025-11-02,2025-11-11,7,0
3448,2,3,SKU-04,6,0,2025-11-02,2025-11-13,9,0
3449,2,3,SKU-14,6,0,2025-11-02,2025-11-13,9,0
3450,1,2,SKU-09,6,0,2025-11-02,2025-11-10,6,0
3451,3,3,SKU-11,6,0,2025-11-02,2025-11-14,10,0
3452,5,3,SKU-08,6,0,2025-11-02,2025-11-18,12,1
3453,6,3,SKU-12,6,0,2025-11-02,2025-11-13,9,0
3454,3,1,SKU-15,6,0,2025-11-02,2025-11-11,7,0
3455,3,2,SKU-08,6,0,2025-11-02,2025-11-13,9,0
3456,1,2,SKU-04,6,0,2025-11-02,2025-11-14,10,0
3457,5,3,SKU-11,6,0,2025-11-02,2025-11-10,6,0
3458,6,3,SKU-09,6,0,2025-11-02,2025-11-12,8,0
3459,3,1,SKU-09,6,0,2025-11-02,2025-11-14,10,0
3460,1,3,SKU-03,6,0,2025-11-02,2025-11-12,8,0
3461,4,3,SKU-15,6,0,2025-11-02,2025-11-13,9,0
3462,6,1,SKU-11,6,0,2025-11-02,2025-11-11,7,0
3463,3,3,SKU-01,6,0,2025-11-02,2025-11-12,8,0
3464,1,3,SKU-15,6,0,2025-11-02,2025-11-12,8,0
3465,4,1,SKU-13,6,0,2025-11-02,2025-11-17,11,1
3466,2,3,SKU-12,6,0,2025-11-02,2025-11-12,8,0
3467,4,3,SKU-03,6,0,2025-11-02,2025-11-13,9,0
3468,3,2,SKU-06,6,0,2025-11-02,2025-11-12,8,0
3469,1,3,SKU-05,6,0,2025-11-02,2025-11-17,11,1
3470,1,3,SKU-01,6,0,2025-11-02,2025-11-17,11,1
3471,4,3,SKU-15,6,0,2025-11-02,2025-11-12,8,0
3472,5,3,SKU-01,6,0,2025-11-02,2025-11-14,10,0
3473,1,3,SKU-12,6,0,2025-11-02,2025-11-14,10,0
3474,3,1,SKU-07,6,0,2025-11-02,2025-11-13,9,0
3475,4,3,SKU-12,6,0,2025-11-02,2025-11-14,10,0
3476,2,3,SKU-12,6,0,2025-11-02,2025-11-13,9,0
3477,4,2,SKU-05,6,0,2025-11-02,2025-11-17,11,1
3478,4,1,SKU-15,6,0,2025-11-02,2025-11-11,7,0
3479,6,3,SKU-01,6,0,2025-11-02,2025-11-13,9,0
3480,4,3,SKU-07,6,0,2025-11-02,2025-11-13,9,0
3481,1,3,SKU-03,6,0,2025-11-02,2025-11-17,11,1
3482,4,3,SKU-15,6,0,2025-11-02,2025-11-12,8,0
3483,2,1,SKU-01,6,0,2025-11-02,2025-11-11,7,0
3484,1,1,SKU-10,6,0,2025-11-02,2025-11-13,9,0
3485,3,1,SKU-09,6,0,2025-11-02,2025-11-14,10,0
3486,6,1,SKU-03,6,0,2025-11-02,2025-11-11,7,0
3487,5,2,SKU-07,6,0,2025-11-02,2025-11-12,8,0
3488,6,3,SKU-09,6,0,2025-11-02,2025-11-13,9,0
3489,4,1,SKU-13,6,0,2025-11-02,2025-11-11,7,0
3490,4,1,SKU-04,6,0,2025-11-02,2025-11-14,10,0
3491,2,3,SKU-08,6,0,2025-11-02,2025-11-11,7,0
3492,2,3,SKU-09,6,0,2025-11-02,2025-11-13,9,0
3493,5,1,SKU-10,6,0,2025-11-02,2025-11-14,10,0
3494,1,3,SKU-15,6,0,2025-11-02,2025-11-11,7,0
3495,6,1,SKU-11,6,0,2025-11-02,2025-11-12,8,0
3496,3,2,SKU-12,7,0,2025-11-03,2025-11-12,7,0
3497,5,3,SKU-11,7,0,2025-11-03,2025-11-11,6,0
3498,4,3,SKU-03,7,0,2025-11-03,2025-11-18,11,1
3499,5,1,SKU-13,7,0,2025-11-03,2025-11-13,8,0
3500,1,1,SKU-08,7,0,2025-11-03,2025-11-14,9,0
3501,3,2,SKU-03,7,0,2025-11-03,2025-11-13,8,0
3502,5,3,SKU-13,7,0,2025-11-03,2025-11-13,8,0
3503,2,1,SKU-08,7,0,2025-11-03,2025-11-14,9,0
3504,1,2,SKU-10,7,0,2025-11-03,2025-11-13,8,0
3505,6,3,SKU-13,7,0,2025-11-03,2025-11-12,7,0
3506,1,3,SKU-10,7,0,2025-11-03,2025-11-17,10,0
3507,3,2,SKU-10,7,0,2025-11-03,2025-11-13,8,0
3508,4,2,SKU-01,7,0,2025-11-03,2025-11-13,8,0
3509,5,2,SKU-08,7,0,2025-11-03,2025-11-17,10,0
3510,3,1,SKU-10,7,0,2025-11-03,2025-11-14,9,0
3511,1,1,SKU-13,7,0,2025-11-03,2025-11-12,7,0
3512,2,3,SKU-07,7,0,2025-11-03,2025-11-14,9,0
3513,1,3,SKU-10,7,0,2025-11-03,2025-11-13,8,0
3514,2,3,SKU-05,7,0,2025-11-03,2025-11-12,7,0
3515,3,2,SKU-03,7,0,2025-11-03,2025-11-13,8,0
3516,2,1,SKU-08,7,0,2025-11-03,2025-11-17,10,0
3517,4,3,SKU-13,7,0,2025-11-03,2025-11-17,10,0
3518,6,1,SKU-12,7,0,2025-11-03,2025-11-12,7,0
3519,1,1,SKU-07,7,0,2025-11-03,2025-11-13,8,0
3520,6,2,SKU-08,7,0,2025-11-03,2025-11-14,9,0
3521,2,1,SKU-13,7,0,2025-11-03,2025-11-12,7,0
3522,4,3,SKU-12,7,0,2025-11-03,2025-11-17,10,0
3523,5,3,SKU-09,7,0,2025-11-03,2025-11-13,8,0
3524,6,2,SKU-03,7,0,2025-11-03,2025-11-12,7,0
3525,3,3,SKU-15,7,0,2025-11-03,2025-11-13,8,0
3526,3,2,SKU-05,7,0,2025-11-03,2025-11-14,9,0
3527,4,1,SKU-06,7,0,2025-11-03,2025-11-12,7,0
3528,1,1,SKU-14,7,0,2025-11-03,2025-11-14,9,0
3529,2,1,SKU-02,7,0,2025-11-03,2025-11-13,8,0
3530,1,2,SKU-07,7,0,2025-11-03,2025-11-12,7,0
3531,5,3,SKU-06,7,0,2025-11-03,2025-11-12,7,0
3532,5,2,SKU-10,7,0,2025-11-03,2025-11-14,9,0
3533,4,3,SKU-05,7,0,2025-11-03,2025-11-17,10,0
3534,6,1,SKU-02,7,0,2025-11-03,2025-11-10,5,0
3535,1,1,SKU-12,7,0,2025-11-03,2025-11-13,8,0
3536,1,2,SKU-13,7,0,2025-11-03,2025-11-18,11,1
3537,2,1,SKU-04,7,0,2025-11-03,2025-11-17,10,0
3538,2,2,SKU-15,7,0,2025-11-03,2025-11-17,10,0
3539,1,3,SKU-09,7,0,2025-11-03,2025-11-13,8,0
3540,1,1,SKU-04,7,0,2025-11-03,2025-11-14,9,0
3541,5,3,SKU-14,7,0,2025-11-03,2025-11-14,9,0
3542,2,3,SKU-07,7,0,2025-11-03,2025-11-14,9,0
3543,5,1,SKU-08,7,0,2025-11-03,2025-11-14,9,0
3544,5,2,SKU-06,7,0,2025-11-03,2025-11-13,8,0
3545,5,3,SKU-10,7,0,2025-11-03,2025-11-14,9,0
3546,5,1,SKU-05,7,0,2025-11-03,2025-11-14,9,0
3547,6,1,SKU-03,7,0,2025-11-03,2025-11-17,10,0
3548,3,2,SKU-03,7,0,2025-11-03,2025-11-13,8,0
3549,3,3,SKU-09,7,0,2025-11-03,2025-11-17,10,0
3550,6,1,SKU-03,7,0,2025-11-03,2025-11-11,6,0
3551,5,1,SKU-14,7,0,2025-11-03,2025-11-11,6,0
3552,4,2,SKU-13,7,0,2025-11-03,2025-11-14,9,0
3553,6,3,SKU-02,7,0,2025-11-03,2025-11-13,8,0
3554,5,1,SKU-07,7,0,2025-11-03,2025-11-17,10,0
3555,1,3,SKU-05,7,0,2025-11-03,2025-11-17,10,0
3556,4,2,SKU-12,7,0,2025-11-03,2025-11-13,8,0
3557,5,3,SKU-14,7,0,2025-11-03,2025-11-17,10,0
3558,3,1,SKU-15,7,0,2025-11-03,2025-11-17,10,0
3559,1,1,SKU-11,7,0,2025-11-03,2025-11-13,8,0
3560,5,3,SKU-05,7,0,2025-11-03,2025-11-14,9,0
3561,2,1,SKU-11,7,0,2025-11-03,2025-11-17,10,0
3562,1,1,SKU-10,7,0,2025-11-03,2025-11-12,7,0
3563,3,1,SKU-03,7,0,2025-11-03,2025-11-12,7,0
3564,4,3,SKU-07,7,0,2025-11-03,2025-11-13,8,0
3565,2,1,SKU-10,7,0,2025-11-03,2025-11-17,10,0
3566,5,1,SKU-01,7,0,2025-11-03,2025-11-17,10,0
3567,5,1,SKU-09,7,0,2025-11-03,2025-11-14,9,0
3568,2,3,SKU-07,7,0,2025-11-03,2025-11-14,9,0
3569,3,1,SKU-10,7,0,2025-11-03,2025-11-13,8,0
3570,1,2,SKU-12,7,0,2025-11-03,2025-11-13,8,0
3571,1,1,SKU-07,7,0,2025-11-04,2025-11-13,7,0
3572,5,2,SKU-13,7,0,2025-11-04,2025-11-17,9,0
3573,6,1,SKU-14,7,0,2025-11-04,2025-11-17,9,0
3574,6,2,SKU-14,7,0,2025-11-04,2025-11-14,8,0
3575,2,2,SKU-11,7,0,2025-11-04,2025-11-17,9,0
3576,3,1,SKU-09,7,0,2025-11-04,2025-11-18,10,0
3577,1,2,SKU-10,7,0,2025-11-04,2025-11-14,8,0
3578,6,1,SKU-05,7,0,2025-11-04,2025-11-20,12,1
3579,6,1,SKU-10,7,0,2025-11-04,2025-11-12,6,0
3580,1,1,SKU-13,7,0,2025-11-04,2025-11-17,9,0
3581,6,3,SKU-04,7,0,2025-11-04,2025-11-14,8,0
3582,5,3,SKU-02,7,0,2025-11-04,2025-11-17,9,0
3583,4,3,SKU-03,7,0,2025-11-04,2025-11-14,8,0
3584,3,1,SKU-04,7,0,2025-11-04,2025-11-13,7,0
3585,2,2,SKU-15,7,0,2025-11-04,2025-11-17,9,0
3586,1,1,SKU-14,7,0,2025-11-04,2025-11-18,10,0
3587,4,2,SKU-06,7,0,2025-11-04,2025-11-19,11,1
3588,6,1,SKU-03,7,0,2025-11-04,2025-11-13,7,0
3589,6,3,SKU-12,7,0,2025-11-04,2025-11-13,7,0
3590,1,3,SKU-01,7,0,2025-11-04,2025-11-19,11,1
3591,1,2,SKU-13,7,0,2025-11-04,2025-11-14,8,0
3592,5,2,SKU-12,7,0,2025-11-04,2025-11-18,10,0
3593,6,3,SKU-09,7,0,2025-11-04,2025-11-14,8,0
3594,6,3,SKU-10,7,0,2025-11-04,2025-11-14,8,0
3595,1,2,SKU-08,7,0,2025-11-04,2025-11-17,9,0
3596,3,1,SKU-06,7,0,2025-11-04,2025-11-13,7,0
3597,2,3,SKU-06,7,0,2025-11-04,2025-11-19,11,1
3598,4,3,SKU-12,7,0,2025-11-04,2025-11-17,9,0
3599,1,2,SKU-11,7,0,2025-11-04,2025-11-14,8,0
3600,5,3,SKU-04,7,0,2025-11-04,2025-11-18,10,0
3601,4,2,SKU-01,7,0,2025-11-04,2025-11-13,7,0
3602,2,1,SKU-11,7,0,2025-11-04,2025-11-19,11,1
3603,1,2,SKU-06,7,0,2025-11-04,2025-11-14,8,0
3604,5,2,SKU-11,7,0,2025-11-04,2025-11-18,10,0
3605,5,1,SKU-04,7,0,2025-11-04,2025-11-18,10,0
3606,2,3,SKU-15,7,0,2025-11-04,2025-11-18,10,0
3607,1,3,SKU-15,7,0,2025-11-04,2025-11-17,9,0
3608,4,3,SKU-05,7,0,2025-11-04,2025-11-13,7,0
3609,1,3,SKU-10,7,0,2025-11-04,2025-11-19,11,1
3610,5,3,SKU-15,7,0,2025-11-04,2025-11-17,9,0
3611,1,3,SKU-09,7,0,2025-11-04,2025-11-13,7,0
3612,4,1,SKU-11,7,0,2025-11-04,2025-11-17,9,0
3613,6,2,SKU-08,7,0,2025-11-04,2025-11-14,8,0
3614,2,1,SKU-04,7,0,2025-11-04,2025-11-14,8,0
3615,2,1,SKU-13,7,0,2025-11-04,2025-11-18,10,0
3616,4,1,SKU-01,7,0,2025-11-04,2025-11-19,11,1
3617,3,3,SKU-04,7,0,2025-11-04,2025-11-12,6,0
3618,5,1,SKU-01,7,0,2025-11-04,2025-11-14,8,0
3619,5,1,SKU-12,7,0,2025-11-04,2025-11-14,8,0
3620,4,1,SKU-04,7,0,2025-11-04,2025-11-13,7,0
3621,6,2,SKU-14,7,0,2025-11-04,2025-11-17,9,0
3622,6,2,SKU-01,7,0,2025-11-04,2025-11-14,8,0
3623,5,2,SKU-08,7,0,2025-11-04,2025-11-17,9,0
3624,5,3,SKU-02,7,0,2025-11-04,2025-11-14,8,0
3625,5,2,SKU-09,7,0,2025-11-04,2025-11-14,8,0
3626,4,2,SKU-03,7,0,2025-11-04,2025-11-17,9,0
3627,5,2,SKU-07,7,0,2025-11-04,2025-11-14,8,0
3628,4,3,SKU-04,7,0,2025-11-04,2025-11-14,8,0
3629,6,3,SKU-13,7,0,2025-11-04,2025-11-13,7,0
3630,5,3,SKU-04,7,0,2025-11-04,2025-11-14,8,0
3631,1,1,SKU-03,7,0,2025-11-04,2025-11-17,9,0
3632,3,2,SKU-13,7,0,2025-11-04,2025-11-17,9,0
3633,5,2,SKU-11,7,0,2025-11-04,2025-11-14,8,0
3634,2,2,SKU-15,7,0,2025-11-04,2025-11-14,8,0
3635,6,2,SKU-13,7,0,2025-11-04,2025-11-17,9,0
3636,2,3,SKU-13,7,0,2025-11-04,2025-11-18,10,0
3637,6,1,SKU-04,7,0,2025-11-04,2025-11-14,8,0
3638,6,1,SKU-02,7,0,2025-11-04,2025-11-14,8,0
3639,5,3,SKU-10,7,0,2025-11-04,2025-11-17,9,0
3640,2,3,SKU-13,7,0,2025-11-04,2025-11-13,7,0
3641,5,1,SKU-01,7,0,2025-11-04,2025-11-18,10,0
3642,5,3,SKU-11,7,0,2025-11-04,2025-11-18,10,0
3643,1,3,SKU-03,7,0,2025-11-04,2025-11-19,11,1
3644,4,2,SKU-07,7,0,2025-11-04,2025-11-18,10,0
3645,2,2,SKU-03,7,0,2025-11-04,2025-11-14,8,0
3646,2,1,SKU-10,7,0,2025-11-04,2025-11-13,7,0
3647,3,3,SKU-04,7,0,2025-11-04,2025-11-13,7,0
3648,6,3,SKU-05,7,0,2025-11-04,2025-11-17,9,0
3649,4,2,SKU-12,7,0,2025-11-05,2025-11-19,10,0
3650,3,2,SKU-04,7,0,2025-11-05,2025-11-20,11,1
3651,2,2,SKU-11,7,0,2025-11-05,2025-11-18,9,0
3652,5,1,SKU-06,7,0,2025-11-05,2025-11-19,10,0
3653,1,3,SKU-09,7,0,2025-11-05,2025-11-18,9,0
3654,1,3,SKU-01,7,0,2025-11-05,2025-11-18,9,0
3655,1,1,SKU-05,7,0,2025-11-05,2025-11-18,9,0
3656,6,3,SKU-02,7,0,2025-11-05,2025-11-18,9,0
3657,1,2,SKU-08,7,0,2025-11-05,2025-11-14,7,0
3658,6,3,SKU-09,7,0,2025-11-05,2025-11-18,9,0
3659,4,2,SKU-03,7,0,2025-11-05,2025-11-17,8,0
3660,1,1,SKU-14,7,0,2025-11-05,2025-11-18,9,0
3661,3,3,SKU-08,7,0,2025-11-05,2025-11-17,8,0
3662,6,1,SKU-10,7,0,2025-11-05,2025-11-18,9,0
3663,1,2,SKU-14,7,0,2025-11-05,2025-11-20,11,1
3664,6,3,SKU-10,7,0,2025-11-05,2025-11-18,9,0
3665,6,3,SKU-13,7,0,2025-11-05,2025-11-17,8,0
3666,1,1,SKU-12,7,0,2025-11-05,2025-11-19,10,0
3667,2,3,SKU-08,7,0,2025-11-05,2025-11-18,9,0
3668,5,2,SKU-11,7,0,2025-11-05,2025-11-14,7,0
3669,5,3,SKU-04,7,0,2025-11-05,2025-11-13,6,0
3670,1,2,SKU-05,7,0,2025-11-05,2025-11-17,8,0
3671,6,2,SKU-08,7,0,2025-11-05,2025-11-13,6,0
3672,1,2,SKU-10,7,0,2025-11-05,2025-11-19,10,0
3673,4,2,SKU-04,7,0,2025-11-05,2025-11-19,10,0
3674,1,1,SKU-05,7,0,2025-11-05,2025-11-18,9,0
3675,4,3,SKU-06,7,0,2025-11-05,2025-11-19,10,0
3676,5,2,SKU-07,7,0,2025-11-05,2025-11-18,9,0
3677,6,3,SKU-13,7,0,2025-11-05,2025-11-19,10,0
3678,3,1,SKU-06,7,0,2025-11-05,2025-11-18,9,0
3679,6,1,SKU-05,7,0,2025-11-05,2025-11-19,10,0
3680,6,3,SKU-05,7,0,2025-11-05,2025-11-18,9,0
3681,6,2,SKU-03,7,0,2025-11-05,2025-11-17,8,0
3682,3,3,SKU-03,7,0,2025-11-05,2025-11-18,9,0
3683,2,1,SKU-04,7,0,2025-11-05,2025-11-17,8,0
3684,1,3,SKU-03,7,0,2025-11-05,2025-11-18,9,0
3685,4,2,SKU-02,7,0,2025-11-05,2025-11-14,7,0
3686,5,3,SKU-02,7,0,2025-11-05,2025-11-19,10,0
3687,4,1,SKU-02,7,0,2025-11-05,2025-11-13,6,0
3688,5,2,SKU-11,7,0,2025-11-05,2025-11-18,9,0
3689,4,2,SKU-03,7,0,2025-11-05,2025-11-19,10,0
3690,5,3,SKU-13,7,0,2025-11-05,2025-11-17,8,0
3691,2,1,SKU-06,7,0,2025-11-05,2025-11-18,9,0
3692,5,2,SKU-13,7,0,2025-11-05,2025-11-21,12,1
3693,6,3,SKU-01,7,0,2025-11-05,2025-11-18,9,0
3694,1,2,SKU-14,7,0,2025-11-05,2025-11-17,8,0
3695,3,2,SKU-08,7,0,2025-11-05,2025-11-17,8,0
3696,6,3,SKU-03,7,0,2025-11-05,2025-11-20,11,1
3697,1,2,SKU-01,7,0,2025-11-05,2025-11-17,8,0
3698,4,3,SKU-04,7,0,2025-11-05,2025-11-18,9,0
3699,5,1,SKU-06,7,0,2025-11-05,2025-11-17,8,0
3700,3,1,SKU-01,7,0,2025-11-05,2025-11-18,9,0
3701,4,3,SKU-04,7,0,2025-11-05,2025-11-19,10,0
3702,2,3,SKU-12,7,0,2025-11-05,2025-11-14,7,0
3703,6,1,SKU-04,7,0,2025-11-05,2025-11-18,9,0
3704,6,3,SKU-08,7,0,2025-11-05,2025-11-18,9,0
3705,3,1,SKU-15,7,0,2025-11-05,2025-11-17,8,0
3706,1,2,SKU-11,7,0,2025-11-05,2025-11-17,8,0
3707,3,2,SKU-12,7,0,2025-11-05,2025-11-12,5,0
3708,3,1,SKU-11,7,0,2025-11-05,2025-11-19,10,0
3709,4,3,SKU-02,7,0,2025-11-05,2025-11-20,11,1
3710,1,3,SKU-12,7,0,2025-11-05,2025-11-18,9,0
3711,5,2,SKU-12,7,0,2025-11-05,2025-11-20,11,1
3712,6,1,SKU-13,7,0,2025-11-05,2025-11-12,5,0
3713,3,3,SKU-04,7,0,2025-11-05,2025-11-14,7,0
3714,6,2,SKU-05,7,0,2025-11-05,2025-11-17,8,0
3715,1,1,SKU-09,7,0,2025-11-05,2025-11-18,9,0
3716,3,3,SKU-09,7,0,2025-11-05,2025-11-17,8,0
3717,3,1,SKU-08,7,0,2025-11-05,2025-11-17,8,0
3718,6,3,SKU-06,7,0,2025-11-05,2025-11-14,7,0
3719,5,3,SKU-03,7,0,2025-11-05,2025-11-18,9,0
3720,5,2,SKU-10,7,0,2025-11-05,2025-11-18,9,0
3721,1,3,SKU-01,7,0,2025-11-05,2025-11-18,9,0
3722,1,2,SKU-15,7,0,2025-11-05,2025-11-13,6,0
3723,1,2,SKU-04,7,0,2025-11-05,2025-11-17,8,0
3724,3,3,SKU-10,7,0,2025-11-05,2025-11-14,7,0
3725,6,3,SKU-12,7,0,2025-11-05,2025-11-18,9,0
3726,5,2,SKU-15,7,0,2025-11-05,2025-11-14,7,0
3727,1,1,SKU-02,7,0,2025-11-05,2025-11-13,6,0
3728,4,3,SKU-09,7,0,2025-11-05,2025-11-18,9,0
3729,1,1,SKU-11,7,0,2025-11-05,2025-11-20,11,1
3730,2,1,SKU-03,7,0,2025-11-06,2025-11-19,9,0
3731,4,3,SKU-14,7,0,2025-11-06,2025-11-20,10,0
3732,3,2,SKU-08,7,0,2025-11-06,2025-11-20,10,0
3733,5,2,SKU-01,7,0,2025-11-06,2025-11-19,9,0
3734,5,3,SKU-02,7,0,2025-11-06,2025-11-19,9,0
3735,5,2,SKU-12,7,0,2025-11-06,2025-11-13,5,0
3736,5,3,SKU-12,7,0,2025-11-06,2025-11-18,8,0
3737,3,1,SKU-11,7,0,2025-11-06,2025-11-18,8,0
3738,1,1,SKU-14,7,0,2025-11-06,2025-11-17,7,0
3739,4,3,SKU-13,7,0,2025-11-06,2025-11-18,8,0
3740,2,1,SKU-14,7,0,2025-11-06,2025-11-18,8,0
3741,5,2,SKU-05,7,0,2025-11-06,2025-11-19,9,0
3742,4,1,SKU-10,7,0,2025-11-06,2025-11-19,9,0
3743,1,3,SKU-10,7,0,2025-11-06,2025-11-18,8,0
3744,5,2,SKU-13,7,0,2025-11-06,2025-11-19,9,0
3745,3,1,SKU-03,7,0,2025-11-06,2025-11-19,9,0
3746,4,1,SKU-05,7,0,2025-11-06,2025-11-20,10,0
3747,1,2,SKU-15,7,0,2025-11-06,2025-11-19,9,0
3748,5,2,SKU-04,7,0,2025-11-06,2025-11-19,9,0
3749,5,1,SKU-02,7,0,2025-11-06,2025-11-13,5,0
3750,5,2,SKU-12,7,0,2025-11-06,2025-11-19,9,0
3751,4,3,SKU-10,7,0,2025-11-06,2025-11-18,8,0
3752,5,3,SKU-12,7,0,2025-11-06,2025-11-19,9,0
3753,1,1,SKU-03,7,0,2025-11-06,2025-11-19,9,0
3754,6,3,SKU-08,7,0,2025-11-06,2025-11-17,7,0
3755,1,3,SKU-12,7,0,2025-11-06,2025-11-19,9,0
3756,6,1,SKU-07,7,0,2025-11-06,2025-11-19,9,0
3757,3,3,SKU-15,7,0,2025-11-06,2025-11-19,9,0
3758,5,2,SKU-14,7,0,2025-11-06,2025-11-19,9,0
3759,2,1,SKU-08,7,0,2025-11-06,2025-11-17,7,0
3760,6,2,SKU-08,7,0,2025-11-06,2025-11-18,8,0
3761,3,1,SKU-10,7,0,2025-11-06,2025-11-20,10,0
3762,4,2,SKU-05,7,0,2025-11-06,2025-11-18,8,0
3763,3,2,SKU-10,7,0,2025-11-06,2025-11-19,9,0
3764,2,2,SKU-01,7,0,2025-11-06,2025-11-18,8,0
3765,5,2,SKU-07,7,0,2025-11-06,2025-11-18,8,0
3766,3,1,SKU-01,7,0,2025-11-06,2025-11-19,9,0
3767,5,2,SKU-07,7,0,2025-11-06,2025-11-18,8,0
3768,4,2,SKU-09,7,0,2025-11-06,2025-11-20,10,0
3769,4,2,SKU-05,7,0,2025-11-06,2025-11-19,9,0
3770,3,3,SKU-09,7,0,2025-11-06,2025-11-17,7,0
3771,5,3,SKU-14,7,0,2025-11-06,2025-11-17,7,0
3772,6,1,SKU-13,7,0,2025-11-06,2025-11-18,8,0
3773,3,1,SKU-01,7,0,2025-11-06,2025-11-20,10,0
3774,1,3,SKU-14,7,0,2025-11-06,2025-11-14,6,0
3775,3,3,SKU-04,7,0,2025-11-06,2025-11-18,8,0
3776,3,2,SKU-10,7,0,2025-11-06,2025-11-17,7,0
3777,3,2,SKU-12,7,0,2025-11-06,2025-11-18,8,0
3778,5,1,SKU-02,7,0,2025-11-06,2025-11-19,9,0
3779,1,3,SKU-07,7,0,2025-11-06,2025-11-14,6,0
3780,5,3,SKU-14,7,0,2025-11-06,2025-11-19,9,0
3781,3,1,SKU-05,7,0,2025-11-06,2025-11-18,8,0
3782,1,1,SKU-10,7,0,2025-11-06,2025-11-18,8,0
3783,5,3,SKU-01,7,0,2025-11-06,2025-11-19,9,0
3784,2,3,SKU-02,7,0,2025-11-06,2025-11-14,6,0
3785,3,1,SKU-04,7,0,2025-11-06,2025-11-18,8,0
3786,2,2,SKU-06,7,0,2025-11-06,2025-11-20,10,0
3787,1,1,SKU-04,7,0,2025-11-06,2025-11-18,8,0
3788,6,3,SKU-10,7,0,2025-11-06,2025-11-17,7,0
3789,6,3,SKU-05,7,0,2025-11-06,2025-11-19,9,0
3790,5,3,SKU-13,7,0,2025-11-06,2025-11-20,10,0
3791,6,1,SKU-02,7,0,2025-11-06,2025-11-18,8,0
3792,5,3,SKU-12,7,0,2025-11-06,2025-11-18,8,0
3793,2,2,SKU-12,7,0,2025-11-06,2025-11-21,11,1
3794,5,2,SKU-01,7,0,2025-11-06,2025-11-20,10,0
3795,6,1,SKU-04,7,0,2025-11-06,2025-11-17,7,0
3796,4,1,SKU-13,7,0,2025-11-06,2025-11-20,10,0
3797,6,1,SKU-03,7,0,2025-11-06,2025-11-18,8,0
3798,1,1,SKU-13,7,0,2025-11-06,2025-11-17,7,0
3799,4,2,SKU-08,7,0,2025-11-06,2025-11-18,8,0
3800,3,1,SKU-13,7,0,2025-11-06,2025-11-20,10,0
3801,6,2,SKU-01,7,0,2025-11-06,2025-11-18,8,0
3802,2,2,SKU-08,7,0,2025-11-06,2025-11-19,9,0
3803,6,3,SKU-09,7,0,2025-11-06,2025-11-18,8,0
3804,4,1,SKU-03,7,0,2025-11-06,2025-11-19,9,0
3805,2,3,SKU-02,7,0,2025-11-06,2025-11-19,9,0
3806,4,1,SKU-07,7,0,2025-11-07,2025-11-20,9,0
3807,3,2,SKU-15,7,0,2025-11-07,2025-11-19,8,0
3808,1,1,SKU-11,7,0,2025-11-07,2025-11-18,7,0
3809,2,2,SKU-10,7,0,2025-11-07,2025-11-20,9,0
3810,3,2,SKU-12,7,0,2025-11-07,2025-11-18,7,0
3811,5,2,SKU-03,7,0,2025-11-07,2025-11-21,10,0
3812,6,3,SKU-06,7,0,2025-11-07,2025-11-19,8,0
3813,3,3,SKU-11,7,0,2025-11-07,2025-11-18,7,0
3814,5,1,SKU-14,7,0,2025-11-07,2025-11-20,9,0
3815,1,1,SKU-06,7,0,2025-11-07,2025-11-21,10,0
3816,2,2,SKU-03,7,0,2025-11-07,2025-11-24,11,1
3817,4,3,SKU-07,7,0,2025-11-07,2025-11-18,7,0
3818,1,2,SKU-13,7,0,2025-11-07,2025-11-21,10,0
3819,5,2,SKU-01,7,0,2025-11-07,2025-11-20,9,0
3820,1,3,SKU-01,7,0,2025-11-07,2025-11-19,8,0
3821,6,1,SKU-04,7,0,2025-11-07,2025-11-20,9,0
3822,1,2,SKU-02,7,0,2025-11-07,2025-11-20,9,0
3823,5,1,SKU-07,7,0,2025-11-07,2025-11-21,10,0
3824,2,3,SKU-01,7,0,2025-11-07,2025-11-20,9,0
3825,6,2,SKU-02,7,0,2025-11-07,2025-11-21,10,0
3826,4,2,SKU-11,7,0,2025-11-07,2025-11-17,6,0
3827,4,2,SKU-10,7,0,2025-11-07,2025-11-20,9,0
3828,3,2,SKU-13,7,0,2025-11-07,2025-11-25,12,1
3829,3,1,SKU-09,7,0,2025-11-07,2025-11-21,10,0
3830,3,2,SKU-08,7,0,2025-11-07,2025-11-19,8,0
3831,3,2,SKU-08,7,0,2025-11-07,2025-11-19,8,0
3832,3,2,SKU-03,7,0,2025-11-07,2025-11-19,8,0
3833,6,2,SKU-10,7,0,2025-11-07,2025-11-19,8,0
3834,3,3,SKU-03,7,0,2025-11-07,2025-11-19,8,0
3835,6,3,SKU-02,7,0,2025-11-07,2025-11-19,8,0
3836,2,3,SKU-06,7,0,2025-11-07,2025-11-20,9,0
3837,1,3,SKU-11,7,0,2025-11-07,2025-11-20,9,0
3838,3,2,SKU-05,7,0,2025-11-07,2025-11-18,7,0
3839,5,1,SKU-13,7,0,2025-11-07,2025-11-24,11,1
3840,4,2,SKU-08,7,0,2025-11-07,2025-11-24,11,1
3841,5,1,SKU-02,7,0,2025-11-07,2025-11-19,8,0
3842,3,3,SKU-14,7,0,2025-11-07,2025-11-19,8,0
3843,6,3,SKU-10,7,0,2025-11-07,2025-11-18,7,0
3844,6,3,SKU-07,7,0,2025-11-07,2025-11-20,9,0
3845,1,2,SKU-05,7,0,2025-11-07,2025-11-18,7,0
3846,6,2,SKU-13,7,0,2025-11-07,2025-11-21,10,0
3847,6,3,SKU-10,7,0,2025-11-07,2025-11-21,10,0
3848,6,2,SKU-08,7,0,2025-11-07,2025-11-21,10,0
3849,5,2,SKU-11,7,0,2025-11-07,2025-11-21,10,0
3850,6,1,SKU-10,7,0,2025-11-07,2025-11-24,11,1
3851,1,3,SKU-01,7,0,2025-11-07,2025-11-20,9,0
3852,1,2,SKU-14,7,0,2025-11-07,2025-11-18,7,0
3853,5,2,SKU-09,7,0,2025-11-07,2025-11-21,10,0
3854,5,2,SKU-06,7,0,2025-11-07,2025-11-20,9,0
3855,3,1,SKU-02,7,0,2025-11-07,2025-11-19,8,0
3856,5,1,SKU-02,7,0,2025-11-07,2025-11-18,7,0
3857,1,3,SKU-12,7,0,2025-11-07,2025-11-18,7,0
3858,5,1,SKU-05,7,0,2025-11-07,2025-11-18,7,0
3859,2,1,SKU-12,7,0,2025-11-07,2025-11-20,9,0
3860,6,3,SKU-01,7,0,2025-11-07,2025-11-20,9,0
3861,5,1,SKU-06,7,0,2025-11-07,2025-11-19,8,0
3862,2,1,SKU-03,7,0,2025-11-07,2025-11-20,9,0
3863,2,2,SKU-13,7,0,2025-11-07,2025-11-20,9,0
3864,1,1,SKU-08,7,0,2025-11-07,2025-11-19,8,0
3865,3,2,SKU-06,7,0,2025-11-07,2025-11-21,10,0
3866,5,3,SKU-02,7,0,2025-11-07,2025-11-20,9,0
3867,3,2,SKU-03,7,0,2025-11-07,2025-11-20,9,0
3868,1,1,SKU-03,7,0,2025-11-07,2025-11-21,10,0
3869,2,1,SKU-08,7,0,2025-11-07,2025-11-19,8,0
3870,6,2,SKU-04,7,0,2025-11-07,2025-11-20,9,0
3871,4,1,SKU-07,7,0,2025-11-07,2025-11-20,9,0
3872,4,1,SKU-04,7,0,2025-11-07,2025-11-24,11,1
3873,6,3,SKU-10,7,0,2025-11-07,2025-11-19,8,0
3874,5,2,SKU-04,7,0,2025-11-07,2025-11-24,11,1
3875,2,1,SKU-03,7,0,2025-11-07,2025-11-18,7,0
3876,4,2,SKU-12,7,0,2025-11-07,2025-11-21,10,0
3877,2,3,SKU-06,7,0,2025-11-07,2025-11-24,11,1
3878,2,1,SKU-03,7,0,2025-11-07,2025-11-18,7,0
3879,5,3,SKU-03,7,0,2025-11-07,2025-11-24,11,1
3880,1,2,SKU-08,7,0,2025-11-08,2025-11-19,8,0
3881,3,2,SKU-08,7,0,2025-11-08,2025-11-20,9,0
3882,5,1,SKU-09,7,0,2025-11-08,2025-11-21,10,0
3883,2,3,SKU-01,7,0,2025-11-08,2025-11-20,9,0
3884,5,2,SKU-08,7,0,2025-11-08,2025-11-18,7,0
3885,6,1,SKU-07,7,0,2025-11-08,2025-11-21,10,0
3886,3,3,SKU-01,7,0,2025-11-08,2025-11-20,9,0
3887,5,1,SKU-06,7,0,2025-11-08,2025-11-20,9,0
3888,6,1,SKU-04,7,0,2025-11-08,2025-11-18,7,0
3889,5,3,SKU-01,7,0,2025-11-08,2025-11-18,7,0
3890,6,3,SKU-13,7,0,2025-11-08,2025-11-20,9,0
3891,3,2,SKU-01,7,0,2025-11-08,2025-11-18,7,0
3892,3,1,SKU-04,7,0,2025-11-08,2025-11-20,9,0
3893,3,3,SKU-13,7,0,2025-11-08,2025-11-18,7,0
3894,1,1,SKU-15,7,0,2025-11-08,2025-11-19,8,0
3895,3,1,SKU-12,7,0,2025-11-08,2025-11-19,8,0
3896,2,2,SKU-12,7,0,2025-11-08,2025-11-19,8,0
3897,2,3,SKU-05,7,0,2025-11-08,2025-11-21,10,0
3898,6,2,SKU-15,7,0,2025-11-08,2025-11-18,7,0
3899,6,1,SKU-05,7,0,2025-11-08,2025-11-17,6,0
3900,5,1,SKU-02,7,0,2025-11-08,2025-11-21,10,0
3901,5,3,SKU-09,7,0,2025-11-08,2025-11-20,9,0
3902,3,2,SKU-08,7,0,2025-11-08,2025-11-19,8,0
3903,5,2,SKU-06,7,0,2025-11-08,2025-11-19,8,0
3904,5,3,SKU-02,7,0,2025-11-08,2025-11-21,10,0
3905,5,3,SKU-10,7,0,2025-11-08,2025-11-20,9,0
3906,3,3,SKU-15,7,0,2025-11-08,2025-11-20,9,0
3907,4,1,SKU-06,7,0,2025-11-08,2025-11-20,9,0
3908,5,3,SKU-11,7,0,2025-11-08,2025-11-20,9,0
3909,4,2,SKU-07,7,0,2025-11-08,2025-11-19,8,0
3910,2,1,SKU-03,7,0,2025-11-08,2025-11-19,8,0
3911,6,1,SKU-04,7,0,2025-11-08,2025-11-18,7,0
3912,5,3,SKU-09,7,0,2025-11-08,2025-11-19,8,0
3913,2,3,SKU-14,7,0,2025-11-08,2025-11-21,10,0
3914,2,2,SKU-02,7,0,2025-11-08,2025-11-21,10,0
3915,5,2,SKU-06,7,0,2025-11-08,2025-11-19,8,0
3916,2,1,SKU-09,7,0,2025-11-08,2025-11-19,8,0
3917,5,1,SKU-05,7,0,2025-11-08,2025-11-19,8,0
3918,5,2,SKU-06,7,0,2025-11-08,2025-11-19,8,0
3919,5,2,SKU-08,7,0,2025-11-08,2025-11-24,11,1
3920,4,3,SKU-05,7,0,2025-11-08,2025-11-20,9,0
3921,3,1,SKU-12,7,0,2025-11-08,2025-11-21,10,0
3922,4,2,SKU-05,7,0,2025-11-08,2025-11-19,8,0
3923,3,3,SKU-07,7,0,2025-11-08,2025-11-18,7,0
3924,5,1,SKU-08,7,0,2025-11-08,2025-11-21,10,0
3925,3,2,SKU-09,7,0,2025-11-08,2025-11-18,7,0
3926,3,2,SKU-08,7,0,2025-11-08,2025-11-20,9,0
3927,6,2,SKU-07,7,0,2025-11-08,2025-11-18,7,0
3928,4,3,SKU-15,7,0,2025-11-08,2025-11-21,10,0
3929,4,3,SKU-01,7,0,2025-11-08,2025-11-18,7,0
3930,5,3,SKU-04,7,0,2025-11-08,2025-11-19,8,0
3931,4,2,SKU-14,7,0,2025-11-08,2025-11-20,9,0
3932,3,3,SKU-02,7,0,2025-11-08,2025-11-20,9,0
3933,2,1,SKU-08,7,0,2025-11-08,2025-11-21,10,0
3934,4,1,SKU-04,7,0,2025-11-08,2025-11-20,9,0
3935,4,3,SKU-14,7,0,2025-11-08,2025-11-19,8,0
3936,1,1,SKU-02,7,0,2025-11-08,2025-11-18,7,0
3937,4,2,SKU-12,7,0,2025-11-08,2025-11-19,8,0
3938,3,2,SKU-06,7,0,2025-11-08,2025-11-19,8,0
3939,6,1,SKU-04,7,0,2025-11-08,2025-11-19,8,0
3940,2,1,SKU-12,7,0,2025-11-08,2025-11-19,8,0
3941,1,2,SKU-05,7,0,2025-11-08,2025-11-19,8,0
3942,2,2,SKU-14,7,0,2025-11-08,2025-11-18,7,0
3943,2,1,SKU-15,7,0,2025-11-09,2025-11-21,10,0
3944,5,1,SKU-15,7,0,2025-11-09,2025-11-19,8,0
3945,1,3,SKU-10,7,0,2025-11-09,2025-11-18,7,0
3946,6,2,SKU-11,7,0,2025-11-09,2025-11-21,10,0
3947,4,1,SKU-03,7,0,2025-11-09,2025-11-18,7,0
3948,1,3,SKU-10,7,0,2025-11-09,2025-11-19,8,0
3949,4,1,SKU-02,7,0,2025-11-09,2025-11-21,10,0
3950,2,1,SKU-05,7,0,2025-11-09,2025-11-20,9,0
3951,2,1,SKU-13,7,0,2025-11-09,2025-11-20,9,0
3952,3,1,SKU-03,7,0,2025-11-09,2025-11-20,9,0
3953,4,1,SKU-15,7,0,2025-11-09,2025-11-24,11,1
3954,3,1,SKU-10,7,0,2025-11-09,2025-11-21,10,0
3955,4,1,SKU-15,7,0,2025-11-09,2025-11-21,10,0
3956,5,3,SKU-01,7,0,2025-11-09,2025-11-18,7,0
3957,2,1,SKU-14,7,0,2025-11-09,2025-11-20,9,0
3958,4,3,SKU-14,7,0,2025-11-09,2025-11-19,8,0
3959,3,1,SKU-14,7,0,2025-11-09,2025-11-19,8,0
3960,4,2,SKU-08,7,0,2025-11-09,2025-11-21,10,0
3961,6,1,SKU-13,7,0,2025-11-09,2025-11-14,5,0
3962,6,3,SKU-06,7,0,2025-11-09,2025-11-19,8,0
3963,6,3,SKU-05,7,0,2025-11-09,2025-11-18,7,0
3964,2,2,SKU-09,7,0,2025-11-09,2025-11-19,8,0
3965,2,2,SKU-14,7,0,2025-11-09,2025-11-17,6,0
3966,4,3,SKU-10,7,0,2025-11-09,2025-11-24,11,1
3967,5,1,SKU-14,7,0,2025-11-09,2025-11-20,9,0
3968,2,3,SKU-11,7,0,2025-11-09,2025-11-17,6,0
3969,5,2,SKU-01,7,0,2025-11-09,2025-11-19,8,0
3970,6,3,SKU-04,7,0,2025-11-09,2025-11-20,9,0
3971,5,1,SKU-13,7,0,2025-11-09,2025-11-20,9,0
3972,2,3,SKU-01,7,0,2025-11-09,2025-11-24,11,1
3973,1,2,SKU-09,7,0,2025-11-09,2025-11-18,7,0
3974,3,1,SKU-09,7,0,2025-11-09,2025-11-20,9,0
3975,1,2,SKU-05,7,0,2025-11-09,2025-11-18,7,0
3976,5,1,SKU-13,7,0,2025-11-09,2025-11-20,9,0
3977,1,1,SKU-10,7,0,2025-11-09,2025-11-20,9,0
3978,6,2,SKU-02,7,0,2025-11-09,2025-11-20,9,0
3979,4,3,SKU-12,7,0,2025-11-09,2025-11-18,7,0
3980,5,3,SKU-07,7,0,2025-11-09,2025-11-14,5,0
3981,3,1,SKU-01,7,0,2025-11-09,2025-11-24,11,1
3982,3,2,SKU-10,7,0,2025-11-09,2025-11-18,7,0
3983,2,1,SKU-04,7,0,2025-11-09,2025-11-20,9,0
3984,4,1,SKU-10,7,0,2025-11-09,2025-11-18,7,0
3985,6,1,SKU-04,7,0,2025-11-09,2025-11-19,8,0
3986,1,2,SKU-07,7,0,2025-11-09,2025-11-20,9,0
3987,6,2,SKU-07,7,0,2025-11-09,2025-11-24,11,1
3988,1,1,SKU-14,7,0,2025-11-09,2025-11-20,9,0
3989,5,1,SKU-15,7,0,2025-11-09,2025-11-24,11,1
3990,1,1,SKU-02,7,0,2025-11-09,2025-11-20,9,0
3991,6,2,SKU-01,7,0,2025-11-09,2025-11-24,11,1
3992,2,3,SKU-09,7,0,2025-11-09,2025-11-19,8,0
3993,3,2,SKU-10,7,0,2025-11-09,2025-11-17,6,0
3994,6,3,SKU-08,7,0,2025-11-09,2025-11-20,9,0
3995,2,3,SKU-12,7,0,2025-11-09,2025-11-21,10,0
3996,5,2,SKU-01,7,0,2025-11-09,2025-11-19,8,0
3997,6,1,SKU-05,7,0,2025-11-09,2025-11-19,8,0
3998,2,2,SKU-11,7,0,2025-11-09,2025-11-17,6,0
3999,5,1,SKU-10,7,0,2025-11-09,2025-11-20,9,0
4000,4,2,SKU-03,7,0,2025-11-09,2025-11-20,9,0
4001,4,3,SKU-04,7,0,2025-11-09,2025-11-17,6,0
4002,3,3,SKU-03,7,0,2025-11-09,2025-11-20,9,0
4003,2,2,SKU-09,7,0,2025-11-09,2025-11-18,7,0
4004,4,1,SKU-10,7,0,2025-11-09,2025-11-17,6,0
4005,5,1,SKU-03,7,0,2025-11-09,2025-11-20,9,0
4006,2,1,SKU-04,7,0,2025-11-09,2025-11-19,8,0
4007,5,1,SKU-10,7,0,2025-11-09,2025-11-19,8,0
4008,1,1,SKU-05,7,0,2025-11-09,2025-11-20,9,0
4009,6,1,SKU-05,7,0,2025-11-09,2025-11-21,10,0
4010,5,2,SKU-11,7,0,2025-11-09,2025-11-19,8,0
4011,4,3,SKU-04,7,0,2025-11-09,2025-11-20,9,0
4012,2,2,SKU-08,7,0,2025-11-09,2025-11-20,9,0
4013,1,2,SKU-15,7,0,2025-11-09,2025-11-20,9,0
4014,5,1,SKU-04,7,0,2025-11-09,2025-11-25,12,1
4015,4,2,SKU-13,7,0,2025-11-09,2025-11-20,9,0
4016,2,1,SKU-12,8,1,2025-11-10,2025-11-28,14,1
4017,1,1,SKU-03,8,1,2025-11-10,2025-11-25,11,1
4018,5,2,SKU-11,8,1,2025-11-10,2025-12-10,22,1
4019,6,2,SKU-03,8,1,2025-11-10,2025-11-18,6,0
4020,4,2,SKU-01,8,1,2025-11-10,2025-12-03,17,1
4021,4,1,SKU-03,8,1,2025-11-10,2025-11-24,10,0
4022,4,3,SKU-10,8,1,2025-11-10,2025-11-26,12,1
4023,4,3,SKU-15,8,1,2025-11-10,2025-11-26,12,1
4024,1,1,SKU-10,8,1,2025-11-10,2025-11-25,11,1
4025,1,2,SKU-10,8,1,2025-11-10,2025-12-02,16,1
4026,1,1,SKU-12,8,1,2025-11-10,2025-12-02,16,1
4027,1,3,SKU-09,8,1,2025-11-10,2025-11-25,11,1
4028,1,3,SKU-06,8,1,2025-11-10,2025-11-21,9,0
4029,5,2,SKU-07,8,1,2025-11-10,2025-12-01,15,1
4030,3,2,SKU-15,8,1,2025-11-10,2025-11-27,13,1
4031,1,3,SKU-08,8,1,2025-11-10,2025-12-01,15,1
4032,6,1,SKU-05,8,1,2025-11-10,2025-11-20,8,0
4033,4,3,SKU-10,8,1,2025-11-10,2025-12-03,17,1
4034,2,2,SKU-13,8,1,2025-11-10,2025-11-25,11,1
4035,4,1,SKU-02,8,1,2025-11-10,2025-11-26,12,1
4036,3,2,SKU-07,8,1,2025-11-10,2025-11-21,9,0
4037,3,2,SKU-04,8,1,2025-11-10,2025-11-25,11,1
4038,3,2,SKU-01,8,1,2025-11-10,2025-12-02,16,1
4039,5,1,SKU-04,8,1,2025-11-10,2025-11-20,8,0
4040,3,2,SKU-15,8,1,2025-11-10,2025-11-28,14,1
4041,1,1,SKU-14,8,1,2025-11-10,2025-11-28,14,1
4042,2,2,SKU-02,8,1,2025-11-10,2025-11-28,14,1
4043,5,3,SKU-15,8,1,2025-11-10,2025-11-26,12,1
4044,1,1,SKU-02,8,1,2025-11-10,2025-12-01,15,1
4045,6,2,SKU-04,8,1,2025-11-10,2025-11-24,10,0
4046,5,3,SKU-12,8,1,2025-11-10,2025-11-26,12,1
4047,4,3,SKU-01,8,1,2025-11-10,2025-11-19,7,0
4048,1,3,SKU-03,8,1,2025-11-10,2025-12-02,16,1
4049,6,1,SKU-03,8,1,2025-11-10,2025-11-28,14,1
4050,1,2,SKU-01,8,1,2025-11-10,2025-11-20,8,0
4051,2,1,SKU-08,8,1,2025-11-10,2025-12-03,17,1
4052,6,3,SKU-07,8,1,2025-11-10,2025-11-20,8,0
4053,2,3,SKU-09,8,1,2025-11-10,2025-12-02,16,1
4054,2,1,SKU-12,8,1,2025-11-10,2025-11-26,12,1
4055,2,2,SKU-10,8,1,2025-11-10,2025-12-04,18,1
4056,2,2,SKU-10,8,1,2025-11-10,2025-12-01,15,1
4057,5,1,SKU-10,8,1,2025-11-10,2025-11-26,12,1
4058,6,2,SKU-03,8,1,2025-11-10,2025-11-28,14,1
4059,5,1,SKU-01,8,1,2025-11-10,2025-12-02,16,1
4060,3,1,SKU-04,8,1,2025-11-10,2025-11-27,13,1
4061,4,3,SKU-04,8,1,2025-11-10,2025-11-27,13,1
4062,5,2,SKU-15,8,1,2025-11-10,2025-11-27,13,1
4063,1,1,SKU-11,8,1,2025-11-10,2025-11-28,14,1
4064,6,3,SKU-02,8,1,2025-11-10,2025-12-04,18,1
4065,4,2,SKU-01,8,1,2025-11-10,2025-11-24,10,0
4066,2,2,SKU-10,8,1,2025-11-10,2025-11-21,9,0
4067,6,2,SKU-07,8,1,2025-11-10,2025-12-03,17,1
4068,2,3,SKU-11,8,1,2025-11-10,2025-12-02,16,1
4069,4,2,SKU-01,8,1,2025-11-10,2025-12-01,15,1
4070,3,2,SKU-02,8,1,2025-11-10,2025-11-24,10,0
4071,6,1,SKU-12,8,1,2025-11-10,2025-12-09,21,1
4072,5,2,SKU-09,8,1,2025-11-10,2025-12-02,16,1
4073,1,2,SKU-15,8,1,2025-11-10,2025-12-01,15,1
4074,6,3,SKU-14,8,1,2025-11-10,2025-12-01,15,1
4075,1,2,SKU-12,8,1,2025-11-10,2025-12-03,17,1
4076,3,2,SKU-03,8,1,2025-11-10,2025-11-20,8,0
4077,6,3,SKU-05,8,1,2025-11-10,2025-12-02,16,1
4078,3,2,SKU-12,8,1,2025-11-10,2025-12-01,15,1
4079,1,3,SKU-12,8,1,2025-11-10,2025-11-27,13,1
4080,6,3,SKU-09,8,1,2025-11-10,2025-12-01,15,1
4081,4,2,SKU-08,8,1,2025-11-10,2025-11-21,9,0
4082,6,3,SKU-08,8,1,2025-11-10,2025-11-28,14,1
4083,1,2,SKU-11,8,1,2025-11-10,2025-11-25,11,1
4084,3,2,SKU-10,8,1,2025-11-10,2025-11-24,10,0
4085,2,2,SKU-08,8,1,2025-11-10,2025-11-25,11,1
4086,3,1,SKU-10,8,1,2025-11-10,2025-12-01,15,1
4087,2,1,SKU-04,8,1,2025-11-10,2025-11-24,10,0
4088,2,1,SKU-10,8,1,2025-11-10,2025-11-26,12,1
4089,5,2,SKU-02,8,1,2025-11-10,2025-11-26,12,1
4090,2,3,SKU-04,8,1,2025-11-10,2025-11-26,12,1
4091,6,3,SKU-10,8,1,2025-11-10,2025-12-03,17,1
4092,1,1,SKU-08,8,1,2025-11-10,2025-12-04,18,1
4093,1,1,SKU-09,8,1,2025-11-10,2025-12-01,15,1
4094,4,1,SKU-15,8,1,2025-11-10,2025-12-03,17,1
4095,5,1,SKU-07,8,1,2025-11-10,2025-11-28,14,1
4096,5,2,SKU-03,8,1,2025-11-10,2025-11-25,11,1
4097,5,2,SKU-07,8,1,2025-11-10,2025-11-28,14,1
4098,5,3,SKU-08,8,1,2025-11-10,2025-12-02,16,1
4099,6,1,SKU-10,8,1,2025-11-10,2025-12-03,17,1
4100,3,3,SKU-04,8,1,2025-11-10,2025-11-27,13,1
4101,1,3,SKU-06,8,1,2025-11-10,2025-11-27,13,1
4102,4,3,SKU-15,8,1,2025-11-10,2025-11-26,12,1
4103,4,2,SKU-04,8,1,2025-11-10,2025-11-25,11,1
4104,3,3,SKU-02,8,1,2025-11-10,2025-12-05,19,1
4105,5,3,SKU-07,8,1,2025-11-10,2025-12-04,18,1
4106,5,1,SKU-06,8,1,2025-11-10,2025-11-26,12,1
4107,5,2,SKU-10,8,1,2025-11-10,2025-12-02,16,1
4108,6,3,SKU-15,8,1,2025-11-10,2025-12-11,23,1
4109,4,3,SKU-03,8,1,2025-11-10,2025-11-20,8,0
4110,3,3,SKU-14,8,1,2025-11-10,2025-11-26,12,1
4111,1,1,SKU-14,8,1,2025-11-10,2025-12-02,16,1
4112,1,2,SKU-11,8,1,2025-11-10,2025-12-08,20,1
4113,4,2,SKU-01,8,1,2025-11-10,2025-11-27,13,1
4114,4,2,SKU-15,8,1,2025-11-10,2025-12-08,20,1
4115,4,2,SKU-04,8,1,2025-11-10,2025-12-03,17,1
4116,5,3,SKU-13,8,1,2025-11-10,2025-12-04,18,1
4117,4,3,SKU-08,8,1,2025-11-10,2025-11-26,12,1
4118,1,3,SKU-02,8,1,2025-11-10,2025-11-21,9,0
4119,6,3,SKU-02,8,1,2025-11-10,2025-11-26,12,1
4120,2,3,SKU-01,8,1,2025-11-10,2025-12-01,15,1
4121,4,1,SKU-10,8,1,2025-11-10,2025-12-03,17,1
4122,6,2,SKU-06,8,1,2025-11-10,2025-11-27,13,1
4123,4,3,SKU-15,8,1,2025-11-10,2025-11-25,11,1
4124,3,1,SKU-07,8,1,2025-11-10,2025-11-28,14,1
4125,1,1,SKU-14,8,1,2025-11-10,2025-11-21,9,0
4126,3,2,SKU-03,8,1,2025-11-10,2025-11-26,12,1
4127,4,3,SKU-02,8,1,2025-11-10,2025-12-03,17,1
4128,6,2,SKU-15,8,1,2025-11-10,2025-11-26,12,1
4129,2,1,SKU-15,8,1,2025-11-10,2025-12-05,19,1
4130,3,2,SKU-03,8,1,2025-11-10,2025-11-27,13,1
4131,4,1,SKU-15,8,1,2025-11-10,2025-12-02,16,1
4132,1,2,SKU-04,8,1,2025-11-10,2025-12-05,19,1
4133,2,3,SKU-02,8,1,2025-11-10,2025-11-28,14,1
4134,3,2,SKU-01,8,1,2025-11-10,2025-12-02,16,1
4135,2,1,SKU-10,8,1,2025-11-10,2025-11-24,10,0
4136,1,3,SKU-11,8,1,2025-11-10,2025-11-28,14,1
4137,2,1,SKU-09,8,1,2025-11-10,2025-11-20,8,0
4138,5,3,SKU-02,8,1,2025-11-10,2025-11-25,11,1
4139,5,3,SKU-12,8,1,2025-11-10,2025-11-28,14,1
4140,5,3,SKU-06,8,1,2025-11-10,2025-11-26,12,1
4141,3,1,SKU-14,8,1,2025-11-10,2025-12-01,15,1
4142,6,3,SKU-04,8,1,2025-11-11,2025-12-04,17,1
4143,6,3,SKU-10,8,1,2025-11-11,2025-11-27,12,1
4144,2,2,SKU-08,8,1,2025-11-11,2025-12-05,18,1
4145,6,3,SKU-03,8,1,2025-11-11,2025-12-01,14,1
4146,3,3,SKU-04,8,1,2025-11-11,2025-11-25,10,0
4147,4,2,SKU-15,8,1,2025-11-11,2025-11-20,7,0
4148,1,2,SKU-11,8,1,2025-11-11,2025-12-01,14,1
4149,3,2,SKU-05,8,1,2025-11-11,2025-11-26,11,1
4150,6,2,SKU-11,8,1,2025-11-11,2025-12-02,15,1
4151,1,3,SKU-06,8,1,2025-11-11,2025-11-21,8,0
4152,3,3,SKU-10,8,1,2025-11-11,2025-11-28,13,1
4153,2,1,SKU-12,8,1,2025-11-11,2025-11-27,12,1
4154,5,3,SKU-14,8,1,2025-11-11,2025-11-28,13,1
4155,1,1,SKU-03,8,1,2025-11-11,2025-12-04,17,1
4156,6,2,SKU-09,8,1,2025-11-11,2025-12-01,14,1
4157,3,1,SKU-05,8,1,2025-11-11,2025-11-28,13,1
4158,2,3,SKU-12,8,1,2025-11-11,2025-12-02,15,1
4159,5,1,SKU-09,8,1,2025-11-11,2025-12-04,17,1
4160,2,1,SKU-03,8,1,2025-11-11,2025-12-03,16,1
4161,4,1,SKU-04,8,1,2025-11-11,2025-12-05,18,1
4162,2,1,SKU-03,8,1,2025-11-11,2025-11-25,10,0
4163,2,2,SKU-04,8,1,2025-11-11,2025-12-09,20,1
4164,6,2,SKU-14,8,1,2025-11-11,2025-12-01,14,1
4165,6,3,SKU-14,8,1,2025-11-11,2025-11-24,9,0
4166,3,3,SKU-02,8,1,2025-11-11,2025-12-04,17,1
4167,2,2,SKU-09,8,1,2025-11-11,2025-11-19,6,0
4168,4,2,SKU-13,8,1,2025-11-11,2025-12-03,16,1
4169,1,1,SKU-05,8,1,2025-11-11,2025-11-25,10,0
4170,3,2,SKU-10,8,1,2025-11-11,2025-12-10,21,1
4171,2,3,SKU-03,8,1,2025-11-11,2025-12-02,15,1
4172,1,2,SKU-08,8,1,2025-11-11,2025-11-20,7,0
4173,2,3,SKU-09,8,1,2025-11-11,2025-11-27,12,1
4174,5,2,SKU-04,8,1,2025-11-11,2025-12-03,16,1
4175,4,1,SKU-10,8,1,2025-11-11,2025-11-28,13,1
4176,1,3,SKU-03,8,1,2025-11-11,2025-12-01,14,1
4177,6,1,SKU-03,8,1,2025-11-11,2025-12-01,14,1
4178,5,1,SKU-11,8,1,2025-11-11,2025-12-02,15,1
4179,1,1,SKU-04,8,1,2025-11-11,2025-11-26,11,1
4180,3,1,SKU-11,8,1,2025-11-11,2025-11-27,12,1
4181,2,3,SKU-08,8,1,2025-11-11,2025-11-26,11,1
4182,1,2,SKU-13,8,1,2025-11-11,2025-11-25,10,0
4183,6,2,SKU-07,8,1,2025-11-11,2025-11-28,13,1
4184,6,3,SKU-04,8,1,2025-11-11,2025-11-20,7,0
4185,4,1,SKU-10,8,1,2025-11-11,2025-12-04,17,1
4186,2,2,SKU-05,8,1,2025-11-11,2025-12-03,16,1
4187,5,3,SKU-01,8,1,2025-11-11,2025-11-26,11,1
4188,2,1,SKU-03,8,1,2025-11-11,2025-12-11,22,1
4189,6,1,SKU-13,8,1,2025-11-11,2025-11-27,12,1
4190,1,1,SKU-14,8,1,2025-11-11,2025-11-28,13,1
4191,6,3,SKU-13,8,1,2025-11-11,2025-11-28,13,1
4192,3,3,SKU-01,8,1,2025-11-11,2025-11-28,13,1
4193,5,2,SKU-07,8,1,2025-11-11,2025-11-27,12,1
4194,5,2,SKU-15,8,1,2025-11-11,2025-12-03,16,1
4195,3,3,SKU-09,8,1,2025-11-11,2025-12-02,15,1
4196,6,3,SKU-01,8,1,2025-11-11,2025-12-01,14,1
4197,4,2,SKU-04,8,1,2025-11-11,2025-12-02,15,1
4198,5,1,SKU-13,8,1,2025-11-11,2025-11-27,12,1
4199,3,3,SKU-02,8,1,2025-11-11,2025-11-26,11,1
4200,4,3,SKU-06,8,1,2025-11-11,2025-12-04,17,1
4201,6,3,SKU-02,8,1,2025-11-11,2025-11-25,10,0
4202,6,3,SKU-04,8,1,2025-11-11,2025-12-04,17,1
4203,5,1,SKU-07,8,1,2025-11-11,2025-11-25,10,0
4204,3,1,SKU-03,8,1,2025-11-11,2025-12-01,14,1
4205,2,3,SKU-10,8,1,2025-11-11,2025-11-28,13,1
4206,5,2,SKU-07,8,1,2025-11-11,2025-12-02,15,1
4207,2,2,SKU-10,8,1,2025-11-11,2025-11-26,11,1
4208,6,2,SKU-08,8,1,2025-11-11,2025-11-28,13,1
4209,3,3,SKU-15,8,1,2025-11-11,2025-11-28,13,1
4210,1,2,SKU-04,8,1,2025-11-11,2025-11-27,12,1
4211,2,1,SKU-12,8,1,2025-11-11,2025-12-03,16,1
4212,1,2,SKU-06,8,1,2025-11-11,2025-11-27,12,1
4213,2,2,SKU-09,8,1,2025-11-11,2025-12-04,17,1
4214,6,3,SKU-10,8,1,2025-11-11,2025-11-21,8,0
4215,6,1,SKU-07,8,1,2025-11-11,2025-12-01,14,1
4216,6,3,SKU-04,8,1,2025-11-11,2025-11-20,7,0
4217,2,2,SKU-12,8,1,2025-11-11,2025-12-09,20,1
4218,3,2,SKU-05,8,1,2025-11-11,2025-11-28,13,1
4219,2,3,SKU-15,8,1,2025-11-11,2025-11-26,11,1
4220,4,1,SKU-01,8,1,2025-11-11,2025-12-10,21,1
4221,5,2,SKU-10,8,1,2025-11-11,2025-11-24,9,0
4222,3,3,SKU-12,8,1,2025-11-11,2025-11-26,11,1
4223,4,3,SKU-09,8,1,2025-11-11,2025-12-01,14,1
4224,4,1,SKU-08,8,1,2025-11-11,2025-12-03,16,1
4225,5,2,SKU-02,8,1,2025-11-11,2025-11-24,9,0
4226,2,2,SKU-06,8,1,2025-11-11,2025-12-04,17,1
4227,2,3,SKU-01,8,1,2025-11-11,2025-11-27,12,1
4228,4,2,SKU-05,8,1,2025-11-11,2025-11-28,13,1
4229,3,2,SKU-07,8,1,2025-11-11,2025-12-03,16,1
4230,2,1,SKU-02,8,1,2025-11-11,2025-12-01,14,1
4231,2,2,SKU-01,8,1,2025-11-11,2025-12-08,19,1
4232,4,3,SKU-02,8,1,2025-11-11,2025-11-24,9,0
4233,3,2,SKU-08,8,1,2025-11-11,2025-11-28,13,1
4234,6,3,SKU-04,8,1,2025-11-11,2025-12-01,14,1
4235,2,3,SKU-03,8,1,2025-11-11,2025-12-01,14,1
4236,2,3,SKU-10,8,1,2025-11-11,2025-11-28,13,1
4237,1,3,SKU-11,8,1,2025-11-11,2025-11-28,13,1
4238,4,2,SKU-02,8,1,2025-11-11,2025-12-01,14,1
4239,3,1,SKU-07,8,1,2025-11-11,2025-11-28,13,1
4240,5,2,SKU-04,8,1,2025-11-11,2025-12-01,14,1
4241,5,3,SKU-11,8,1,2025-11-11,2025-11-21,8,0
4242,2,2,SKU-01,8,1,2025-11-11,2025-12-08,19,1
4243,3,2,SKU-10,8,1,2025-11-11,2025-12-01,14,1
4244,5,2,SKU-07,8,1,2025-11-11,2025-11-26,11,1
4245,5,2,SKU-11,8,1,2025-11-11,2025-11-27,12,1
4246,2,2,SKU-07,8,1,2025-11-11,2025-12-08,19,1
4247,1,1,SKU-13,8,1,2025-11-11,2025-12-08,19,1
4248,4,2,SKU-13,8,1,2025-11-11,2025-11-19,6,0
4249,3,2,SKU-09,8,1,2025-11-11,2025-12-05,18,1
4250,1,3,SKU-01,8,1,2025-11-11,2025-12-01,14,1
4251,5,1,SKU-14,8,1,2025-11-11,2025-11-20,7,0
4252,3,2,SKU-10,8,1,2025-11-11,2025-11-26,11,1
4253,6,1,SKU-09,8,1,2025-11-11,2025-11-26,11,1
4254,6,3,SKU-03,8,1,2025-11-11,2025-12-02,15,1
4255,6,2,SKU-11,8,1,2025-11-11,2025-11-24,9,0
4256,6,2,SKU-09,8,1,2025-11-11,2025-12-10,21,1
4257,2,3,SKU-08,8,1,2025-11-11,2025-12-08,19,1
4258,6,3,SKU-08,8,1,2025-11-11,2025-11-27,12,1
4259,1,1,SKU-03,8,1,2025-11-11,2025-11-21,8,0
4260,6,2,SKU-09,8,1,2025-11-11,2025-12-03,16,1
4261,6,2,SKU-10,8,1,2025-11-11,2025-12-02,15,1
4262,1,1,SKU-06,8,1,2025-11-11,2025-12-03,16,1
4263,2,2,SKU-12,8,1,2025-11-11,2025-11-26,11,1
4264,2,1,SKU-04,8,1,2025-11-11,2025-11-27,12,1
4265,6,3,SKU-08,8,1,2025-11-11,2025-11-27,12,1
4266,6,3,SKU-12,8,1,2025-11-11,2025-12-04,17,1
4267,1,1,SKU-13,8,1,2025-11-11,2025-12-08,19,1
4268,4,1,SKU-03,8,1,2025-11-11,2025-11-26,11,1
4269,6,1,SKU-09,8,1,2025-11-11,2025-11-28,13,1
4270,6,2,SKU-09,8,1,2025-11-12,2025-11-24,8,0
4271,4,3,SKU-11,8,1,2025-11-12,2025-12-03,15,1
4272,5,1,SKU-08,8,1,2025-11-12,2025-12-04,16,1
4273,4,3,SKU-10,8,1,2025-11-12,2025-11-27,11,1
4274,1,1,SKU-12,8,1,2025-11-12,2025-11-25,9,0
4275,2,1,SKU-08,8,1,2025-11-12,2025-12-03,15,1
4276,2,2,SKU-05,8,1,2025-11-12,2025-12-03,15,1
4277,2,3,SKU-03,8,1,2025-11-12,2025-11-28,12,1
4278,6,2,SKU-08,8,1,2025-11-12,2025-11-24,8,0
4279,2,2,SKU-15,8,1,2025-11-12,2025-12-05,17,1
4280,5,1,SKU-13,8,1,2025-11-12,2025-11-28,12,1
4281,6,2,SKU-13,8,1,2025-11-12,2025-11-20,6,0
4282,2,2,SKU-03,8,1,2025-11-12,2025-12-10,20,1
4283,5,1,SKU-15,8,1,2025-11-12,2025-11-25,9,0
4284,1,1,SKU-08,8,1,2025-11-12,2025-12-09,19,1
4285,1,1,SKU-08,8,1,2025-11-12,2025-11-26,10,0
4286,1,1,SKU-14,8,1,2025-11-12,2025-12-02,14,1
4287,2,1,SKU-10,8,1,2025-11-12,2025-12-08,18,1
4288,3,1,SKU-01,8,1,2025-11-12,2025-12-05,17,1
4289,1,3,SKU-14,8,1,2025-11-12,2025-12-04,16,1
4290,2,2,SKU-08,8,1,2025-11-12,2025-12-08,18,1
4291,6,2,SKU-03,8,1,2025-11-12,2025-12-01,13,1
4292,3,3,SKU-07,8,1,2025-11-12,2025-11-25,9,0
4293,2,1,SKU-13,8,1,2025-11-12,2025-11-27,11,1
4294,6,3,SKU-05,8,1,2025-11-12,2025-12-02,14,1
4295,2,1,SKU-15,8,1,2025-11-12,2025-11-24,8,0
4296,5,2,SKU-01,8,1,2025-11-12,2025-11-28,12,1
4297,4,2,SKU-11,8,1,2025-11-12,2025-11-27,11,1
4298,6,3,SKU-09,8,1,2025-11-12,2025-12-01,13,1
4299,4,2,SKU-05,8,1,2025-11-12,2025-11-27,11,1
4300,5,3,SKU-09,8,1,2025-11-12,2025-11-26,10,0
4301,4,2,SKU-09,8,1,2025-11-12,2025-11-27,11,1
4302,3,3,SKU-03,8,1,2025-11-12,2025-11-25,9,0
4303,6,3,SKU-03,8,1,2025-11-12,2025-12-04,16,1
4304,1,3,SKU-12,8,1,2025-11-12,2025-11-27,11,1
4305,3,3,SKU-12,8,1,2025-11-12,2025-12-02,14,1
4306,6,1,SKU-14,8,1,2025-11-12,2025-11-28,12,1
4307,3,1,SKU-05,8,1,2025-11-12,2025-12-01,13,1
4308,3,3,SKU-11,8,1,2025-11-12,2025-12-11,21,1
4309,2,1,SKU-07,8,1,2025-11-12,2025-11-28,12,1
4310,2,2,SKU-09,8,1,2025-11-12,2025-12-03,15,1
4311,2,2,SKU-04,8,1,2025-11-12,2025-12-03,15,1
4312,1,2,SKU-12,8,1,2025-11-12,2025-12-08,18,1
4313,6,1,SKU-02,8,1,2025-11-12,2025-11-25,9,0
4314,2,1,SKU-07,8,1,2025-11-12,2025-11-25,9,0
4315,1,3,SKU-13,8,1,2025-11-12,2025-11-25,9,0
4316,1,3,SKU-03,8,1,2025-11-12,2025-12-03,15,1
4317,4,3,SKU-11,8,1,2025-11-12,2025-12-02,14,1
4318,4,2,SKU-05,8,1,2025-11-12,2025-11-24,8,0
4319,3,1,SKU-15,8,1,2025-11-12,2025-11-26,10,0
4320,4,1,SKU-03,8,1,2025-11-12,2025-12-02,14,1
4321,6,3,SKU-07,8,1,2025-11-12,2025-12-03,15,1
4322,5,3,SKU-12,8,1,2025-11-12,2025-11-28,12,1
4323,2,1,SKU-09,8,1,2025-11-12,2025-12-08,18,1
4324,2,3,SKU-15,8,1,2025-11-12,2025-12-02,14,1
4325,2,3,SKU-04,8,1,2025-11-12,2025-11-25,9,0
4326,3,3,SKU-11,8,1,2025-11-12,2025-11-26,10,0
4327,2,2,SKU-14,8,1,2025-11-12,2025-12-01,13,1
4328,5,3,SKU-13,8,1,2025-11-12,2025-12-03,15,1
4329,4,2,SKU-10,8,1,2025-11-12,2025-11-26,10,0
4330,1,3,SKU-11,8,1,2025-11-12,2025-12-05,17,1
4331,5,1,SKU-06,8,1,2025-11-12,2025-12-01,13,1
4332,4,3,SKU-05,8,1,2025-11-12,2025-12-09,19,1
4333,1,3,SKU-01,8,1,2025-11-12,2025-12-08,18,1
4334,4,3,SKU-03,8,1,2025-11-12,2025-12-05,17,1
4335,3,2,SKU-13,8,1,2025-11-12,2025-12-08,18,1
4336,5,1,SKU-13,8,1,2025-11-12,2025-11-27,11,1
4337,5,3,SKU-04,8,1,2025-11-12,2025-12-03,15,1
4338,1,3,SKU-06,8,1,2025-11-12,2025-12-01,13,1
4339,3,3,SKU-02,8,1,2025-11-12,2025-12-01,13,1
4340,2,1,SKU-10,8,1,2025-11-12,2025-12-04,16,1
4341,4,3,SKU-07,8,1,2025-11-12,2025-12-02,14,1
4342,2,3,SKU-01,8,1,2025-11-12,2025-11-26,10,0
4343,4,1,SKU-02,8,1,2025-11-12,2025-12-04,16,1
4344,1,2,SKU-11,8,1,2025-11-12,2025-12-01,13,1
4345,6,3,SKU-10,8,1,2025-11-12,2025-12-03,15,1
4346,5,3,SKU-08,8,1,2025-11-12,2025-12-05,17,1
4347,3,3,SKU-02,8,1,2025-11-12,2025-12-04,16,1
4348,2,2,SKU-15,8,1,2025-11-12,2025-12-01,13,1
4349,4,3,SKU-02,8,1,2025-11-12,2025-11-27,11,1
4350,2,1,SKU-06,8,1,2025-11-12,2025-12-02,14,1
4351,1,1,SKU-07,8,1,2025-11-12,2025-12-04,16,1
4352,1,1,SKU-04,8,1,2025-11-12,2025-12-04,16,1
4353,6,1,SKU-13,8,1,2025-11-12,2025-11-26,10,0
4354,2,2,SKU-07,8,1,2025-11-12,2025-12-03,15,1
4355,1,3,SKU-05,8,1,2025-11-12,2025-11-28,12,1
4356,3,1,SKU-01,8,1,2025-11-12,2025-12-05,17,1
4357,5,3,SKU-06,8,1,2025-11-12,2025-11-27,11,1
4358,1,3,SKU-09,8,1,2025-11-12,2025-12-03,15,1
4359,3,3,SKU-14,8,1,2025-11-12,2025-12-01,13,1
4360,1,3,SKU-13,8,1,2025-11-12,2025-12-04,16,1
4361,5,1,SKU-02,8,1,2025-11-12,2025-11-25,9,0
4362,5,2,SKU-14,8,1,2025-11-12,2025-12-10,20,1
4363,6,1,SKU-13,8,1,2025-11-12,2025-12-01,13,1
4364,4,1,SKU-08,8,1,2025-11-12,2025-11-27,11,1
4365,2,2,SKU-11,8,1,2025-11-12,2025-12-05,17,1
4366,2,3,SKU-15,8,1,2025-11-12,2025-11-24,8,0
4367,3,2,SKU-01,8,1,2025-11-12,2025-12-01,13,1
4368,1,3,SKU-11,8,1,2025-11-12,2025-12-01,13,1
4369,5,1,SKU-02,8,1,2025-11-12,2025-11-25,9,0
4370,4,2,SKU-10,8,1,2025-11-12,2025-12-10,20,1
4371,3,3,SKU-04,8,1,2025-11-12,2025-11-26,10,0
4372,3,3,SKU-08,8,1,2025-11-12,2025-12-09,19,1
4373,4,1,SKU-08,8,1,2025-11-12,2025-12-01,13,1
4374,2,2,SKU-14,8,1,2025-11-12,2025-12-01,13,1
4375,1,2,SKU-07,8,1,2025-11-12,2025-12-09,19,1
4376,4,2,SKU-02,8,1,2025-11-12,2025-11-27,11,1
4377,5,2,SKU-13,8,1,2025-11-12,2025-12-08,18,1
4378,3,2,SKU-13,8,1,2025-11-12,2025-12-02,14,1
4379,6,1,SKU-01,8,1,2025-11-12,2025-11-27,11,1
4380,4,3,SKU-13,8,1,2025-11-12,2025-12-02,14,1
4381,2,1,SKU-08,8,1,2025-11-12,2025-11-25,9,0
4382,5,1,SKU-02,8,1,2025-11-12,2025-12-03,15,1
4383,1,1,SKU-03,8,1,2025-11-12,2025-12-03,15,1
4384,1,2,SKU-12,8,1,2025-11-12,2025-11-28,12,1
4385,3,2,SKU-15,8,1,2025-11-12,2025-11-28,12,1
4386,5,2,SKU-07,8,1,2025-11-12,2025-12-02,14,1
4387,3,1,SKU-13,8,1,2025-11-12,2025-12-03,15,1
4388,3,1,SKU-05,8,1,2025-11-12,2025-12-03,15,1
4389,2,1,SKU-14,8,1,2025-11-12,2025-11-26,10,0
4390,6,2,SKU-11,8,1,2025-11-13,2025-12-05,16,1
4391,5,2,SKU-01,8,1,2025-11-13,2025-12-04,15,1
4392,5,2,SKU-08,8,1,2025-11-13,2025-12-02,13,1
4393,3,2,SKU-09,8,1,2025-11-13,2025-11-21,6,0
4394,6,1,SKU-03,8,1,2025-11-13,2025-12-02,13,1
4395,2,2,SKU-06,8,1,2025-11-13,2025-12-04,15,1
4396,2,2,SKU-11,8,1,2025-11-13,2025-12-01,12,1
4397,2,3,SKU-13,8,1,2025-11-13,2025-12-02,13,1
4398,5,3,SKU-02,8,1,2025-11-13,2025-11-25,8,0
4399,4,2,SKU-04,8,1,2025-11-13,2025-11-27,10,0
4400,1,2,SKU-05,8,1,2025-11-13,2025-12-11,20,1
4401,5,1,SKU-11,8,1,2025-11-13,2025-11-26,9,0
4402,1,3,SKU-09,8,1,2025-11-13,2025-12-04,15,1
4403,4,3,SKU-02,8,1,2025-11-13,2025-12-01,12,1
4404,1,3,SKU-09,8,1,2025-11-13,2025-12-12,21,1
4405,3,2,SKU-14,8,1,2025-11-13,2025-12-08,17,1
4406,6,1,SKU-07,8,1,2025-11-13,2025-12-01,12,1
4407,3,3,SKU-10,8,1,2025-11-13,2025-12-03,14,1
4408,5,3,SKU-13,8,1,2025-11-13,2025-12-03,14,1
4409,4,3,SKU-02,8,1,2025-11-13,2025-11-28,11,1
4410,3,3,SKU-14,8,1,2025-11-13,2025-12-08,17,1
4411,2,3,SKU-07,8,1,2025-11-13,2025-12-05,16,1
4412,2,2,SKU-10,8,1,2025-11-13,2025-12-03,14,1
4413,3,2,SKU-13,8,1,2025-11-13,2025-12-08,17,1
4414,3,3,SKU-06,8,1,2025-11-13,2025-11-21,6,0
4415,2,3,SKU-08,8,1,2025-11-13,2025-11-27,10,0
4416,2,1,SKU-03,8,1,2025-11-13,2025-11-27,10,0
4417,1,1,SKU-11,8,1,2025-11-13,2025-12-04,15,1
4418,1,2,SKU-04,8,1,2025-11-13,2025-12-02,13,1
4419,3,2,SKU-09,8,1,2025-11-13,2025-12-03,14,1
4420,5,3,SKU-10,8,1,2025-11-13,2025-12-01,12,1
4421,3,3,SKU-05,8,1,2025-11-13,2025-12-03,14,1
4422,4,1,SKU-08,8,1,2025-11-13,2025-12-01,12,1
4423,4,2,SKU-03,8,1,2025-11-13,2025-12-05,16,1
4424,1,2,SKU-08,8,1,2025-11-13,2025-12-04,15,1
4425,4,3,SKU-01,8,1,2025-11-13,2025-11-28,11,1
4426,6,2,SKU-04,8,1,2025-11-13,2025-12-11,20,1
4427,1,3,SKU-02,8,1,2025-11-13,2025-12-03,14,1
4428,4,2,SKU-11,8,1,2025-11-13,2025-12-04,15,1
4429,4,3,SKU-13,8,1,2025-11-13,2025-12-08,17,1
4430,5,2,SKU-12,8,1,2025-11-13,2025-11-27,10,0
4431,4,1,SKU-07,8,1,2025-11-13,2025-11-21,6,0
4432,3,3,SKU-01,8,1,2025-11-13,2025-12-03,14,1
4433,2,1,SKU-12,8,1,2025-11-13,2025-12-05,16,1
4434,5,2,SKU-01,8,1,2025-11-13,2025-12-01,12,1
4435,2,3,SKU-10,8,1,2025-11-13,2025-12-04,15,1
4436,5,3,SKU-02,8,1,2025-11-13,2025-12-01,12,1
4437,6,2,SKU-04,8,1,2025-11-13,2025-12-01,12,1
4438,3,3,SKU-12,8,1,2025-11-13,2025-11-28,11,1
4439,2,2,SKU-11,8,1,2025-11-13,2025-12-04,15,1
4440,6,1,SKU-09,8,1,2025-11-13,2025-12-08,17,1
4441,5,3,SKU-01,8,1,2025-11-13,2025-12-01,12,1
4442,5,3,SKU-02,8,1,2025-11-13,2025-12-04,15,1
4443,5,1,SKU-01,8,1,2025-11-13,2025-11-28,11,1
4444,2,2,SKU-04,8,1,2025-11-13,2025-12-08,17,1
4445,3,2,SKU-08,8,1,2025-11-13,2025-12-03,14,1
4446,5,2,SKU-08,8,1,2025-11-13,2025-11-24,7,0
4447,6,1,SKU-04,8,1,2025-11-13,2025-12-02,13,1
4448,3,3,SKU-02,8,1,2025-11-13,2025-12-08,17,1
4449,5,2,SKU-15,8,1,2025-11-13,2025-12-10,19,1
4450,4,1,SKU-09,8,1,2025-11-13,2025-12-12,21,1
4451,3,3,SKU-11,8,1,2025-11-13,2025-12-03,14,1
4452,5,1,SKU-13,8,1,2025-11-13,2025-12-04,15,1
4453,4,1,SKU-08,8,1,2025-11-13,2025-12-05,16,1
4454,3,2,SKU-05,8,1,2025-11-13,2025-12-01,12,1
4455,6,1,SKU-06,8,1,2025-11-13,2025-12-11,20,1
4456,3,2,SKU-12,8,1,2025-11-13,2025-12-02,13,1
4457,4,1,SKU-13,8,1,2025-11-13,2025-12-01,12,1
4458,5,2,SKU-11,8,1,2025-11-13,2025-12-01,12,1
4459,2,3,SKU-01,8,1,2025-11-13,2025-12-08,17,1
4460,4,2,SKU-06,8,1,2025-11-13,2025-11-24,7,0
4461,1,3,SKU-05,8,1,2025-11-13,2025-12-04,15,1
4462,4,1,SKU-06,8,1,2025-11-13,2025-12-03,14,1
4463,2,3,SKU-13,8,1,2025-11-13,2025-12-08,17,1
4464,6,2,SKU-15,8,1,2025-11-13,2025-12-04,15,1
4465,3,2,SKU-09,8,1,2025-11-13,2025-12-01,12,1
4466,1,2,SKU-08,8,1,2025-11-13,2025-12-01,12,1
4467,3,3,SKU-12,8,1,2025-11-13,2025-11-27,10,0
4468,3,2,SKU-11,8,1,2025-11-13,2025-12-04,15,1
4469,4,3,SKU-07,8,1,2025-11-13,2025-12-01,12,1
4470,1,3,SKU-13,8,1,2025-11-13,2025-12-02,13,1
4471,6,1,SKU-15,8,1,2025-11-13,2025-12-01,12,1
4472,6,2,SKU-14,8,1,2025-11-13,2025-11-24,7,0
4473,3,1,SKU-10,8,1,2025-11-13,2025-12-12,21,1
4474,6,3,SKU-08,8,1,2025-11-13,2025-12-01,12,1
4475,6,3,SKU-15,8,1,2025-11-13,2025-12-09,18,1
4476,3,2,SKU-09,8,1,2025-11-13,2025-12-02,13,1
4477,6,2,SKU-09,8,1,2025-11-13,2025-12-05,16,1
4478,5,1,SKU-11,8,1,2025-11-13,2025-12-03,14,1
4479,4,1,SKU-01,8,1,2025-11-13,2025-12-02,13,1
4480,6,1,SKU-08,8,1,2025-11-13,2025-12-04,15,1
4481,6,2,SKU-04,8,1,2025-11-13,2025-12-05,16,1
4482,2,1,SKU-11,8,1,2025-11-13,2025-11-25,8,0
4483,2,2,SKU-07,8,1,2025-11-13,2025-12-03,14,1
4484,5,1,SKU-07,8,1,2025-11-13,2025-11-27,10,0
4485,5,1,SKU-05,8,1,2025-11-13,2025-12-02,13,1
4486,3,2,SKU-14,8,1,2025-11-13,2025-11-24,7,0
4487,6,3,SKU-09,8,1,2025-11-13,2025-12-08,17,1
4488,4,1,SKU-06,8,1,2025-11-13,2025-12-05,16,1
4489,3,2,SKU-10,8,1,2025-11-13,2025-12-02,13,1
4490,3,3,SKU-08,8,1,2025-11-13,2025-12-05,16,1
4491,4,3,SKU-05,8,1,2025-11-13,2025-12-03,14,1
4492,5,2,SKU-02,8,1,2025-11-13,2025-12-02,13,1
4493,5,2,SKU-11,8,1,2025-11-13,2025-12-09,18,1
4494,5,1,SKU-09,8,1,2025-11-13,2025-12-03,14,1
4495,4,3,SKU-13,8,1,2025-11-13,2025-12-10,19,1
4496,6,1,SKU-04,8,1,2025-11-13,2025-12-03,14,1
4497,2,2,SKU-14,8,1,2025-11-13,2025-12-09,18,1
4498,4,1,SKU-06,8,1,2025-11-13,2025-12-03,14,1
4499,2,2,SKU-15,8,1,2025-11-13,2025-11-27,10,0
4500,5,3,SKU-08,8,1,2025-11-13,2025-12-04,15,1
4501,1,1,SKU-01,8,1,2025-11-13,2025-11-27,10,0
4502,3,1,SKU-12,8,1,2025-11-13,2025-12-04,15,1
4503,5,2,SKU-02,8,1,2025-11-13,2025-12-04,15,1
4504,2,3,SKU-07,8,1,2025-11-13,2025-12-01,12,1
4505,6,2,SKU-11,8,1,2025-11-13,2025-12-10,19,1
4506,4,1,SKU-05,8,1,2025-11-13,2025-12-10,19,1
4507,1,2,SKU-11,8,1,2025-11-13,2025-12-04,15,1
4508,1,2,SKU-08,8,1,2025-11-13,2025-11-28,11,1
4509,3,1,SKU-12,8,1,2025-11-13,2025-12-10,19,1
4510,3,2,SKU-15,8,1,2025-11-13,2025-11-25,8,0
4511,1,3,SKU-02,8,1,2025-11-13,2025-12-08,17,1
4512,5,3,SKU-02,8,1,2025-11-13,2025-12-03,14,1
4513,3,1,SKU-13,8,1,2025-11-13,2025-12-08,17,1
4514,6,2,SKU-04,8,1,2025-11-13,2025-12-02,13,1
4515,1,1,SKU-12,8,1,2025-11-13,2025-12-08,17,1
4516,1,1,SKU-11,8,1,2025-11-13,2025-12-02,13,1
4517,2,2,SKU-09,8,1,2025-11-13,2025-12-01,12,1
4518,4,2,SKU-06,8,1,2025-11-13,2025-12-09,18,1
4519,1,1,SKU-08,8,1,2025-11-14,2025-12-04,14,1
4520,2,2,SKU-10,8,1,2025-11-14,2025-12-09,17,1
4521,6,2,SKU-04,8,1,2025-11-14,2025-12-03,13,1
4522,2,2,SKU-10,8,1,2025-11-14,2025-12-05,15,1
4523,6,3,SKU-12,8,1,2025-11-14,2025-12-02,12,1
4524,5,1,SKU-12,8,1,2025-11-14,2025-12-17,23,1
4525,6,3,SKU-03,8,1,2025-11-14,2025-12-08,16,1
4526,4,1,SKU-03,8,1,2025-11-14,2025-12-11,19,1
4527,6,1,SKU-08,8,1,2025-11-14,2025-12-10,18,1
4528,6,3,SKU-14,8,1,2025-11-14,2025-11-25,7,0
4529,2,1,SKU-02,8,1,2025-11-14,2025-11-28,10,0
4530,5,1,SKU-15,8,1,2025-11-14,2025-12-08,16,1
4531,1,2,SKU-08,8,1,2025-11-14,2025-12-04,14,1
4532,1,1,SKU-01,8,1,2025-11-14,2025-12-03,13,1
4533,4,2,SKU-06,8,1,2025-11-14,2025-12-02,12,1
4534,1,2,SKU-14,8,1,2025-11-14,2025-11-27,9,0
4535,5,1,SKU-14,8,1,2025-11-14,2025-12-04,14,1
4536,1,1,SKU-01,8,1,2025-11-14,2025-11-27,9,0
4537,1,3,SKU-06,8,1,2025-11-14,2025-11-27,9,0
4538,3,1,SKU-13,8,1,2025-11-14,2025-12-08,16,1
4539,4,3,SKU-10,8,1,2025-11-14,2025-11-28,10,0
4540,5,2,SKU-07,8,1,2025-11-14,2025-12-01,11,1
4541,2,3,SKU-15,8,1,2025-11-14,2025-12-05,15,1
4542,5,2,SKU-05,8,1,2025-11-14,2025-12-03,13,1
4543,3,2,SKU-02,8,1,2025-11-14,2025-12-03,13,1
4544,1,3,SKU-08,8,1,2025-11-14,2025-12-08,16,1
4545,2,2,SKU-01,8,1,2025-11-14,2025-11-24,6,0
4546,2,1,SKU-06,8,1,2025-11-14,2025-12-04,14,1
4547,5,3,SKU-04,8,1,2025-11-14,2025-12-04,14,1
4548,2,1,SKU-08,8,1,2025-11-14,2025-11-28,10,0
4549,3,3,SKU-04,8,1,2025-11-14,2025-12-01,11,1
4550,3,2,SKU-01,8,1,2025-11-14,2025-11-26,8,0
4551,4,1,SKU-02,8,1,2025-11-14,2025-11-28,10,0
4552,1,1,SKU-06,8,1,2025-11-14,2025-12-15,21,1
4553,3,3,SKU-07,8,1,2025-11-14,2025-12-12,20,1
4554,3,2,SKU-07,8,1,2025-11-14,2025-12-05,15,1
4555,3,3,SKU-04,8,1,2025-11-14,2025-12-08,16,1
4556,4,2,SKU-06,8,1,2025-11-14,2025-12-03,13,1
4557,4,1,SKU-13,8,1,2025-11-14,2025-11-28,10,0
4558,6,1,SKU-10,8,1,2025-11-14,2025-12-08,16,1
4559,1,2,SKU-02,8,1,2025-11-14,2025-11-25,7,0
4560,5,2,SKU-04,8,1,2025-11-14,2025-11-25,7,0
4561,4,2,SKU-15,8,1,2025-11-14,2025-12-05,15,1
4562,6,3,SKU-04,8,1,2025-11-14,2025-12-08,16,1
4563,5,1,SKU-05,8,1,2025-11-14,2025-12-04,14,1
4564,2,1,SKU-11,8,1,2025-11-14,2025-12-05,15,1
4565,4,3,SKU-01,8,1,2025-11-14,2025-12-04,14,1
4566,2,3,SKU-04,8,1,2025-11-14,2025-12-05,15,1
4567,6,3,SKU-12,8,1,2025-11-14,2025-12-03,13,1
4568,3,2,SKU-06,8,1,2025-11-14,2025-12-05,15,1
4569,1,2,SKU-09,8,1,2025-11-14,2025-12-09,17,1
4570,1,3,SKU-14,8,1,2025-11-14,2025-12-03,13,1
4571,2,1,SKU-09,8,1,2025-11-14,2025-12-15,21,1
4572,1,1,SKU-07,8,1,2025-11-14,2025-12-10,18,1
4573,4,3,SKU-08,8,1,2025-11-14,2025-12-04,14,1
4574,3,1,SKU-05,8,1,2025-11-14,2025-12-03,13,1
4575,1,3,SKU-15,8,1,2025-11-14,2025-11-28,10,0
4576,5,1,SKU-07,8,1,2025-11-14,2025-12-02,12,1
4577,4,2,SKU-02,8,1,2025-11-14,2025-11-27,9,0
4578,6,2,SKU-06,8,1,2025-11-14,2025-12-05,15,1
4579,1,2,SKU-13,8,1,2025-11-14,2025-12-01,11,1
4580,4,3,SKU-05,8,1,2025-11-14,2025-12-10,18,1
4581,3,2,SKU-14,8,1,2025-11-14,2025-12-04,14,1
4582,4,2,SKU-13,8,1,2025-11-14,2025-12-04,14,1
4583,3,2,SKU-02,8,1,2025-11-14,2025-12-09,17,1
4584,4,3,SKU-04,8,1,2025-11-14,2025-11-27,9,0
4585,5,2,SKU-04,8,1,2025-11-14,2025-12-01,11,1
4586,3,1,SKU-09,8,1,2025-11-14,2025-11-27,9,0
4587,2,2,SKU-04,8,1,2025-11-14,2025-12-04,14,1
4588,1,1,SKU-07,8,1,2025-11-14,2025-11-25,7,0
4589,6,3,SKU-12,8,1,2025-11-14,2025-12-01,11,1
4590,4,1,SKU-14,8,1,2025-11-14,2025-12-09,17,1
4591,1,2,SKU-07,8,1,2025-11-14,2025-12-03,13,1
4592,1,2,SKU-09,8,1,2025-11-14,2025-12-04,14,1
4593,6,2,SKU-15,8,1,2025-11-14,2025-12-09,17,1
4594,1,1,SKU-09,8,1,2025-11-14,2025-12-05,15,1
4595,6,3,SKU-06,8,1,2025-11-14,2025-12-01,11,1
4596,1,1,SKU-10,8,1,2025-11-14,2025-12-08,16,1
4597,6,3,SKU-05,8,1,2025-11-14,2025-12-03,13,1
4598,1,1,SKU-15,8,1,2025-11-14,2025-12-08,16,1
4599,2,2,SKU-15,8,1,2025-11-14,2025-12-11,19,1
4600,5,1,SKU-13,8,1,2025-11-14,2025-12-08,16,1
4601,5,1,SKU-09,8,1,2025-11-14,2025-11-26,8,0
4602,6,2,SKU-12,8,1,2025-11-14,2025-12-04,14,1
4603,5,1,SKU-13,8,1,2025-11-14,2025-12-18,24,1
4604,4,1,SKU-03,8,1,2025-11-14,2025-11-27,9,0
4605,4,2,SKU-04,8,1,2025-11-14,2025-12-09,17,1
4606,6,2,SKU-04,8,1,2025-11-14,2025-12-10,18,1
4607,1,3,SKU-14,8,1,2025-11-14,2025-12-09,17,1
4608,4,1,SKU-02,8,1,2025-11-14,2025-12-01,11,1
4609,1,1,SKU-15,8,1,2025-11-14,2025-12-03,13,1
4610,3,1,SKU-08,8,1,2025-11-14,2025-11-26,8,0
4611,5,3,SKU-07,8,1,2025-11-14,2025-12-01,11,1
4612,6,2,SKU-08,8,1,2025-11-14,2025-12-09,17,1
4613,1,1,SKU-11,8,1,2025-11-14,2025-12-08,16,1
4614,4,3,SKU-12,8,1,2025-11-14,2025-12-08,16,1
4615,1,1,SKU-12,8,1,2025-11-14,2025-11-27,9,0
4616,2,2,SKU-13,8,1,2025-11-14,2025-12-04,14,1
4617,5,3,SKU-12,8,1,2025-11-14,2025-12-09,17,1
4618,4,1,SKU-15,8,1,2025-11-14,2025-12-02,12,1
4619,2,3,SKU-02,8,1,2025-11-14,2025-12-01,11,1
4620,6,1,SKU-01,8,1,2025-11-14,2025-12-02,12,1
4621,4,2,SKU-08,8,1,2025-11-14,2025-11-28,10,0
4622,1,3,SKU-15,8,1,2025-11-14,2025-11-27,9,0
4623,2,3,SKU-03,8,1,2025-11-14,2025-12-02,12,1
4624,1,1,SKU-02,8,1,2025-11-14,2025-12-09,17,1
4625,2,2,SKU-12,8,1,2025-11-14,2025-12-04,14,1
4626,1,1,SKU-15,8,1,2025-11-14,2025-11-28,10,0
4627,6,3,SKU-06,8,1,2025-11-14,2025-12-10,18,1
4628,4,1,SKU-09,8,1,2025-11-14,2025-12-03,13,1
4629,5,1,SKU-06,8,1,2025-11-14,2025-12-04,14,1
4630,2,3,SKU-12,8,1,2025-11-14,2025-12-03,13,1
4631,2,3,SKU-12,8,1,2025-11-14,2025-11-26,8,0
4632,5,3,SKU-06,8,1,2025-11-14,2025-12-02,12,1
4633,5,2,SKU-07,8,1,2025-11-14,2025-12-02,12,1
4634,2,1,SKU-03,8,1,2025-11-14,2025-12-12,20,1
4635,1,1,SKU-01,8,1,2025-11-14,2025-12-05,15,1
4636,3,2,SKU-01,8,1,2025-11-14,2025-12-01,11,1
4637,2,3,SKU-08,8,1,2025-11-14,2025-12-09,17,1
4638,3,1,SKU-03,8,1,2025-11-14,2025-12-04,14,1
4639,3,1,SKU-11,8,1,2025-11-14,2025-12-08,16,1
4640,5,2,SKU-12,8,1,2025-11-14,2025-12-05,15,1
4641,4,3,SKU-09,8,1,2025-11-14,2025-12-08,16,1
4642,1,2,SKU-12,8,1,2025-11-14,2025-12-05,15,1
4643,1,3,SKU-14,8,1,2025-11-14,2025-11-27,9,0
4644,5,3,SKU-15,8,1,2025-11-14,2025-12-05,15,1
4645,3,3,SKU-09,8,1,2025-11-14,2025-12-09,17,1
4646,3,3,SKU-06,8,1,2025-11-14,2025-12-10,18,1
4647,6,3,SKU-08,8,1,2025-11-14,2025-11-26,8,0
4648,1,2,SKU-13,8,1,2025-11-14,2025-12-05,15,1
4649,1,1,SKU-01,8,1,2025-11-14,2025-12-05,15,1
4650,6,1,SKU-13,8,1,2025-11-14,2025-12-10,18,1
4651,4,2,SKU-12,8,1,2025-11-15,2025-12-01,11,1
4652,1,3,SKU-14,8,1,2025-11-15,2025-12-01,11,1
4653,1,1,SKU-08,8,1,2025-11-15,2025-11-28,10,0
4654,5,3,SKU-14,8,1,2025-11-15,2025-12-05,15,1
4655,4,2,SKU-13,8,1,2025-11-15,2025-12-09,17,1
4656,5,1,SKU-05,8,1,2025-11-15,2025-12-05,15,1
4657,6,2,SKU-10,8,1,2025-11-15,2025-12-08,16,1
4658,6,1,SKU-08,8,1,2025-11-15,2025-12-04,14,1
4659,5,1,SKU-11,8,1,2025-11-15,2025-12-03,13,1
4660,5,1,SKU-02,8,1,2025-11-15,2025-12-01,11,1
4661,4,1,SKU-14,8,1,2025-11-15,2025-11-27,9,0
4662,1,1,SKU-02,8,1,2025-11-15,2025-12-10,18,1
4663,5,2,SKU-14,8,1,2025-11-15,2025-12-03,13,1
4664,4,1,SKU-10,8,1,2025-11-15,2025-12-08,16,1
4665,2,1,SKU-02,8,1,2025-11-15,2025-12-01,11,1
4666,5,2,SKU-14,8,1,2025-11-15,2025-11-27,9,0
4667,5,2,SKU-11,8,1,2025-11-15,2025-12-11,19,1
4668,4,3,SKU-02,8,1,2025-11-15,2025-12-08,16,1
4669,4,1,SKU-06,8,1,2025-11-15,2025-12-08,16,1
4670,1,2,SKU-07,8,1,2025-11-15,2025-12-09,17,1
4671,2,2,SKU-11,8,1,2025-11-15,2025-12-10,18,1
4672,2,3,SKU-03,8,1,2025-11-15,2025-12-01,11,1
4673,1,1,SKU-11,8,1,2025-11-15,2025-12-04,14,1
4674,1,3,SKU-11,8,1,2025-11-15,2025-11-27,9,0
4675,6,2,SKU-12,8,1,2025-11-15,2025-12-01,11,1
4676,4,1,SKU-13,8,1,2025-11-15,2025-12-05,15,1
4677,1,1,SKU-12,8,1,2025-11-15,2025-12-08,16,1
4678,3,2,SKU-12,8,1,2025-11-15,2025-11-28,10,0
4679,5,3,SKU-05,8,1,2025-11-15,2025-12-01,11,1
4680,6,2,SKU-10,8,1,2025-11-15,2025-12-17,23,1
4681,6,3,SKU-14,8,1,2025-11-15,2025-12-05,15,1
4682,5,1,SKU-11,8,1,2025-11-15,2025-12-02,12,1
4683,3,3,SKU-08,8,1,2025-11-15,2025-11-26,8,0
4684,2,2,SKU-01,8,1,2025-11-15,2025-12-02,12,1
4685,6,2,SKU-06,8,1,2025-11-15,2025-11-26,8,0
4686,2,2,SKU-13,8,1,2025-11-15,2025-12-05,15,1
4687,3,2,SKU-05,8,1,2025-11-15,2025-12-04,14,1
4688,5,3,SKU-09,8,1,2025-11-15,2025-11-24,6,0
4689,4,2,SKU-08,8,1,2025-11-15,2025-11-26,8,0
4690,2,1,SKU-03,8,1,2025-11-15,2025-12-02,12,1
4691,3,1,SKU-13,8,1,2025-11-15,2025-11-26,8,0
4692,1,3,SKU-04,8,1,2025-11-15,2025-12-18,24,1
4693,2,2,SKU-15,8,1,2025-11-15,2025-12-01,11,1
4694,5,1,SKU-01,8,1,2025-11-15,2025-12-01,11,1
4695,1,1,SKU-12,8,1,2025-11-15,2025-12-02,12,1
4696,4,1,SKU-11,8,1,2025-11-15,2025-12-03,13,1
4697,1,3,SKU-07,8,1,2025-11-15,2025-12-02,12,1
4698,4,1,SKU-02,8,1,2025-11-15,2025-12-09,17,1
4699,6,2,SKU-02,8,1,2025-11-15,2025-12-02,12,1
4700,6,2,SKU-11,8,1,2025-11-15,2025-11-27,9,0
4701,5,3,SKU-05,8,1,2025-11-15,2025-12-08,16,1
4702,3,3,SKU-12,8,1,2025-11-15,2025-12-03,13,1
4703,2,3,SKU-04,8,1,2025-11-15,2025-11-25,7,0
4704,3,1,SKU-13,8,1,2025-11-15,2025-12-03,13,1
4705,6,2,SKU-02,8,1,2025-11-15,2025-11-27,9,0
4706,4,3,SKU-01,8,1,2025-11-15,2025-11-24,6,0
4707,1,2,SKU-07,8,1,2025-11-15,2025-11-28,10,0
4708,6,1,SKU-05,8,1,2025-11-15,2025-11-28,10,0
4709,3,1,SKU-03,8,1,2025-11-15,2025-12-03,13,1
4710,3,1,SKU-13,8,1,2025-11-15,2025-12-02,12,1
4711,2,3,SKU-01,8,1,2025-11-15,2025-12-04,14,1
4712,1,3,SKU-11,8,1,2025-11-15,2025-12-08,16,1
4713,5,3,SKU-03,8,1,2025-11-15,2025-12-02,12,1
4714,2,3,SKU-03,8,1,2025-11-15,2025-11-28,10,0
4715,1,2,SKU-03,8,1,2025-11-15,2025-12-02,12,1
4716,1,1,SKU-05,8,1,2025-11-15,2025-12-05,15,1
4717,3,3,SKU-04,8,1,2025-11-15,2025-11-28,10,0
4718,1,3,SKU-12,8,1,2025-11-15,2025-11-26,8,0
4719,4,2,SKU-14,8,1,2025-11-15,2025-12-08,16,1
4720,5,3,SKU-09,8,1,2025-11-15,2025-12-09,17,1
4721,4,1,SKU-12,8,1,2025-11-15,2025-12-01,11,1
4722,5,2,SKU-10,8,1,2025-11-15,2025-12-03,13,1
4723,4,3,SKU-08,8,1,2025-11-15,2025-11-28,10,0
4724,5,2,SKU-09,8,1,2025-11-15,2025-12-03,13,1
4725,4,1,SKU-04,8,1,2025-11-15,2025-11-28,10,0
4726,4,2,SKU-06,8,1,2025-11-15,2025-12-11,19,1
4727,1,3,SKU-13,8,1,2025-11-15,2025-12-09,17,1
4728,3,1,SKU-03,8,1,2025-11-15,2025-12-04,14,1
4729,1,1,SKU-13,8,1,2025-11-15,2025-12-03,13,1
4730,6,1,SKU-09,8,1,2025-11-15,2025-12-03,13,1
4731,3,3,SKU-03,8,1,2025-11-15,2025-12-08,16,1
4732,1,1,SKU-04,8,1,2025-11-15,2025-11-28,10,0
4733,5,2,SKU-02,8,1,2025-11-15,2025-12-05,15,1
4734,4,3,SKU-01,8,1,2025-11-15,2025-11-28,10,0
4735,2,1,SKU-09,8,1,2025-11-15,2025-12-10,18,1
4736,5,3,SKU-15,8,1,2025-11-15,2025-11-27,9,0
4737,6,3,SKU-01,8,1,2025-11-15,2025-11-24,6,0
4738,4,3,SKU-05,8,1,2025-11-15,2025-12-03,13,1
4739,2,1,SKU-05,8,1,2025-11-15,2025-12-08,16,1
4740,3,1,SKU-07,8,1,2025-11-15,2025-12-02,12,1
4741,4,2,SKU-05,8,1,2025-11-15,2025-12-05,15,1
4742,2,2,SKU-06,8,1,2025-11-15,2025-12-10,18,1
4743,2,3,SKU-01,8,1,2025-11-15,2025-12-04,14,1
4744,3,3,SKU-12,8,1,2025-11-15,2025-12-02,12,1
4745,3,3,SKU-01,8,1,2025-11-15,2025-12-03,13,1
4746,2,1,SKU-10,8,1,2025-11-15,2025-12-11,19,1
4747,6,2,SKU-10,8,1,2025-11-15,2025-11-28,10,0
4748,3,3,SKU-11,8,1,2025-11-15,2025-12-08,16,1
4749,5,2,SKU-09,8,1,2025-11-15,2025-12-08,16,1
4750,3,3,SKU-08,8,1,2025-11-15,2025-11-25,7,0
4751,5,1,SKU-04,8,1,2025-11-15,2025-12-04,14,1
4752,2,2,SKU-14,8,1,2025-11-15,2025-12-16,22,1
4753,1,1,SKU-15,8,1,2025-11-15,2025-12-09,17,1
4754,3,3,SKU-11,8,1,2025-11-15,2025-12-01,11,1
4755,1,2,SKU-02,8,1,2025-11-15,2025-12-10,18,1
4756,1,2,SKU-13,8,1,2025-11-15,2025-12-05,15,1
4757,1,1,SKU-09,8,1,2025-11-15,2025-12-03,13,1
4758,6,3,SKU-14,8,1,2025-11-15,2025-12-16,22,1
4759,3,1,SKU-03,8,1,2025-11-15,2025-12-08,16,1
4760,1,1,SKU-02,8,1,2025-11-15,2025-12-05,15,1
4761,3,3,SKU-12,8,1,2025-11-15,2025-12-09,17,1
4762,6,2,SKU-10,8,1,2025-11-15,2025-12-03,13,1
4763,5,1,SKU-13,8,1,2025-11-15,2025-12-04,14,1
4764,1,2,SKU-13,8,1,2025-11-15,2025-12-03,13,1
4765,5,3,SKU-05,8,1,2025-11-15,2025-12-08,16,1
4766,6,1,SKU-09,8,1,2025-11-15,2025-12-01,11,1
4767,2,3,SKU-06,8,1,2025-11-15,2025-11-26,8,0
4768,5,3,SKU-06,8,1,2025-11-15,2025-12-01,11,1
4769,1,3,SKU-08,8,1,2025-11-15,2025-12-01,11,1
4770,5,1,SKU-01,8,1,2025-11-15,2025-12-02,12,1
4771,3,2,SKU-05,8,1,2025-11-15,2025-11-26,8,0
4772,2,1,SKU-07,8,1,2025-11-15,2025-12-03,13,1
4773,2,1,SKU-06,8,1,2025-11-15,2025-12-09,17,1
4774,5,3,SKU-07,8,1,2025-11-15,2025-11-28,10,0
4775,2,1,SKU-14,8,1,2025-11-15,2025-12-03,13,1
4776,5,1,SKU-13,8,1,2025-11-15,2025-12-04,14,1
4777,6,1,SKU-10,8,1,2025-11-15,2025-12-05,15,1
4778,5,3,SKU-07,8,1,2025-11-15,2025-12-10,18,1
4779,2,2,SKU-07,8,1,2025-11-15,2025-12-02,12,1
4780,5,1,SKU-05,8,1,2025-11-15,2025-12-03,13,1
4781,6,2,SKU-13,8,1,2025-11-15,2025-12-01,11,1
4782,5,3,SKU-02,8,1,2025-11-15,2025-12-05,15,1
4783,5,2,SKU-14,8,1,2025-11-16,2025-12-01,11,1
4784,4,3,SKU-14,8,1,2025-11-16,2025-12-09,17,1
4785,4,3,SKU-04,8,1,2025-11-16,2025-11-25,7,0
4786,1,1,SKU-07,8,1,2025-11-16,2025-12-03,13,1
4787,1,1,SKU-10,8,1,2025-11-16,2025-12-03,13,1
4788,4,3,SKU-13,8,1,2025-11-16,2025-12-01,11,1
4789,5,3,SKU-07,8,1,2025-11-16,2025-12-03,13,1
4790,4,2,SKU-14,8,1,2025-11-16,2025-12-12,20,1
4791,3,2,SKU-14,8,1,2025-11-16,2025-12-09,17,1
4792,6,2,SKU-15,8,1,2025-11-16,2025-12-05,15,1
4793,1,3,SKU-06,8,1,2025-11-16,2025-12-04,14,1
4794,2,3,SKU-15,8,1,2025-11-16,2025-11-28,10,0
4795,6,2,SKU-02,8,1,2025-11-16,2025-12-09,17,1
4796,3,2,SKU-10,8,1,2025-11-16,2025-12-03,13,1
4797,4,2,SKU-03,8,1,2025-11-16,2025-12-09,17,1
4798,3,3,SKU-07,8,1,2025-11-16,2025-12-11,19,1
4799,4,1,SKU-13,8,1,2025-11-16,2025-11-27,9,0
4800,6,1,SKU-06,8,1,2025-11-16,2025-11-28,10,0
4801,1,3,SKU-13,8,1,2025-11-16,2025-12-08,16,1
4802,2,2,SKU-15,8,1,2025-11-16,2025-12-08,16,1
4803,2,2,SKU-15,8,1,2025-11-16,2025-12-08,16,1
4804,4,1,SKU-05,8,1,2025-11-16,2025-12-08,16,1
4805,5,1,SKU-15,8,1,2025-11-16,2025-12-08,16,1
4806,2,2,SKU-15,8,1,2025-11-16,2025-12-05,15,1
4807,1,3,SKU-14,8,1,2025-11-16,2025-11-28,10,0
4808,6,2,SKU-06,8,1,2025-11-16,2025-12-04,14,1
4809,5,3,SKU-13,8,1,2025-11-16,2025-12-03,13,1
4810,1,1,SKU-02,8,1,2025-11-16,2025-12-09,17,1
4811,4,1,SKU-04,8,1,2025-11-16,2025-12-03,13,1
4812,4,2,SKU-08,8,1,2025-11-16,2025-12-01,11,1
4813,4,1,SKU-03,8,1,2025-11-16,2025-12-03,13,1
4814,5,2,SKU-07,8,1,2025-11-16,2025-12-03,13,1
4815,1,3,SKU-05,8,1,2025-11-16,2025-12-09,17,1
4816,6,1,SKU-01,8,1,2025-11-16,2025-12-05,15,1
4817,6,2,SKU-02,8,1,2025-11-16,2025-12-05,15,1
4818,4,2,SKU-04,8,1,2025-11-16,2025-12-04,14,1
4819,4,2,SKU-10,8,1,2025-11-16,2025-12-08,16,1
4820,3,2,SKU-03,8,1,2025-11-16,2025-12-08,16,1
4821,6,1,SKU-04,8,1,2025-11-16,2025-12-04,14,1
4822,3,3,SKU-14,8,1,2025-11-16,2025-11-28,10,0
4823,2,1,SKU-11,8,1,2025-11-16,2025-12-02,12,1
4824,5,2,SKU-03,8,1,2025-11-16,2025-12-02,12,1
4825,6,2,SKU-06,8,1,2025-11-16,2025-12-09,17,1
4826,5,3,SKU-09,8,1,2025-11-16,2025-12-04,14,1
4827,3,2,SKU-06,8,1,2025-11-16,2025-11-24,6,0
4828,5,2,SKU-02,8,1,2025-11-16,2025-12-05,15,1
4829,5,2,SKU-03,8,1,2025-11-16,2025-12-02,12,1
4830,6,2,SKU-10,8,1,2025-11-16,2025-11-27,9,0
4831,3,2,SKU-03,8,1,2025-11-16,2025-12-09,17,1
4832,4,3,SKU-14,8,1,2025-11-16,2025-12-05,15,1
4833,6,1,SKU-15,8,1,2025-11-16,2025-12-05,15,1
4834,1,3,SKU-12,8,1,2025-11-16,2025-12-05,15,1
4835,1,3,SKU-11,8,1,2025-11-16,2025-11-28,10,0
4836,1,3,SKU-06,8,1,2025-11-16,2025-12-04,14,1
4837,2,1,SKU-13,8,1,2025-11-16,2025-12-03,13,1
4838,3,1,SKU-08,8,1,2025-11-16,2025-11-28,10,0
4839,5,1,SKU-05,8,1,2025-11-16,2025-12-01,11,1
4840,1,2,SKU-10,8,1,2025-11-16,2025-12-04,14,1
4841,5,3,SKU-08,8,1,2025-11-16,2025-12-02,12,1
4842,1,3,SKU-11,8,1,2025-11-16,2025-12-03,13,1
4843,3,1,SKU-09,8,1,2025-11-16,2025-12-04,14,1
4844,4,3,SKU-05,8,1,2025-11-16,2025-12-04,14,1
4845,4,1,SKU-12,8,1,2025-11-16,2025-12-08,16,1
4846,4,3,SKU-02,8,1,2025-11-16,2025-11-28,10,0
4847,5,1,SKU-02,8,1,2025-11-16,2025-12-05,15,1
4848,5,1,SKU-02,8,1,2025-11-16,2025-11-25,7,0
4849,6,3,SKU-02,8,1,2025-11-16,2025-12-03,13,1
4850,4,3,SKU-04,8,1,2025-11-16,2025-12-03,13,1
4851,4,1,SKU-07,8,1,2025-11-16,2025-11-25,7,0
4852,2,1,SKU-15,8,1,2025-11-16,2025-12-01,11,1
4853,6,2,SKU-07,8,1,2025-11-16,2025-11-24,6,0
4854,1,3,SKU-11,8,1,2025-11-16,2025-12-09,17,1
4855,1,2,SKU-12,8,1,2025-11-16,2025-12-05,15,1
4856,1,3,SKU-06,8,1,2025-11-16,2025-12-01,11,1
4857,1,3,SKU-12,8,1,2025-11-16,2025-12-02,12,1
4858,6,2,SKU-13,8,1,2025-11-16,2025-12-09,17,1
4859,5,1,SKU-12,8,1,2025-11-16,2025-11-28,10,0
4860,1,1,SKU-07,8,1,2025-11-16,2025-12-08,16,1
4861,4,3,SKU-12,8,1,2025-11-16,2025-12-04,14,1
4862,5,1,SKU-04,8,1,2025-11-16,2025-12-03,13,1
4863,5,1,SKU-08,8,1,2025-11-16,2025-12-03,13,1
4864,2,1,SKU-03,8,1,2025-11-16,2025-12-02,12,1
4865,3,1,SKU-11,8,1,2025-11-16,2025-12-08,16,1
4866,5,2,SKU-10,8,1,2025-11-16,2025-12-02,12,1
4867,4,1,SKU-05,8,1,2025-11-16,2025-12-03,13,1
4868,6,1,SKU-08,8,1,2025-11-16,2025-12-09,17,1
4869,1,2,SKU-12,8,1,2025-11-16,2025-12-09,17,1
4870,2,3,SKU-14,8,1,2025-11-16,2025-11-26,8,0
4871,1,1,SKU-01,8,1,2025-11-16,2025-11-28,10,0
4872,5,1,SKU-09,8,1,2025-11-16,2025-12-01,11,1
4873,3,2,SKU-05,8,1,2025-11-16,2025-12-05,15,1
4874,1,2,SKU-02,8,1,2025-11-16,2025-12-03,13,1
4875,1,2,SKU-03,8,1,2025-11-16,2025-12-04,14,1
4876,4,3,SKU-05,8,1,2025-11-16,2025-12-04,14,1
4877,1,1,SKU-03,8,1,2025-11-16,2025-11-26,8,0
4878,5,3,SKU-06,8,1,2025-11-16,2025-12-09,17,1
4879,2,2,SKU-02,8,1,2025-11-16,2025-12-12,20,1
4880,3,1,SKU-10,8,1,2025-11-16,2025-12-04,14,1
4881,6,2,SKU-02,8,1,2025-11-16,2025-12-08,16,1
4882,4,1,SKU-02,8,1,2025-11-16,2025-12-03,13,1
4883,2,3,SKU-06,8,1,2025-11-16,2025-12-04,14,1
4884,6,1,SKU-13,8,1,2025-11-16,2025-12-02,12,1
4885,1,3,SKU-05,8,1,2025-11-16,2025-12-05,15,1
4886,3,3,SKU-14,8,1,2025-11-16,2025-12-05,15,1
4887,3,2,SKU-01,8,1,2025-11-16,2025-12-01,11,1
4888,2,2,SKU-04,8,1,2025-11-16,2025-11-26,8,0
4889,1,2,SKU-14,8,1,2025-11-16,2025-12-04,14,1
4890,3,2,SKU-15,8,1,2025-11-16,2025-12-03,13,1
4891,1,2,SKU-15,8,1,2025-11-16,2025-11-27,9,0
4892,4,3,SKU-14,8,1,2025-11-16,2025-12-05,15,1
4893,6,2,SKU-04,8,1,2025-11-16,2025-12-01,11,1
4894,5,3,SKU-14,8,1,2025-11-16,2025-11-27,9,0
4895,5,3,SKU-06,8,1,2025-11-16,2025-12-02,12,1
4896,1,3,SKU-04,8,1,2025-11-16,2025-12-01,11,1
4897,6,1,SKU-08,8,1,2025-11-16,2025-12-02,12,1
4898,5,1,SKU-10,8,1,2025-11-16,2025-12-04,14,1
4899,4,1,SKU-01,8,1,2025-11-16,2025-12-01,11,1
4900,2,1,SKU-15,8,1,2025-11-16,2025-12-10,18,1
4901,5,2,SKU-06,8,1,2025-11-16,2025-11-27,9,0
4902,3,1,SKU-10,8,1,2025-11-16,2025-12-02,12,1
4903,4,3,SKU-02,8,1,2025-11-16,2025-12-02,12,1
4904,3,3,SKU-09,8,1,2025-11-16,2025-12-09,17,1
4905,6,2,SKU-06,8,1,2025-11-16,2025-12-01,11,1
4906,1,1,SKU-09,8,1,2025-11-16,2025-12-08,16,1
4907,5,1,SKU-06,8,1,2025-11-16,2025-12-02,12,1
4908,3,2,SKU-10,8,1,2025-11-16,2025-12-02,12,1
4909,5,2,SKU-09,8,1,2025-11-16,2025-11-25,7,0
4910,5,2,SKU-13,8,1,2025-11-16,2025-11-24,6,0
4911,5,1,SKU-07,8,1,2025-11-16,2025-12-08,16,1
4912,4,3,SKU-08,8,1,2025-11-16,2025-12-09,17,1
4913,2,3,SKU-02,8,1,2025-11-16,2025-12-08,16,1
4914,4,1,SKU-11,8,1,2025-11-16,2025-12-01,11,1
4915,4,2,SKU-01,8,1,2025-11-16,2025-12-02,12,1
4916,5,1,SKU-06,9,1,2025-11-17,2025-11-28,9,0
4917,2,3,SKU-05,9,1,2025-11-17,2025-12-02,11,1
4918,5,2,SKU-03,9,1,2025-11-17,2025-12-11,18,1
4919,5,2,SKU-08,9,1,2025-11-17,2025-12-09,16,1
4920,6,3,SKU-04,9,1,2025-11-17,2025-12-03,12,1
4921,5,2,SKU-03,9,1,2025-11-17,2025-12-05,14,1
4922,2,3,SKU-03,9,1,2025-11-17,2025-12-05,14,1
4923,2,2,SKU-01,9,1,2025-11-17,2025-11-27,8,0
4924,4,1,SKU-10,9,1,2025-11-17,2025-12-09,16,1
4925,5,3,SKU-02,9,1,2025-11-17,2025-12-15,20,1
4926,2,1,SKU-08,9,1,2025-11-17,2025-12-09,16,1
4927,5,1,SKU-13,9,1,2025-11-17,2025-12-18,23,1
4928,6,3,SKU-15,9,1,2025-11-17,2025-12-10,17,1
4929,2,2,SKU-14,9,1,2025-11-17,2025-12-03,12,1
4930,2,3,SKU-06,9,1,2025-11-17,2025-12-01,10,0
4931,2,2,SKU-15,9,1,2025-11-17,2025-12-09,16,1
4932,4,3,SKU-14,9,1,2025-11-17,2025-12-09,16,1
4933,5,1,SKU-14,9,1,2025-11-17,2025-12-04,13,1
4934,2,1,SKU-02,9,1,2025-11-17,2025-12-05,14,1
4935,2,3,SKU-08,9,1,2025-11-17,2025-12-09,16,1
4936,6,3,SKU-11,9,1,2025-11-17,2025-11-26,7,0
4937,5,2,SKU-05,9,1,2025-11-17,2025-12-08,15,1
4938,2,1,SKU-01,9,1,2025-11-17,2025-12-10,17,1
4939,3,2,SKU-08,9,1,2025-11-17,2025-12-05,14,1
4940,4,2,SKU-03,9,1,2025-11-17,2025-12-03,12,1
4941,2,3,SKU-01,9,1,2025-11-17,2025-12-04,13,1
4942,6,2,SKU-04,9,1,2025-11-17,2025-12-09,16,1
4943,4,1,SKU-12,9,1,2025-11-17,2025-12-09,16,1
4944,4,3,SKU-04,9,1,2025-11-17,2025-12-10,17,1
4945,2,1,SKU-08,9,1,2025-11-17,2025-12-02,11,1
4946,3,1,SKU-09,9,1,2025-11-17,2025-12-01,10,0
4947,6,3,SKU-01,9,1,2025-11-17,2025-11-28,9,0
4948,5,3,SKU-08,9,1,2025-11-17,2025-12-02,11,1
4949,6,3,SKU-08,9,1,2025-11-17,2025-12-02,11,1
4950,3,1,SKU-01,9,1,2025-11-17,2025-12-11,18,1
4951,2,1,SKU-12,9,1,2025-11-17,2025-12-04,13,1
4952,3,3,SKU-02,9,1,2025-11-17,2025-12-02,11,1
4953,4,2,SKU-09,9,1,2025-11-17,2025-12-09,16,1
4954,1,3,SKU-13,9,1,2025-11-17,2025-11-27,8,0
4955,5,2,SKU-06,9,1,2025-11-17,2025-12-09,16,1
4956,1,3,SKU-06,9,1,2025-11-17,2025-12-08,15,1
4957,4,3,SKU-09,9,1,2025-11-17,2025-12-02,11,1
4958,6,3,SKU-13,9,1,2025-11-17,2025-12-02,11,1
4959,4,2,SKU-11,9,1,2025-11-17,2025-12-02,11,1
4960,4,2,SKU-11,9,1,2025-11-17,2025-11-28,9,0
4961,2,3,SKU-06,9,1,2025-11-17,2025-12-02,11,1
4962,2,3,SKU-04,9,1,2025-11-17,2025-12-04,13,1
4963,2,3,SKU-08,9,1,2025-11-17,2025-12-08,15,1
4964,3,3,SKU-06,9,1,2025-11-17,2025-12-05,14,1
4965,1,3,SKU-07,9,1,2025-11-17,2025-12-04,13,1
4966,5,1,SKU-01,9,1,2025-11-17,2025-12-09,16,1
4967,5,3,SKU-12,9,1,2025-11-17,2025-12-02,11,1
4968,5,2,SKU-05,9,1,2025-11-17,2025-12-11,18,1
4969,5,1,SKU-08,9,1,2025-11-17,2025-12-04,13,1
4970,2,3,SKU-06,9,1,2025-11-17,2025-11-26,7,0
4971,3,1,SKU-01,9,1,2025-11-17,2025-12-11,18,1
4972,5,1,SKU-13,9,1,2025-11-17,2025-12-09,16,1
4973,1,3,SKU-11,9,1,2025-11-17,2025-11-28,9,0
4974,1,3,SKU-10,9,1,2025-11-17,2025-12-09,16,1
4975,6,2,SKU-03,9,1,2025-11-17,2025-12-02,11,1
4976,3,3,SKU-14,9,1,2025-11-17,2025-12-01,10,0
4977,2,3,SKU-11,9,1,2025-11-17,2025-12-12,19,1
4978,1,3,SKU-02,9,1,2025-11-17,2025-11-27,8,0
4979,3,3,SKU-02,9,1,2025-11-17,2025-12-09,16,1
4980,5,1,SKU-08,9,1,2025-11-17,2025-12-08,15,1
4981,5,3,SKU-12,9,1,2025-11-17,2025-12-05,14,1
4982,2,2,SKU-06,9,1,2025-11-17,2025-12-04,13,1
4983,1,2,SKU-01,9,1,2025-11-17,2025-12-10,17,1
4984,6,2,SKU-04,9,1,2025-11-17,2025-12-09,16,1
4985,2,1,SKU-15,9,1,2025-11-17,2025-12-05,14,1
4986,3,3,SKU-15,9,1,2025-11-17,2025-12-04,13,1
4987,1,1,SKU-06,9,1,2025-11-17,2025-12-05,14,1
4988,3,2,SKU-15,9,1,2025-11-17,2025-12-08,15,1
4989,2,1,SKU-04,9,1,2025-11-17,2025-12-03,12,1
4990,6,2,SKU-15,9,1,2025-11-17,2025-11-27,8,0
4991,2,2,SKU-12,9,1,2025-11-17,2025-11-27,8,0
4992,3,2,SKU-09,9,1,2025-11-17,2025-12-11,18,1
4993,3,2,SKU-15,9,1,2025-11-17,2025-12-05,14,1
4994,2,2,SKU-10,9,1,2025-11-17,2025-12-03,12,1
4995,6,1,SKU-02,9,1,2025-11-17,2025-12-02,11,1
4996,6,3,SKU-01,9,1,2025-11-17,2025-12-10,17,1
4997,2,2,SKU-01,9,1,2025-11-17,2025-12-11,18,1
4998,4,1,SKU-08,9,1,2025-11-17,2025-12-10,17,1
4999,6,3,SKU-02,9,1,2025-11-17,2025-12-05,14,1
5000,2,3,SKU-13,9,1,2025-11-17,2025-12-10,17,1
5001,6,3,SKU-04,9,1,2025-11-17,2025-11-28,9,0
5002,1,2,SKU-11,9,1,2025-11-17,2025-11-28,9,0
5003,3,1,SKU-13,9,1,2025-11-17,2025-12-05,14,1
5004,4,1,SKU-02,9,1,2025-11-17,2025-12-02,11,1
5005,6,1,SKU-03,9,1,2025-11-17,2025-12-09,16,1
5006,1,1,SKU-09,9,1,2025-11-17,2025-12-02,11,1
5007,6,2,SKU-01,9,1,2025-11-17,2025-12-03,12,1
5008,5,3,SKU-09,9,1,2025-11-17,2025-11-26,7,0
5009,2,3,SKU-12,9,1,2025-11-17,2025-11-28,9,0
5010,6,2,SKU-09,9,1,2025-11-17,2025-12-05,14,1
5011,1,1,SKU-06,9,1,2025-11-17,2025-11-25,6,0
5012,1,3,SKU-15,9,1,2025-11-17,2025-12-03,12,1
5013,1,2,SKU-01,9,1,2025-11-17,2025-11-27,8,0
5014,6,2,SKU-06,9,1,2025-11-17,2025-12-11,18,1
5015,4,3,SKU-07,9,1,2025-11-17,2025-12-03,12,1
5016,6,1,SKU-02,9,1,2025-11-17,2025-12-11,18,1
5017,5,3,SKU-03,9,1,2025-11-17,2025-12-02,11,1
5018,5,2,SKU-05,9,1,2025-11-17,2025-12-08,15,1
5019,1,1,SKU-05,9,1,2025-11-17,2025-12-05,14,1
5020,6,1,SKU-01,9,1,2025-11-17,2025-12-11,18,1
5021,6,1,SKU-15,9,1,2025-11-17,2025-12-04,13,1
5022,6,2,SKU-05,9,1,2025-11-17,2025-12-02,11,1
5023,6,3,SKU-02,9,1,2025-11-17,2025-12-09,16,1
5024,6,1,SKU-05,9,1,2025-11-17,2025-12-09,16,1
5025,6,1,SKU-13,9,1,2025-11-17,2025-12-10,17,1
5026,4,2,SKU-05,9,1,2025-11-17,2025-12-09,16,1
5027,3,2,SKU-08,9,1,2025-11-17,2025-11-27,8,0
5028,4,3,SKU-10,9,1,2025-11-17,2025-12-08,15,1
5029,4,2,SKU-12,9,1,2025-11-17,2025-12-03,12,1
5030,4,1,SKU-12,9,1,2025-11-17,2025-12-08,15,1
5031,6,3,SKU-02,9,1,2025-11-17,2025-12-02,11,1
5032,1,2,SKU-07,9,1,2025-11-17,2025-12-12,19,1
5033,4,1,SKU-05,9,1,2025-11-17,2025-12-11,18,1
5034,1,2,SKU-06,9,1,2025-11-17,2025-11-28,9,0
5035,1,2,SKU-03,9,1,2025-11-17,2025-12-01,10,0
5036,5,1,SKU-05,9,1,2025-11-17,2025-12-04,13,1
5037,2,3,SKU-05,9,1,2025-11-17,2025-12-05,14,1
5038,6,2,SKU-06,9,1,2025-11-17,2025-12-08,15,1
5039,4,1,SKU-01,9,1,2025-11-17,2025-12-02,11,1
5040,5,3,SKU-06,9,1,2025-11-17,2025-12-11,18,1
5041,3,2,SKU-06,9,1,2025-11-17,2025-12-04,13,1
5042,5,3,SKU-03,9,1,2025-11-17,2025-12-08,15,1
5043,6,1,SKU-12,9,1,2025-11-17,2025-12-05,14,1
5044,4,3,SKU-09,9,1,2025-11-17,2025-12-02,11,1
5045,2,3,SKU-07,9,1,2025-11-17,2025-12-04,13,1
5046,4,2,SKU-12,9,1,2025-11-17,2025-12-19,24,1
5047,1,2,SKU-08,9,1,2025-11-17,2025-12-16,21,1
5048,5,2,SKU-12,9,1,2025-11-17,2025-12-11,18,1
5049,4,1,SKU-04,9,1,2025-11-17,2025-12-08,15,1
5050,2,2,SKU-01,9,1,2025-11-17,2025-12-03,12,1
5051,2,1,SKU-04,9,1,2025-11-17,2025-12-08,15,1
5052,4,1,SKU-10,9,1,2025-11-17,2025-12-04,13,1
5053,4,3,SKU-03,9,1,2025-11-17,2025-12-01,10,0
5054,6,1,SKU-10,9,1,2025-11-17,2025-12-16,21,1
5055,4,2,SKU-07,9,1,2025-11-17,2025-12-04,13,1
5056,2,1,SKU-05,9,1,2025-11-17,2025-12-05,14,1
5057,2,2,SKU-15,9,1,2025-11-17,2025-12-11,18,1
5058,2,2,SKU-01,9,1,2025-11-17,2025-12-01,10,0
5059,2,1,SKU-02,9,1,2025-11-17,2025-12-08,15,1
5060,2,2,SKU-14,9,1,2025-11-17,2025-12-03,12,1
5061,1,2,SKU-09,9,1,2025-11-17,2025-12-11,18,1
5062,4,1,SKU-02,9,1,2025-11-17,2025-12-01,10,0
5063,6,1,SKU-05,9,1,2025-11-17,2025-12-09,16,1
5064,3,1,SKU-03,9,1,2025-11-17,2025-12-11,18,1
5065,6,2,SKU-14,9,1,2025-11-17,2025-12-05,14,1
5066,6,2,SKU-07,9,1,2025-11-17,2025-11-26,7,0
5067,3,3,SKU-11,9,1,2025-11-17,2025-12-01,10,0
5068,5,1,SKU-10,9,1,2025-11-17,2025-12-01,10,0
5069,5,3,SKU-09,9,1,2025-11-17,2025-12-09,16,1
5070,4,2,SKU-06,9,1,2025-11-17,2025-11-27,8,0
5071,4,2,SKU-08,9,1,2025-11-17,2025-12-02,11,1
5072,4,2,SKU-03,9,1,2025-11-17,2025-12-08,15,1
5073,1,2,SKU-09,9,1,2025-11-17,2025-12-04,13,1
5074,4,3,SKU-07,9,1,2025-11-17,2025-12-01,10,0
5075,6,1,SKU-15,9,1,2025-11-17,2025-11-25,6,0
5076,3,2,SKU-10,9,1,2025-11-17,2025-12-01,10,0
5077,1,3,SKU-09,9,1,2025-11-17,2025-12-04,13,1
5078,3,1,SKU-02,9,1,2025-11-17,2025-12-02,11,1
5079,3,1,SKU-10,9,1,2025-11-17,2025-12-02,11,1
5080,6,3,SKU-05,9,1,2025-11-17,2025-12-02,11,1
5081,1,3,SKU-08,9,1,2025-11-17,2025-12-04,13,1
5082,4,3,SKU-14,9,1,2025-11-17,2025-12-10,17,1
5083,2,1,SKU-03,9,1,2025-11-17,2025-12-05,14,1
5084,3,3,SKU-06,9,1,2025-11-17,2025-11-27,8,0
5085,6,3,SKU-12,9,1,2025-11-17,2025-12-04,13,1
5086,4,2,SKU-03,9,1,2025-11-17,2025-12-03,12,1
5087,6,1,SKU-13,9,1,2025-11-17,2025-12-08,15,1
5088,5,2,SKU-15,9,1,2025-11-17,2025-11-25,6,0
5089,6,1,SKU-02,9,1,2025-11-17,2025-12-09,16,1
5090,5,2,SKU-13,9,1,2025-11-17,2025-12-05,14,1
5091,5,3,SKU-07,9,1,2025-11-17,2025-12-03,12,1
5092,4,3,SKU-11,9,1,2025-11-17,2025-12-03,12,1
5093,1,3,SKU-15,9,1,2025-11-17,2025-12-03,12,1
5094,5,3,SKU-01,9,1,2025-11-17,2025-12-03,12,1
5095,2,3,SKU-04,9,1,2025-11-17,2025-12-04,13,1
5096,5,2,SKU-03,9,1,2025-11-17,2025-12-05,14,1
5097,3,2,SKU-03,9,1,2025-11-17,2025-12-02,11,1
5098,6,2,SKU-01,9,1,2025-11-17,2025-12-05,14,1
5099,5,1,SKU-15,9,1,2025-11-17,2025-12-10,17,1
5100,4,3,SKU-07,9,1,2025-11-17,2025-12-04,13,1
5101,5,2,SKU-02,9,1,2025-11-17,2025-12-04,13,1
5102,2,1,SKU-06,9,1,2025-11-17,2025-12-05,14,1
5103,1,1,SKU-11,9,1,2025-11-17,2025-12-03,12,1
5104,5,2,SKU-14,9,1,2025-11-17,2025-11-28,9,0
5105,2,1,SKU-08,9,1,2025-11-17,2025-12-04,13,1
5106,4,2,SKU-02,9,1,2025-11-17,2025-12-01,10,0
5107,4,1,SKU-13,9,1,2025-11-17,2025-12-04,13,1
5108,1,2,SKU-12,9,1,2025-11-17,2025-12-15,20,1
5109,5,2,SKU-09,9,1,2025-11-17,2025-12-01,10,0
5110,4,1,SKU-15,9,1,2025-11-17,2025-12-16,21,1
5111,1,3,SKU-01,9,1,2025-11-17,2025-12-03,12,1
5112,6,2,SKU-02,9,1,2025-11-17,2025-12-03,12,1
5113,5,3,SKU-08,9,1,2025-11-17,2025-12-09,16,1
5114,4,3,SKU-07,9,1,2025-11-17,2025-12-09,16,1
5115,2,2,SKU-01,9,1,2025-11-17,2025-12-01,10,0
5116,1,1,SKU-06,9,1,2025-11-17,2025-12-08,15,1
5117,3,1,SKU-08,9,1,2025-11-17,2025-12-10,17,1
5118,5,1,SKU-09,9,1,2025-11-17,2025-12-10,17,1
5119,1,1,SKU-13,9,1,2025-11-17,2025-12-10,17,1
5120,3,3,SKU-07,9,1,2025-11-17,2025-12-10,17,1
5121,6,1,SKU-15,9,1,2025-11-17,2025-11-27,8,0
5122,2,2,SKU-07,9,1,2025-11-17,2025-12-10,17,1
5123,3,3,SKU-04,9,1,2025-11-17,2025-11-27,8,0
5124,1,2,SKU-05,9,1,2025-11-17,2025-12-05,14,1
5125,1,1,SKU-08,9,1,2025-11-17,2025-12-11,18,1
5126,6,2,SKU-03,9,1,2025-11-17,2025-12-05,14,1
5127,4,3,SKU-07,9,1,2025-11-17,2025-12-03,12,1
5128,2,1,SKU-04,9,1,2025-11-17,2025-12-02,11,1
5129,1,1,SKU-06,9,1,2025-11-17,2025-12-04,13,1
5130,2,1,SKU-11,9,1,2025-11-17,2025-12-03,12,1
5131,6,2,SKU-04,9,1,2025-11-17,2025-12-03,12,1
5132,4,1,SKU-07,9,1,2025-11-17,2025-12-09,16,1
5133,4,3,SKU-10,9,1,2025-11-17,2025-12-15,20,1
5134,4,2,SKU-03,9,1,2025-11-17,2025-12-09,16,1
5135,2,1,SKU-08,9,1,2025-11-17,2025-12-03,12,1
5136,3,1,SKU-12,9,1,2025-11-17,2025-12-05,14,1
5137,5,3,SKU-13,9,1,2025-11-17,2025-12-11,18,1
5138,4,1,SKU-12,9,1,2025-11-17,2025-12-05,14,1
5139,1,3,SKU-03,9,1,2025-11-17,2025-12-03,12,1
5140,4,2,SKU-15,9,1,2025-11-17,2025-12-11,18,1
5141,2,2,SKU-08,9,1,2025-11-17,2025-12-02,11,1
5142,6,2,SKU-07,9,1,2025-11-17,2025-12-03,12,1
5143,1,3,SKU-10,9,1,2025-11-17,2025-12-05,14,1
5144,6,2,SKU-07,9,1,2025-11-17,2025-12-08,15,1
5145,6,2,SKU-13,9,1,2025-11-17,2025-12-02,11,1
5146,3,3,SKU-14,9,1,2025-11-17,2025-12-08,15,1
5147,1,2,SKU-12,9,1,2025-11-17,2025-12-01,10,0
5148,5,3,SKU-02,9,1,2025-11-17,2025-12-08,15,1
5149,5,2,SKU-05,9,1,2025-11-17,2025-12-05,14,1
5150,2,1,SKU-04,9,1,2025-11-17,2025-12-05,14,1
5151,6,2,SKU-01,9,1,2025-11-17,2025-12-03,12,1
5152,2,3,SKU-07,9,1,2025-11-17,2025-12-04,13,1
5153,1,1,SKU-03,9,1,2025-11-17,2025-11-27,8,0
5154,6,1,SKU-05,9,1,2025-11-17,2025-12-04,13,1
5155,6,3,SKU-04,9,1,2025-11-17,2025-12-05,14,1
5156,5,3,SKU-03,9,1,2025-11-17,2025-12-10,17,1
5157,6,2,SKU-01,9,1,2025-11-17,2025-12-01,10,0
5158,2,3,SKU-07,9,1,2025-11-17,2025-12-03,12,1
5159,2,3,SKU-08,9,1,2025-11-17,2025-12-02,11,1
5160,6,2,SKU-04,9,1,2025-11-17,2025-12-04,13,1
5161,4,2,SKU-04,9,1,2025-11-17,2025-12-01,10,0
5162,3,1,SKU-02,9,1,2025-11-17,2025-12-03,12,1
5163,6,3,SKU-10,9,1,2025-11-17,2025-12-12,19,1
5164,2,3,SKU-03,9,1,2025-11-17,2025-11-25,6,0
5165,1,2,SKU-07,9,1,2025-11-17,2025-12-02,11,1
5166,3,3,SKU-02,9,1,2025-11-17,2025-12-03,12,1
5167,2,1,SKU-13,9,1,2025-11-17,2025-11-28,9,0
5168,3,3,SKU-15,9,1,2025-11-17,2025-12-03,12,1
5169,5,2,SKU-01,9,1,2025-11-17,2025-12-10,17,1
5170,5,1,SKU-14,9,1,2025-11-17,2025-11-28,9,0
5171,6,3,SKU-11,9,1,2025-11-17,2025-12-18,23,1
5172,2,1,SKU-07,9,1,2025-11-17,2025-12-01,10,0
5173,5,3,SKU-04,9,1,2025-11-17,2025-12-03,12,1
5174,6,2,SKU-02,9,1,2025-11-18,2025-12-02,10,0
5175,6,3,SKU-09,9,1,2025-11-18,2025-12-05,13,1
5176,1,2,SKU-15,9,1,2025-11-18,2025-12-03,11,1
5177,6,3,SKU-14,9,1,2025-11-18,2025-12-09,15,1
5178,4,1,SKU-12,9,1,2025-11-18,2025-12-04,12,1
5179,6,3,SKU-12,9,1,2025-11-18,2025-12-08,14,1
5180,3,3,SKU-14,9,1,2025-11-18,2025-12-11,17,1
5181,1,2,SKU-08,9,1,2025-11-18,2025-12-10,16,1
5182,2,2,SKU-04,9,1,2025-11-18,2025-12-04,12,1
5183,6,3,SKU-03,9,1,2025-11-18,2025-12-08,14,1
5184,5,1,SKU-12,9,1,2025-11-18,2025-12-05,13,1
5185,3,1,SKU-02,9,1,2025-11-18,2025-12-11,17,1
5186,6,3,SKU-15,9,1,2025-11-18,2025-12-03,11,1
5187,2,2,SKU-13,9,1,2025-11-18,2025-12-11,17,1
5188,6,1,SKU-02,9,1,2025-11-18,2025-12-10,16,1
5189,6,2,SKU-14,9,1,2025-11-18,2025-12-05,13,1
5190,5,1,SKU-06,9,1,2025-11-18,2025-12-04,12,1
5191,2,1,SKU-07,9,1,2025-11-18,2025-12-05,13,1
5192,6,3,SKU-15,9,1,2025-11-18,2025-12-05,13,1
5193,3,3,SKU-14,9,1,2025-11-18,2025-12-03,11,1
5194,3,2,SKU-11,9,1,2025-11-18,2025-12-11,17,1
5195,2,2,SKU-07,9,1,2025-11-18,2025-12-10,16,1
5196,6,2,SKU-11,9,1,2025-11-18,2025-12-01,9,0
5197,4,1,SKU-01,9,1,2025-11-18,2025-12-08,14,1
5198,1,2,SKU-11,9,1,2025-11-18,2025-11-28,8,0
5199,1,1,SKU-15,9,1,2025-11-18,2025-12-02,10,0
5200,6,2,SKU-09,9,1,2025-11-18,2025-12-10,16,1
5201,1,3,SKU-12,9,1,2025-11-18,2025-12-10,16,1
5202,6,3,SKU-04,9,1,2025-11-18,2025-12-10,16,1
5203,6,2,SKU-05,9,1,2025-11-18,2025-12-05,13,1
5204,5,3,SKU-08,9,1,2025-11-18,2025-12-12,18,1
5205,6,2,SKU-10,9,1,2025-11-18,2025-12-05,13,1
5206,4,3,SKU-10,9,1,2025-11-18,2025-12-10,16,1
5207,1,2,SKU-02,9,1,2025-11-18,2025-12-01,9,0
5208,4,3,SKU-01,9,1,2025-11-18,2025-12-01,9,0
5209,2,1,SKU-11,9,1,2025-11-18,2025-12-04,12,1
5210,3,1,SKU-08,9,1,2025-11-18,2025-12-02,10,0
5211,4,2,SKU-05,9,1,2025-11-18,2025-12-04,12,1
5212,5,2,SKU-02,9,1,2025-11-18,2025-12-15,19,1
5213,2,3,SKU-15,9,1,2025-11-18,2025-12-03,11,1
5214,3,1,SKU-15,9,1,2025-11-18,2025-12-04,12,1
5215,5,2,SKU-15,9,1,2025-11-18,2025-12-09,15,1
5216,1,3,SKU-03,9,1,2025-11-18,2025-12-09,15,1
5217,2,2,SKU-09,9,1,2025-11-18,2025-12-01,9,0
5218,6,2,SKU-08,9,1,2025-11-18,2025-12-15,19,1
5219,5,1,SKU-13,9,1,2025-11-18,2025-12-18,22,1
5220,4,3,SKU-13,9,1,2025-11-18,2025-12-05,13,1
5221,1,2,SKU-01,9,1,2025-11-18,2025-12-05,13,1
5222,4,1,SKU-06,9,1,2025-11-18,2025-12-10,16,1
5223,2,3,SKU-11,9,1,2025-11-18,2025-12-02,10,0
5224,4,1,SKU-12,9,1,2025-11-18,2025-12-05,13,1
5225,4,2,SKU-10,9,1,2025-11-18,2025-12-03,11,1
5226,5,1,SKU-14,9,1,2025-11-18,2025-12-09,15,1
5227,2,2,SKU-15,9,1,2025-11-18,2025-12-04,12,1
5228,5,3,SKU-10,9,1,2025-11-18,2025-12-10,16,1
5229,5,1,SKU-14,9,1,2025-11-18,2025-12-05,13,1
5230,3,3,SKU-04,9,1,2025-11-18,2025-12-10,16,1
5231,6,2,SKU-14,9,1,2025-11-18,2025-12-10,16,1
5232,1,1,SKU-06,9,1,2025-11-18,2025-12-04,12,1
5233,4,2,SKU-08,9,1,2025-11-18,2025-12-08,14,1
5234,2,3,SKU-09,9,1,2025-11-18,2025-12-10,16,1
5235,2,3,SKU-03,9,1,2025-11-18,2025-12-12,18,1
5236,6,3,SKU-02,9,1,2025-11-18,2025-12-05,13,1
5237,5,2,SKU-11,9,1,2025-11-18,2025-12-01,9,0
5238,5,3,SKU-12,9,1,2025-11-18,2025-12-08,14,1
5239,1,1,SKU-12,9,1,2025-11-18,2025-12-04,12,1
5240,3,2,SKU-02,9,1,2025-11-18,2025-12-05,13,1
5241,6,2,SKU-02,9,1,2025-11-18,2025-12-02,10,0
5242,4,1,SKU-05,9,1,2025-11-18,2025-12-15,19,1
5243,2,2,SKU-03,9,1,2025-11-18,2025-12-02,10,0
5244,3,1,SKU-02,9,1,2025-11-18,2025-12-03,11,1
5245,2,3,SKU-03,9,1,2025-11-18,2025-12-11,17,1
5246,5,1,SKU-06,9,1,2025-11-18,2025-12-15,19,1
5247,6,2,SKU-07,9,1,2025-11-18,2025-12-08,14,1
5248,6,1,SKU-01,9,1,2025-11-18,2025-12-02,10,0
5249,5,3,SKU-11,9,1,2025-11-18,2025-12-03,11,1
5250,5,2,SKU-05,9,1,2025-11-18,2025-12-02,10,0
5251,5,1,SKU-10,9,1,2025-11-18,2025-12-05,13,1
5252,2,3,SKU-06,9,1,2025-11-18,2025-12-11,17,1
5253,5,3,SKU-08,9,1,2025-11-18,2025-12-04,12,1
5254,2,3,SKU-04,9,1,2025-11-18,2025-12-12,18,1
5255,2,3,SKU-14,9,1,2025-11-18,2025-12-12,18,1
5256,5,3,SKU-09,9,1,2025-11-18,2025-12-05,13,1
5257,3,2,SKU-14,9,1,2025-11-18,2025-12-04,12,1
5258,6,3,SKU-08,9,1,2025-11-18,2025-12-08,14,1
5259,1,3,SKU-02,9,1,2025-11-18,2025-12-05,13,1
5260,6,1,SKU-12,9,1,2025-11-18,2025-12-12,18,1
5261,1,2,SKU-02,9,1,2025-11-18,2025-12-04,12,1
5262,5,3,SKU-03,9,1,2025-11-18,2025-12-05,13,1
5263,6,3,SKU-07,9,1,2025-11-18,2025-12-01,9,0
5264,6,2,SKU-14,9,1,2025-11-18,2025-12-09,15,1
5265,6,2,SKU-02,9,1,2025-11-18,2025-12-04,12,1
5266,3,3,SKU-11,9,1,2025-11-18,2025-12-09,15,1
5267,4,3,SKU-10,9,1,2025-11-18,2025-12-10,16,1
5268,4,1,SKU-05,9,1,2025-11-18,2025-12-04,12,1
5269,4,2,SKU-04,9,1,2025-11-18,2025-12-03,11,1
5270,1,2,SKU-12,9,1,2025-11-18,2025-12-08,14,1
5271,6,2,SKU-09,9,1,2025-11-18,2025-12-08,14,1
5272,3,3,SKU-06,9,1,2025-11-18,2025-12-05,13,1
5273,6,1,SKU-12,9,1,2025-11-18,2025-11-27,7,0
5274,6,2,SKU-07,9,1,2025-11-18,2025-12-09,15,1
5275,2,2,SKU-06,9,1,2025-11-18,2025-12-12,18,1
5276,2,3,SKU-12,9,1,2025-11-18,2025-12-04,12,1
5277,4,3,SKU-07,9,1,2025-11-18,2025-12-05,13,1
5278,2,1,SKU-06,9,1,2025-11-18,2025-12-08,14,1
5279,2,2,SKU-14,9,1,2025-11-18,2025-12-05,13,1
5280,6,2,SKU-12,9,1,2025-11-18,2025-12-16,20,1
5281,5,3,SKU-03,9,1,2025-11-18,2025-12-09,15,1
5282,5,2,SKU-15,9,1,2025-11-18,2025-12-02,10,0
5283,1,3,SKU-15,9,1,2025-11-18,2025-12-04,12,1
5284,3,3,SKU-06,9,1,2025-11-18,2025-12-03,11,1
5285,5,3,SKU-01,9,1,2025-11-18,2025-12-09,15,1
5286,5,1,SKU-03,9,1,2025-11-18,2025-12-12,18,1
5287,5,3,SKU-15,9,1,2025-11-18,2025-11-28,8,0
5288,3,3,SKU-12,9,1,2025-11-18,2025-12-10,16,1
5289,2,3,SKU-10,9,1,2025-11-18,2025-12-03,11,1
5290,5,2,SKU-10,9,1,2025-11-18,2025-12-03,11,1
5291,1,1,SKU-02,9,1,2025-11-18,2025-12-16,20,1
5292,2,2,SKU-11,9,1,2025-11-18,2025-12-05,13,1
5293,3,2,SKU-08,9,1,2025-11-18,2025-12-03,11,1
5294,4,2,SKU-14,9,1,2025-11-18,2025-12-12,18,1
5295,4,2,SKU-15,9,1,2025-11-18,2025-12-10,16,1
5296,5,2,SKU-05,9,1,2025-11-18,2025-12-01,9,0
5297,6,1,SKU-05,9,1,2025-11-18,2025-12-03,11,1
5298,2,3,SKU-14,9,1,2025-11-18,2025-12-16,20,1
5299,5,1,SKU-06,9,1,2025-11-18,2025-12-10,16,1
5300,5,2,SKU-01,9,1,2025-11-18,2025-12-09,15,1
5301,1,3,SKU-11,9,1,2025-11-18,2025-12-11,17,1
5302,1,1,SKU-03,9,1,2025-11-18,2025-12-15,19,1
5303,2,2,SKU-01,9,1,2025-11-18,2025-12-10,16,1
5304,1,1,SKU-02,9,1,2025-11-18,2025-12-05,13,1
5305,1,2,SKU-04,9,1,2025-11-18,2025-12-17,21,1
5306,5,1,SKU-08,9,1,2025-11-18,2025-12-05,13,1
5307,4,2,SKU-13,9,1,2025-11-18,2025-11-26,6,0
5308,3,1,SKU-14,9,1,2025-11-18,2025-12-02,10,0
5309,4,3,SKU-13,9,1,2025-11-18,2025-12-01,9,0
5310,1,2,SKU-15,9,1,2025-11-18,2025-12-05,13,1
5311,6,2,SKU-11,9,1,2025-11-18,2025-12-19,23,1
5312,2,1,SKU-04,9,1,2025-11-18,2025-12-09,15,1
5313,2,2,SKU-08,9,1,2025-11-18,2025-12-04,12,1
5314,1,3,SKU-14,9,1,2025-11-18,2025-12-03,11,1
5315,2,3,SKU-06,9,1,2025-11-18,2025-12-03,11,1
5316,4,2,SKU-01,9,1,2025-11-18,2025-12-10,16,1
5317,1,2,SKU-10,9,1,2025-11-18,2025-12-09,15,1
5318,2,2,SKU-13,9,1,2025-11-18,2025-12-09,15,1
5319,1,1,SKU-11,9,1,2025-11-18,2025-11-27,7,0
5320,6,2,SKU-08,9,1,2025-11-18,2025-12-10,16,1
5321,1,1,SKU-11,9,1,2025-11-18,2025-12-04,12,1
5322,2,1,SKU-12,9,1,2025-11-18,2025-12-16,20,1
5323,5,3,SKU-13,9,1,2025-11-18,2025-12-05,13,1
5324,3,3,SKU-15,9,1,2025-11-18,2025-12-05,13,1
5325,5,3,SKU-02,9,1,2025-11-18,2025-12-15,19,1
5326,6,1,SKU-01,9,1,2025-11-18,2025-12-19,23,1
5327,5,1,SKU-02,9,1,2025-11-18,2025-12-03,11,1
5328,6,2,SKU-12,9,1,2025-11-18,2025-12-05,13,1
5329,1,2,SKU-09,9,1,2025-11-18,2025-12-08,14,1
5330,2,3,SKU-05,9,1,2025-11-18,2025-12-03,11,1
5331,3,2,SKU-04,9,1,2025-11-18,2025-12-10,16,1
5332,3,1,SKU-06,9,1,2025-11-18,2025-12-11,17,1
5333,1,3,SKU-13,9,1,2025-11-18,2025-12-04,12,1
5334,2,3,SKU-02,9,1,2025-11-18,2025-12-09,15,1
5335,6,2,SKU-10,9,1,2025-11-18,2025-11-28,8,0
5336,6,3,SKU-10,9,1,2025-11-18,2025-12-05,13,1
5337,2,1,SKU-10,9,1,2025-11-18,2025-12-03,11,1
5338,2,3,SKU-01,9,1,2025-11-18,2025-12-08,14,1
5339,6,1,SKU-15,9,1,2025-11-18,2025-12-04,12,1
5340,2,2,SKU-08,9,1,2025-11-18,2025-12-17,21,1
5341,3,2,SKU-11,9,1,2025-11-18,2025-12-08,14,1
5342,1,1,SKU-01,9,1,2025-11-18,2025-12-09,15,1
5343,2,3,SKU-08,9,1,2025-11-18,2025-12-04,12,1
5344,3,1,SKU-14,9,1,2025-11-18,2025-12-03,11,1
5345,1,3,SKU-07,9,1,2025-11-18,2025-12-08,14,1
5346,1,1,SKU-11,9,1,2025-11-18,2025-12-10,16,1
5347,4,3,SKU-12,9,1,2025-11-18,2025-12-10,16,1
5348,4,3,SKU-05,9,1,2025-11-18,2025-12-09,15,1
5349,2,2,SKU-09,9,1,2025-11-18,2025-12-08,14,1
5350,5,1,SKU-05,9,1,2025-11-18,2025-12-01,9,0
5351,6,1,SKU-01,9,1,2025-11-18,2025-12-08,14,1
5352,2,1,SKU-06,9,1,2025-11-18,2025-12-08,14,1
5353,2,3,SKU-07,9,1,2025-11-18,2025-11-28,8,0
5354,1,1,SKU-13,9,1,2025-11-18,2025-12-03,11,1
5355,6,3,SKU-07,9,1,2025-11-18,2025-12-05,13,1
5356,3,2,SKU-09,9,1,2025-11-18,2025-12-04,12,1
5357,3,1,SKU-06,9,1,2025-11-18,2025-12-12,18,1
5358,5,1,SKU-13,9,1,2025-11-18,2025-12-16,20,1
5359,2,3,SKU-06,9,1,2025-11-18,2025-12-03,11,1
5360,1,3,SKU-14,9,1,2025-11-18,2025-12-10,16,1
5361,1,1,SKU-10,9,1,2025-11-18,2025-12-05,13,1
5362,1,1,SKU-14,9,1,2025-11-18,2025-12-12,18,1
5363,6,2,SKU-06,9,1,2025-11-18,2025-12-02,10,0
5364,6,3,SKU-12,9,1,2025-11-18,2025-12-08,14,1
5365,4,2,SKU-01,9,1,2025-11-18,2025-12-19,23,1
5366,4,3,SKU-06,9,1,2025-11-18,2025-12-11,17,1
5367,1,3,SKU-09,9,1,2025-11-18,2025-12-01,9,0
5368,2,1,SKU-08,9,1,2025-11-18,2025-12-15,19,1
5369,1,1,SKU-06,9,1,2025-11-18,2025-12-08,14,1
5370,5,1,SKU-04,9,1,2025-11-18,2025-12-01,9,0
5371,6,3,SKU-06,9,1,2025-11-18,2025-12-01,9,0
5372,3,3,SKU-06,9,1,2025-11-18,2025-12-04,12,1
5373,3,3,SKU-10,9,1,2025-11-18,2025-12-08,14,1
5374,6,2,SKU-10,9,1,2025-11-18,2025-12-04,12,1
5375,4,2,SKU-09,9,1,2025-11-18,2025-12-09,15,1
5376,6,2,SKU-12,9,1,2025-11-18,2025-12-08,14,1
5377,5,1,SKU-06,9,1,2025-11-18,2025-12-05,13,1
5378,1,1,SKU-04,9,1,2025-11-18,2025-12-12,18,1
5379,3,2,SKU-09,9,1,2025-11-18,2025-12-03,11,1
5380,3,3,SKU-10,9,1,2025-11-18,2025-12-10,16,1
5381,2,3,SKU-10,9,1,2025-11-18,2025-12-11,17,1
5382,3,3,SKU-12,9,1,2025-11-18,2025-12-05,13,1
5383,4,3,SKU-08,9,1,2025-11-18,2025-12-17,21,1
5384,6,1,SKU-08,9,1,2025-11-18,2025-12-12,18,1
5385,6,2,SKU-04,9,1,2025-11-18,2025-12-08,14,1
5386,5,3,SKU-10,9,1,2025-11-18,2025-12-08,14,1
5387,1,1,SKU-07,9,1,2025-11-18,2025-12-09,15,1
5388,2,3,SKU-06,9,1,2025-11-18,2025-12-08,14,1
5389,2,3,SKU-08,9,1,2025-11-18,2025-12-10,16,1
5390,1,1,SKU-09,9,1,2025-11-18,2025-12-03,11,1
5391,5,3,SKU-07,9,1,2025-11-18,2025-12-12,18,1
5392,6,2,SKU-10,9,1,2025-11-18,2025-12-05,13,1
5393,2,3,SKU-11,9,1,2025-11-18,2025-12-04,12,1
5394,2,3,SKU-04,9,1,2025-11-18,2025-12-04,12,1
5395,4,1,SKU-12,9,1,2025-11-18,2025-12-12,18,1
5396,2,2,SKU-13,9,1,2025-11-18,2025-12-04,12,1
5397,1,3,SKU-12,9,1,2025-11-18,2025-12-10,16,1
5398,2,3,SKU-09,9,1,2025-11-18,2025-12-03,11,1
5399,6,3,SKU-11,9,1,2025-11-18,2025-12-05,13,1
5400,1,3,SKU-01,9,1,2025-11-18,2025-11-28,8,0
5401,6,1,SKU-06,9,1,2025-11-18,2025-12-09,15,1
5402,5,3,SKU-10,9,1,2025-11-18,2025-12-11,17,1
5403,2,3,SKU-09,9,1,2025-11-18,2025-12-04,12,1
5404,2,1,SKU-07,9,1,2025-11-18,2025-12-12,18,1
5405,5,1,SKU-12,9,1,2025-11-18,2025-12-02,10,0
5406,4,2,SKU-04,9,1,2025-11-18,2025-12-02,10,0
5407,6,3,SKU-14,9,1,2025-11-18,2025-12-12,18,1
5408,6,2,SKU-08,9,1,2025-11-18,2025-12-05,13,1
5409,5,3,SKU-14,9,1,2025-11-18,2025-12-05,13,1
5410,2,3,SKU-14,9,1,2025-11-18,2025-12-05,13,1
5411,4,2,SKU-06,9,1,2025-11-18,2025-12-05,13,1
5412,5,1,SKU-05,9,1,2025-11-18,2025-12-05,13,1
5413,2,1,SKU-03,9,1,2025-11-18,2025-12-05,13,1
5414,6,1,SKU-07,9,1,2025-11-18,2025-12-09,15,1
5415,3,1,SKU-12,9,1,2025-11-18,2025-12-09,15,1
5416,2,3,SKU-15,9,1,2025-11-18,2025-12-08,14,1
5417,3,1,SKU-01,9,1,2025-11-18,2025-12-15,19,1
5418,5,2,SKU-09,9,1,2025-11-18,2025-12-08,14,1
5419,2,3,SKU-05,9,1,2025-11-18,2025-12-08,14,1
5420,2,1,SKU-05,9,1,2025-11-18,2025-12-15,19,1
5421,2,3,SKU-03,9,1,2025-11-18,2025-12-12,18,1
5422,5,1,SKU-10,9,1,2025-11-18,2025-12-03,11,1
5423,1,1,SKU-02,9,1,2025-11-18,2025-11-26,6,0
5424,4,2,SKU-05,9,1,2025-11-18,2025-12-09,15,1
5425,4,2,SKU-04,9,1,2025-11-18,2025-12-11,17,1
5426,4,1,SKU-09,9,1,2025-11-18,2025-12-05,13,1
5427,6,3,SKU-03,9,1,2025-11-18,2025-12-09,15,1
5428,3,3,SKU-04,9,1,2025-11-18,2025-12-08,14,1
5429,2,1,SKU-11,9,1,2025-11-18,2025-12-03,11,1
5430,6,1,SKU-09,9,1,2025-11-18,2025-12-03,11,1
5431,2,2,SKU-12,9,1,2025-11-18,2025-12-03,11,1
5432,6,2,SKU-14,9,1,2025-11-18,2025-12-10,16,1
5433,5,1,SKU-03,9,1,2025-11-18,2025-12-03,11,1
5434,4,1,SKU-09,9,1,2025-11-18,2025-12-11,17,1
5435,2,1,SKU-12,9,1,2025-11-18,2025-12-08,14,1
5436,4,2,SKU-10,9,1,2025-11-18,2025-12-04,12,1
5437,2,1,SKU-13,9,1,2025-11-18,2025-12-05,13,1
5438,2,2,SKU-08,9,1,2025-11-18,2025-12-05,13,1
5439,5,2,SKU-06,9,1,2025-11-18,2025-12-01,9,0
5440,3,2,SKU-10,9,1,2025-11-18,2025-12-02,10,0
5441,3,3,SKU-15,9,1,2025-11-18,2025-12-08,14,1
5442,1,3,SKU-15,9,1,2025-11-18,2025-12-05,13,1
5443,2,1,SKU-05,9,1,2025-11-18,2025-12-03,11,1
5444,2,2,SKU-01,9,1,2025-11-18,2025-12-03,11,1
5445,6,1,SKU-07,9,1,2025-11-18,2025-12-01,9,0
5446,4,3,SKU-09,9,1,2025-11-18,2025-12-10,16,1
5447,6,1,SKU-15,9,1,2025-11-18,2025-12-05,13,1
5448,4,3,SKU-10,9,1,2025-11-18,2025-12-03,11,1
5449,3,1,SKU-05,9,1,2025-11-18,2025-12-10,16,1
5450,2,3,SKU-14,9,1,2025-11-18,2025-12-09,15,1
5451,2,3,SKU-08,9,1,2025-11-18,2025-11-26,6,0
5452,3,2,SKU-09,9,1,2025-11-18,2025-12-15,19,1
5453,6,2,SKU-13,9,1,2025-11-18,2025-12-05,13,1
5454,3,3,SKU-06,9,1,2025-11-18,2025-12-03,11,1
5455,4,3,SKU-06,9,1,2025-11-18,2025-12-09,15,1
5456,1,2,SKU-13,9,1,2025-11-18,2025-11-28,8,0
5457,2,3,SKU-04,9,1,2025-11-18,2025-12-04,12,1
5458,6,3,SKU-06,9,1,2025-11-18,2025-12-08,14,1
5459,5,3,SKU-05,9,1,2025-11-18,2025-12-09,15,1
5460,1,2,SKU-11,9,1,2025-11-18,2025-12-08,14,1
5461,2,3,SKU-14,9,1,2025-11-19,2025-12-04,11,1
5462,5,3,SKU-07,9,1,2025-11-19,2025-12-09,14,1
5463,1,1,SKU-14,9,1,2025-11-19,2025-12-09,14,1
5464,4,1,SKU-07,9,1,2025-11-19,2025-12-15,18,1
5465,3,2,SKU-01,9,1,2025-11-19,2025-12-04,11,1
5466,2,2,SKU-07,9,1,2025-11-19,2025-12-03,10,0
5467,6,3,SKU-15,9,1,2025-11-19,2025-12-10,15,1
5468,1,1,SKU-05,9,1,2025-11-19,2025-12-08,13,1
5469,1,3,SKU-02,9,1,2025-11-19,2025-12-10,15,1
5470,2,1,SKU-05,9,1,2025-11-19,2025-12-16,19,1
5471,3,3,SKU-14,9,1,2025-11-19,2025-12-09,14,1
5472,6,1,SKU-06,9,1,2025-11-19,2025-12-05,12,1
5473,4,1,SKU-14,9,1,2025-11-19,2025-12-05,12,1
5474,3,2,SKU-13,9,1,2025-11-19,2025-12-09,14,1
5475,6,3,SKU-05,9,1,2025-11-19,2025-12-10,15,1
5476,3,2,SKU-15,9,1,2025-11-19,2025-12-09,14,1
5477,6,1,SKU-07,9,1,2025-11-19,2025-12-10,15,1
5478,2,1,SKU-13,9,1,2025-11-19,2025-12-12,17,1
5479,3,2,SKU-12,9,1,2025-11-19,2025-11-28,7,0
5480,2,2,SKU-09,9,1,2025-11-19,2025-12-15,18,1
5481,4,1,SKU-13,9,1,2025-11-19,2025-12-04,11,1
5482,1,3,SKU-04,9,1,2025-11-19,2025-12-03,10,0
5483,6,1,SKU-03,9,1,2025-11-19,2025-12-15,18,1
5484,2,2,SKU-10,9,1,2025-11-19,2025-12-09,14,1
5485,6,3,SKU-11,9,1,2025-11-19,2025-12-10,15,1
5486,3,2,SKU-09,9,1,2025-11-19,2025-12-01,8,0
5487,1,3,SKU-08,9,1,2025-11-19,2025-12-11,16,1
5488,5,1,SKU-12,9,1,2025-11-19,2025-12-09,14,1
5489,4,1,SKU-11,9,1,2025-11-19,2025-12-09,14,1
5490,4,1,SKU-08,9,1,2025-11-19,2025-12-10,15,1
5491,5,3,SKU-09,9,1,2025-11-19,2025-12-11,16,1
5492,4,1,SKU-02,9,1,2025-11-19,2025-12-05,12,1
5493,4,1,SKU-08,9,1,2025-11-19,2025-12-16,19,1
5494,6,2,SKU-14,9,1,2025-11-19,2025-12-08,13,1
5495,5,3,SKU-03,9,1,2025-11-19,2025-12-04,11,1
5496,2,2,SKU-12,9,1,2025-11-19,2025-12-04,11,1
5497,3,1,SKU-08,9,1,2025-11-19,2025-12-02,9,0
5498,3,1,SKU-06,9,1,2025-11-19,2025-12-16,19,1
5499,3,2,SKU-14,9,1,2025-11-19,2025-12-04,11,1
5500,2,3,SKU-10,9,1,2025-11-19,2025-12-08,13,1
5501,2,1,SKU-13,9,1,2025-11-19,2025-12-04,11,1
5502,5,2,SKU-11,9,1,2025-11-19,2025-12-08,13,1
5503,4,2,SKU-11,9,1,2025-11-19,2025-12-11,16,1
5504,4,3,SKU-13,9,1,2025-11-19,2025-12-16,19,1
5505,5,1,SKU-03,9,1,2025-11-19,2025-12-10,15,1
5506,5,2,SKU-05,9,1,2025-11-19,2025-12-08,13,1
5507,2,1,SKU-03,9,1,2025-11-19,2025-12-04,11,1
5508,3,3,SKU-11,9,1,2025-11-19,2025-12-15,18,1
5509,6,3,SKU-14,9,1,2025-11-19,2025-12-12,17,1
5510,1,1,SKU-09,9,1,2025-11-19,2025-12-09,14,1
5511,5,3,SKU-01,9,1,2025-11-19,2025-12-08,13,1
5512,5,1,SKU-01,9,1,2025-11-19,2025-12-03,10,0
5513,2,3,SKU-07,9,1,2025-11-19,2025-12-04,11,1
5514,3,1,SKU-12,9,1,2025-11-19,2025-12-10,15,1
5515,1,1,SKU-12,9,1,2025-11-19,2025-12-10,15,1
5516,4,1,SKU-13,9,1,2025-11-19,2025-12-12,17,1
5517,2,1,SKU-12,9,1,2025-11-19,2025-12-03,10,0
5518,6,1,SKU-05,9,1,2025-11-19,2025-12-03,10,0
5519,5,3,SKU-10,9,1,2025-11-19,2025-12-15,18,1
5520,4,1,SKU-01,9,1,2025-11-19,2025-12-08,13,1
5521,5,3,SKU-10,9,1,2025-11-19,2025-12-05,12,1
5522,1,1,SKU-15,9,1,2025-11-19,2025-12-04,11,1
5523,5,3,SKU-06,9,1,2025-11-19,2025-12-09,14,1
5524,6,3,SKU-14,9,1,2025-11-19,2025-12-16,19,1
5525,1,1,SKU-08,9,1,2025-11-19,2025-12-12,17,1
5526,3,2,SKU-08,9,1,2025-11-19,2025-12-11,16,1
5527,3,2,SKU-13,9,1,2025-11-19,2025-12-04,11,1
5528,1,3,SKU-01,9,1,2025-11-19,2025-12-01,8,0
5529,2,2,SKU-10,9,1,2025-11-19,2025-12-08,13,1
5530,2,3,SKU-15,9,1,2025-11-19,2025-12-09,14,1
5531,1,1,SKU-10,9,1,2025-11-19,2025-12-08,13,1
5532,3,3,SKU-02,9,1,2025-11-19,2025-12-09,14,1
5533,2,2,SKU-14,9,1,2025-11-19,2025-12-10,15,1
5534,6,1,SKU-12,9,1,2025-11-19,2025-12-08,13,1
5535,1,3,SKU-07,9,1,2025-11-19,2025-12-09,14,1
5536,5,2,SKU-06,9,1,2025-11-19,2025-12-15,18,1
5537,4,1,SKU-05,9,1,2025-11-19,2025-12-16,19,1
5538,2,2,SKU-08,9,1,2025-11-19,2025-12-08,13,1
5539,4,1,SKU-04,9,1,2025-11-19,2025-12-03,10,0
5540,6,3,SKU-08,9,1,2025-11-19,2025-12-10,15,1
5541,1,3,SKU-08,9,1,2025-11-19,2025-12-12,17,1
5542,1,2,SKU-03,9,1,2025-11-19,2025-12-11,16,1
5543,4,3,SKU-11,9,1,2025-11-19,2025-12-09,14,1
5544,1,1,SKU-08,9,1,2025-11-19,2025-12-10,15,1
5545,4,2,SKU-09,9,1,2025-11-19,2025-12-09,14,1
5546,3,2,SKU-02,9,1,2025-11-19,2025-12-02,9,0
5547,5,1,SKU-08,9,1,2025-11-19,2025-12-11,16,1
5548,1,3,SKU-15,9,1,2025-11-19,2025-12-09,14,1
5549,1,2,SKU-13,9,1,2025-11-19,2025-12-02,9,0
5550,1,3,SKU-01,9,1,2025-11-19,2025-12-18,21,1
5551,1,3,SKU-05,9,1,2025-11-19,2025-12-02,9,0
5552,6,2,SKU-09,9,1,2025-11-19,2025-12-09,14,1
5553,3,1,SKU-14,9,1,2025-11-19,2025-12-17,20,1
5554,5,1,SKU-04,9,1,2025-11-19,2025-11-27,6,0
5555,4,3,SKU-04,9,1,2025-11-19,2025-12-09,14,1
5556,6,1,SKU-15,9,1,2025-11-19,2025-12-05,12,1
5557,4,3,SKU-14,9,1,2025-11-19,2025-12-11,16,1
5558,1,3,SKU-04,9,1,2025-11-19,2025-12-05,12,1
5559,4,2,SKU-07,9,1,2025-11-19,2025-12-03,10,0
5560,1,1,SKU-06,9,1,2025-11-19,2025-12-09,14,1
5561,3,3,SKU-14,9,1,2025-11-19,2025-12-09,14,1
5562,5,2,SKU-08,9,1,2025-11-19,2025-12-09,14,1
5563,4,2,SKU-11,9,1,2025-11-19,2025-12-04,11,1
5564,2,3,SKU-11,9,1,2025-11-19,2025-12-05,12,1
5565,4,2,SKU-06,9,1,2025-11-19,2025-12-12,17,1
5566,5,1,SKU-12,9,1,2025-11-19,2025-12-09,14,1
5567,6,2,SKU-03,9,1,2025-11-19,2025-12-05,12,1
5568,2,1,SKU-04,9,1,2025-11-19,2025-12-09,14,1
5569,4,2,SKU-09,9,1,2025-11-19,2025-11-28,7,0
5570,1,1,SKU-08,9,1,2025-11-19,2025-12-16,19,1
5571,1,1,SKU-10,9,1,2025-11-19,2025-12-15,18,1
5572,4,2,SKU-14,9,1,2025-11-19,2025-12-10,15,1
5573,3,1,SKU-09,9,1,2025-11-19,2025-12-05,12,1
5574,6,2,SKU-14,9,1,2025-11-19,2025-12-02,9,0
5575,3,3,SKU-14,9,1,2025-11-19,2025-12-04,11,1
5576,3,1,SKU-01,9,1,2025-11-19,2025-12-12,17,1
5577,1,2,SKU-05,9,1,2025-11-19,2025-12-04,11,1
5578,4,3,SKU-10,9,1,2025-11-19,2025-12-10,15,1
5579,2,1,SKU-04,9,1,2025-11-19,2025-12-10,15,1
5580,2,1,SKU-04,9,1,2025-11-19,2025-12-02,9,0
5581,2,1,SKU-13,9,1,2025-11-19,2025-12-11,16,1
5582,1,1,SKU-12,9,1,2025-11-19,2025-12-05,12,1
5583,6,1,SKU-01,9,1,2025-11-19,2025-12-15,18,1
5584,4,3,SKU-13,9,1,2025-11-19,2025-12-04,11,1
5585,2,2,SKU-07,9,1,2025-11-19,2025-12-05,12,1
5586,3,1,SKU-13,9,1,2025-11-19,2025-12-11,16,1
5587,4,2,SKU-03,9,1,2025-11-19,2025-11-28,7,0
5588,1,3,SKU-08,9,1,2025-11-19,2025-12-12,17,1
5589,6,2,SKU-09,9,1,2025-11-19,2025-12-15,18,1
5590,4,3,SKU-01,9,1,2025-11-19,2025-12-10,15,1
5591,2,2,SKU-12,9,1,2025-11-19,2025-12-08,13,1
5592,3,2,SKU-05,9,1,2025-11-19,2025-12-04,11,1
5593,2,3,SKU-13,9,1,2025-11-19,2025-12-04,11,1
5594,4,2,SKU-06,9,1,2025-11-19,2025-12-15,18,1
5595,5,2,SKU-06,9,1,2025-11-19,2025-12-01,8,0
5596,3,3,SKU-06,9,1,2025-11-19,2025-12-12,17,1
5597,2,3,SKU-05,9,1,2025-11-19,2025-12-11,16,1
5598,3,2,SKU-13,9,1,2025-11-19,2025-12-02,9,0
5599,2,1,SKU-05,9,1,2025-11-19,2025-12-10,15,1
5600,4,3,SKU-11,9,1,2025-11-19,2025-11-27,6,0
5601,3,2,SKU-04,9,1,2025-11-19,2025-12-09,14,1
5602,4,3,SKU-05,9,1,2025-11-19,2025-12-11,16,1
5603,6,3,SKU-15,9,1,2025-11-19,2025-12-05,12,1
5604,5,2,SKU-10,9,1,2025-11-19,2025-12-02,9,0
5605,6,1,SKU-11,9,1,2025-11-19,2025-12-12,17,1
5606,3,3,SKU-12,9,1,2025-11-19,2025-12-09,14,1
5607,6,2,SKU-09,9,1,2025-11-19,2025-12-17,20,1
5608,6,3,SKU-05,9,1,2025-11-19,2025-12-04,11,1
5609,4,3,SKU-13,9,1,2025-11-19,2025-12-09,14,1
5610,4,3,SKU-02,9,1,2025-11-19,2025-12-10,15,1
5611,3,1,SKU-15,9,1,2025-11-19,2025-12-12,17,1
5612,5,2,SKU-05,9,1,2025-11-19,2025-12-10,15,1
5613,1,2,SKU-04,9,1,2025-11-19,2025-12-05,12,1
5614,1,1,SKU-10,9,1,2025-11-19,2025-12-17,20,1
5615,5,3,SKU-12,9,1,2025-11-19,2025-12-05,12,1
5616,1,3,SKU-13,9,1,2025-11-19,2025-12-04,11,1
5617,2,3,SKU-11,9,1,2025-11-19,2025-12-12,17,1
5618,2,3,SKU-05,9,1,2025-11-19,2025-12-16,19,1
5619,2,2,SKU-03,9,1,2025-11-19,2025-12-16,19,1
5620,4,1,SKU-13,9,1,2025-11-19,2025-12-08,13,1
5621,6,2,SKU-09,9,1,2025-11-19,2025-12-05,12,1
5622,2,3,SKU-12,9,1,2025-11-19,2025-12-04,11,1
5623,5,3,SKU-12,9,1,2025-11-19,2025-12-05,12,1
5624,3,2,SKU-14,9,1,2025-11-19,2025-12-05,12,1
5625,4,1,SKU-14,9,1,2025-11-19,2025-12-12,17,1
5626,1,1,SKU-05,9,1,2025-11-19,2025-12-15,18,1
5627,6,2,SKU-09,9,1,2025-11-19,2025-12-11,16,1
5628,4,2,SKU-07,9,1,2025-11-19,2025-12-10,15,1
5629,6,2,SKU-14,9,1,2025-11-19,2025-12-15,18,1
5630,6,2,SKU-03,9,1,2025-11-19,2025-12-10,15,1
5631,6,2,SKU-15,9,1,2025-11-19,2025-12-10,15,1
5632,2,3,SKU-04,9,1,2025-11-19,2025-12-10,15,1
5633,1,3,SKU-08,9,1,2025-11-19,2025-12-10,15,1
5634,2,1,SKU-12,9,1,2025-11-19,2025-12-10,15,1
5635,3,3,SKU-10,9,1,2025-11-19,2025-11-28,7,0
5636,3,2,SKU-06,9,1,2025-11-19,2025-12-09,14,1
5637,3,3,SKU-15,9,1,2025-11-19,2025-12-09,14,1
5638,5,2,SKU-12,9,1,2025-11-19,2025-12-08,13,1
5639,1,1,SKU-07,9,1,2025-11-19,2025-12-09,14,1
5640,6,3,SKU-04,9,1,2025-11-19,2025-12-12,17,1
5641,3,1,SKU-06,9,1,2025-11-19,2025-12-09,14,1
5642,4,2,SKU-12,9,1,2025-11-19,2025-12-15,18,1
5643,2,2,SKU-14,9,1,2025-11-19,2025-12-10,15,1
5644,6,3,SKU-11,9,1,2025-11-19,2025-12-10,15,1
5645,2,3,SKU-09,9,1,2025-11-19,2025-12-17,20,1
5646,2,2,SKU-14,9,1,2025-11-19,2025-11-27,6,0
5647,6,1,SKU-11,9,1,2025-11-19,2025-12-11,16,1
5648,2,3,SKU-05,9,1,2025-11-19,2025-12-09,14,1
5649,3,1,SKU-01,9,1,2025-11-19,2025-12-12,17,1
5650,3,2,SKU-07,9,1,2025-11-19,2025-12-10,15,1
5651,3,1,SKU-09,9,1,2025-11-19,2025-12-10,15,1
5652,1,3,SKU-02,9,1,2025-11-19,2025-12-08,13,1
5653,1,1,SKU-12,9,1,2025-11-19,2025-11-27,6,0
5654,5,2,SKU-04,9,1,2025-11-19,2025-12-09,14,1
5655,1,3,SKU-11,9,1,2025-11-19,2025-12-09,14,1
5656,3,2,SKU-03,9,1,2025-11-19,2025-12-12,17,1
5657,4,1,SKU-15,9,1,2025-11-19,2025-12-05,12,1
5658,4,2,SKU-06,9,1,2025-11-19,2025-12-04,11,1
5659,3,2,SKU-15,9,1,2025-11-19,2025-12-05,12,1
5660,2,3,SKU-06,9,1,2025-11-19,2025-12-04,11,1
5661,3,3,SKU-04,9,1,2025-11-19,2025-12-12,17,1
5662,4,1,SKU-06,9,1,2025-11-19,2025-12-12,17,1
5663,1,2,SKU-10,9,1,2025-11-19,2025-12-03,10,0
5664,4,2,SKU-11,9,1,2025-11-19,2025-12-18,21,1
5665,4,2,SKU-03,9,1,2025-11-19,2025-12-10,15,1
5666,5,1,SKU-02,9,1,2025-11-19,2025-12-12,17,1
5667,2,2,SKU-05,9,1,2025-11-19,2025-12-02,9,0
5668,6,2,SKU-08,9,1,2025-11-19,2025-12-08,13,1
5669,1,2,SKU-14,9,1,2025-11-19,2025-12-08,13,1
5670,4,1,SKU-13,9,1,2025-11-19,2025-12-12,17,1
5671,5,2,SKU-07,9,1,2025-11-19,2025-12-10,15,1
5672,2,3,SKU-01,9,1,2025-11-19,2025-12-05,12,1
5673,5,1,SKU-13,9,1,2025-11-19,2025-12-18,21,1
5674,4,3,SKU-12,9,1,2025-11-19,2025-12-09,14,1
5675,2,1,SKU-10,9,1,2025-11-19,2025-12-10,15,1
5676,5,1,SKU-15,9,1,2025-11-19,2025-12-11,16,1
5677,1,1,SKU-03,9,1,2025-11-19,2025-12-11,16,1
5678,4,3,SKU-07,9,1,2025-11-19,2025-12-12,17,1
5679,5,2,SKU-13,9,1,2025-11-19,2025-12-05,12,1
5680,6,3,SKU-05,9,1,2025-11-19,2025-12-12,17,1
5681,3,3,SKU-08,9,1,2025-11-19,2025-12-11,16,1
5682,5,3,SKU-09,9,1,2025-11-19,2025-12-05,12,1
5683,4,3,SKU-15,9,1,2025-11-19,2025-12-08,13,1
5684,5,2,SKU-02,9,1,2025-11-19,2025-12-18,21,1
5685,6,2,SKU-09,9,1,2025-11-19,2025-11-28,7,0
5686,4,3,SKU-10,9,1,2025-11-19,2025-12-08,13,1
5687,5,2,SKU-13,9,1,2025-11-19,2025-12-08,13,1
5688,2,3,SKU-04,9,1,2025-11-19,2025-12-12,17,1
5689,5,3,SKU-12,9,1,2025-11-19,2025-12-11,16,1
5690,1,2,SKU-08,9,1,2025-11-19,2025-12-05,12,1
5691,5,3,SKU-09,9,1,2025-11-19,2025-12-12,17,1
5692,1,2,SKU-01,9,1,2025-11-19,2025-12-10,15,1
5693,6,2,SKU-11,9,1,2025-11-19,2025-12-05,12,1
5694,5,1,SKU-13,9,1,2025-11-19,2025-12-10,15,1
5695,2,1,SKU-10,9,1,2025-11-19,2025-12-12,17,1
5696,2,1,SKU-05,9,1,2025-11-19,2025-12-11,16,1
5697,2,3,SKU-05,9,1,2025-11-19,2025-12-04,11,1
5698,4,2,SKU-12,9,1,2025-11-19,2025-12-02,9,0
5699,6,3,SKU-04,9,1,2025-11-19,2025-12-05,12,1
5700,6,1,SKU-03,9,1,2025-11-19,2025-12-10,15,1
5701,2,3,SKU-09,9,1,2025-11-19,2025-12-11,16,1
5702,6,2,SKU-02,9,1,2025-11-19,2025-12-08,13,1
5703,6,1,SKU-08,9,1,2025-11-19,2025-12-05,12,1
5704,5,2,SKU-03,9,1,2025-11-19,2025-12-11,16,1
5705,4,1,SKU-02,9,1,2025-11-19,2025-12-12,17,1
5706,3,1,SKU-09,9,1,2025-11-19,2025-12-03,10,0
5707,1,3,SKU-07,9,1,2025-11-19,2025-12-12,17,1
5708,5,1,SKU-01,9,1,2025-11-19,2025-12-05,12,1
5709,4,3,SKU-02,9,1,2025-11-19,2025-12-11,16,1
5710,6,1,SKU-02,9,1,2025-11-19,2025-12-15,18,1
5711,1,2,SKU-10,9,1,2025-11-19,2025-12-11,16,1
5712,4,3,SKU-06,9,1,2025-11-19,2025-12-08,13,1
5713,2,3,SKU-12,9,1,2025-11-19,2025-12-04,11,1
5714,5,3,SKU-14,9,1,2025-11-19,2025-12-12,17,1
5715,4,1,SKU-12,9,1,2025-11-19,2025-12-03,10,0
5716,6,2,SKU-08,9,1,2025-11-19,2025-12-10,15,1
5717,3,1,SKU-02,9,1,2025-11-19,2025-12-09,14,1
5718,5,2,SKU-04,9,1,2025-11-19,2025-12-04,11,1
5719,3,2,SKU-05,9,1,2025-11-19,2025-12-08,13,1
5720,4,3,SKU-03,9,1,2025-11-19,2025-12-04,11,1
5721,4,3,SKU-08,9,1,2025-11-20,2025-12-12,16,1
5722,5,3,SKU-12,9,1,2025-11-20,2025-12-08,12,1
5723,4,1,SKU-14,9,1,2025-11-20,2025-12-04,10,0
5724,4,3,SKU-03,9,1,2025-11-20,2025-12-05,11,1
5725,2,3,SKU-04,9,1,2025-11-20,2025-12-12,16,1
5726,6,1,SKU-02,9,1,2025-11-20,2025-12-11,15,1
5727,3,1,SKU-09,9,1,2025-11-20,2025-12-10,14,1
5728,1,2,SKU-15,9,1,2025-11-20,2025-11-28,6,0
5729,5,2,SKU-05,9,1,2025-11-20,2025-12-12,16,1
5730,3,1,SKU-01,9,1,2025-11-20,2025-12-08,12,1
5731,2,1,SKU-03,9,1,2025-11-20,2025-12-05,11,1
5732,4,1,SKU-08,9,1,2025-11-20,2025-12-12,16,1
5733,2,1,SKU-10,9,1,2025-11-20,2025-12-09,13,1
5734,2,1,SKU-11,9,1,2025-11-20,2025-12-05,11,1
5735,2,3,SKU-13,9,1,2025-11-20,2025-12-08,12,1
5736,3,2,SKU-11,9,1,2025-11-20,2025-12-11,15,1
5737,5,3,SKU-04,9,1,2025-11-20,2025-12-17,19,1
5738,2,2,SKU-04,9,1,2025-11-20,2025-12-10,14,1
5739,2,1,SKU-09,9,1,2025-11-20,2025-12-02,8,0
5740,3,1,SKU-01,9,1,2025-11-20,2025-12-05,11,1
5741,2,3,SKU-14,9,1,2025-11-20,2025-11-28,6,0
5742,6,1,SKU-11,9,1,2025-11-20,2025-12-08,12,1
5743,6,3,SKU-04,9,1,2025-11-20,2025-12-11,15,1
5744,2,2,SKU-15,9,1,2025-11-20,2025-12-09,13,1
5745,3,1,SKU-04,9,1,2025-11-20,2025-12-12,16,1
5746,3,2,SKU-07,9,1,2025-11-20,2025-12-11,15,1
5747,2,1,SKU-05,9,1,2025-11-20,2025-12-15,17,1
5748,4,3,SKU-02,9,1,2025-11-20,2025-12-04,10,0
5749,1,2,SKU-04,9,1,2025-11-20,2025-12-10,14,1
5750,5,1,SKU-07,9,1,2025-11-20,2025-12-18,20,1
5751,6,3,SKU-01,9,1,2025-11-20,2025-12-10,14,1
5752,3,3,SKU-09,9,1,2025-11-20,2025-12-05,11,1
5753,4,2,SKU-15,9,1,2025-11-20,2025-12-16,18,1
5754,5,3,SKU-03,9,1,2025-11-20,2025-12-10,14,1
5755,2,3,SKU-12,9,1,2025-11-20,2025-12-09,13,1
5756,4,1,SKU-01,9,1,2025-11-20,2025-12-15,17,1
5757,4,1,SKU-14,9,1,2025-11-20,2025-12-08,12,1
5758,2,1,SKU-07,9,1,2025-11-20,2025-12-08,12,1
5759,6,2,SKU-15,9,1,2025-11-20,2025-12-16,18,1
5760,3,3,SKU-11,9,1,2025-11-20,2025-12-22,22,1
5761,2,2,SKU-11,9,1,2025-11-20,2025-12-01,7,0
5762,5,3,SKU-09,9,1,2025-11-20,2025-12-09,13,1
5763,5,1,SKU-14,9,1,2025-11-20,2025-12-08,12,1
5764,3,1,SKU-15,9,1,2025-11-20,2025-12-09,13,1
5765,5,1,SKU-04,9,1,2025-11-20,2025-12-03,9,0
5766,5,3,SKU-09,9,1,2025-11-20,2025-12-17,19,1
5767,1,3,SKU-04,9,1,2025-11-20,2025-12-15,17,1
5768,5,2,SKU-02,9,1,2025-11-20,2025-12-10,14,1
5769,6,2,SKU-11,9,1,2025-11-20,2025-12-15,17,1
5770,2,2,SKU-09,9,1,2025-11-20,2025-12-15,17,1
5771,6,2,SKU-14,9,1,2025-11-20,2025-12-10,14,1
5772,1,2,SKU-03,9,1,2025-11-20,2025-12-08,12,1
5773,1,2,SKU-10,9,1,2025-11-20,2025-12-05,11,1
5774,1,2,SKU-09,9,1,2025-11-20,2025-12-11,15,1
5775,3,2,SKU-09,9,1,2025-11-20,2025-12-09,13,1
5776,5,2,SKU-10,9,1,2025-11-20,2025-12-15,17,1
5777,3,2,SKU-07,9,1,2025-11-20,2025-12-09,13,1
5778,2,3,SKU-03,9,1,2025-11-20,2025-12-01,7,0
5779,2,1,SKU-04,9,1,2025-11-20,2025-12-05,11,1
5780,2,2,SKU-05,9,1,2025-11-20,2025-12-04,10,0
5781,4,2,SKU-11,9,1,2025-11-20,2025-12-11,15,1
5782,1,3,SKU-11,9,1,2025-11-20,2025-12-12,16,1
5783,6,3,SKU-15,9,1,2025-11-20,2025-12-16,18,1
5784,1,3,SKU-06,9,1,2025-11-20,2025-12-09,13,1
5785,6,1,SKU-03,9,1,2025-11-20,2025-11-28,6,0
5786,4,2,SKU-02,9,1,2025-11-20,2025-12-10,14,1
5787,4,2,SKU-07,9,1,2025-11-20,2025-12-04,10,0
5788,6,1,SKU-06,9,1,2025-11-20,2025-12-04,10,0
5789,6,2,SKU-03,9,1,2025-11-20,2025-12-03,9,0
5790,1,3,SKU-06,9,1,2025-11-20,2025-12-09,13,1
5791,5,1,SKU-14,9,1,2025-11-20,2025-12-05,11,1
5792,5,2,SKU-11,9,1,2025-11-20,2025-12-09,13,1
5793,1,1,SKU-06,9,1,2025-11-20,2025-12-02,8,0
5794,3,1,SKU-05,9,1,2025-11-20,2025-12-09,13,1
5795,4,2,SKU-10,9,1,2025-11-20,2025-12-09,13,1
5796,6,2,SKU-05,9,1,2025-11-20,2025-12-16,18,1
5797,1,1,SKU-04,9,1,2025-11-20,2025-12-09,13,1
5798,6,3,SKU-11,9,1,2025-11-20,2025-12-05,11,1
5799,1,1,SKU-04,9,1,2025-11-20,2025-12-08,12,1
5800,2,1,SKU-03,9,1,2025-11-20,2025-12-10,14,1
5801,3,2,SKU-14,9,1,2025-11-20,2025-12-08,12,1
5802,1,1,SKU-05,9,1,2025-11-20,2025-12-22,22,1
5803,4,1,SKU-02,9,1,2025-11-20,2025-12-11,15,1
5804,5,2,SKU-10,9,1,2025-11-20,2025-12-08,12,1
5805,3,2,SKU-10,9,1,2025-11-20,2025-12-08,12,1
5806,5,3,SKU-13,9,1,2025-11-20,2025-12-08,12,1
5807,4,3,SKU-13,9,1,2025-11-20,2025-12-05,11,1
5808,1,1,SKU-06,9,1,2025-11-20,2025-12-05,11,1
5809,3,2,SKU-05,9,1,2025-11-20,2025-12-16,18,1
5810,2,2,SKU-01,9,1,2025-11-20,2025-12-04,10,0
5811,4,3,SKU-06,9,1,2025-11-20,2025-12-10,14,1
5812,6,1,SKU-03,9,1,2025-11-20,2025-12-10,14,1
5813,2,2,SKU-08,9,1,2025-11-20,2025-12-12,16,1
5814,2,2,SKU-15,9,1,2025-11-20,2025-12-12,16,1
5815,2,2,SKU-04,9,1,2025-11-20,2025-12-16,18,1
5816,5,2,SKU-01,9,1,2025-11-20,2025-12-08,12,1
5817,2,3,SKU-15,9,1,2025-11-20,2025-12-08,12,1
5818,1,3,SKU-14,9,1,2025-11-20,2025-12-16,18,1
5819,6,1,SKU-10,9,1,2025-11-20,2025-11-28,6,0
5820,2,2,SKU-04,9,1,2025-11-20,2025-12-04,10,0
5821,1,2,SKU-05,9,1,2025-11-20,2025-12-15,17,1
5822,1,2,SKU-09,9,1,2025-11-20,2025-12-12,16,1
5823,4,1,SKU-12,9,1,2025-11-20,2025-12-03,9,0
5824,2,1,SKU-11,9,1,2025-11-20,2025-12-10,14,1
5825,2,1,SKU-03,9,1,2025-11-20,2025-12-08,12,1
5826,1,2,SKU-06,9,1,2025-11-20,2025-12-02,8,0
5827,1,1,SKU-01,9,1,2025-11-20,2025-12-10,14,1
5828,4,1,SKU-15,9,1,2025-11-20,2025-12-11,15,1
5829,1,3,SKU-08,9,1,2025-11-20,2025-12-09,13,1
5830,2,3,SKU-06,9,1,2025-11-20,2025-11-28,6,0
5831,1,1,SKU-02,9,1,2025-11-20,2025-12-09,13,1
5832,6,3,SKU-02,9,1,2025-11-20,2025-12-09,13,1
5833,4,1,SKU-06,9,1,2025-11-20,2025-12-18,20,1
5834,2,2,SKU-03,9,1,2025-11-20,2025-12-15,17,1
5835,4,2,SKU-05,9,1,2025-11-20,2025-12-08,12,1
5836,4,1,SKU-15,9,1,2025-11-20,2025-12-12,16,1
5837,4,2,SKU-08,9,1,2025-11-20,2025-12-05,11,1
5838,3,2,SKU-14,9,1,2025-11-20,2025-12-09,13,1
5839,3,1,SKU-05,9,1,2025-11-20,2025-12-08,12,1
5840,3,1,SKU-13,9,1,2025-11-20,2025-12-03,9,0
5841,2,1,SKU-12,9,1,2025-11-20,2025-12-05,11,1
5842,1,3,SKU-14,9,1,2025-11-20,2025-12-02,8,0
5843,4,1,SKU-01,9,1,2025-11-20,2025-12-15,17,1
5844,5,2,SKU-06,9,1,2025-11-20,2025-12-05,11,1
5845,1,3,SKU-14,9,1,2025-11-20,2025-12-08,12,1
5846,3,2,SKU-06,9,1,2025-11-20,2025-12-12,16,1
5847,1,1,SKU-15,9,1,2025-11-20,2025-12-16,18,1
5848,1,3,SKU-08,9,1,2025-11-20,2025-12-08,12,1
5849,6,1,SKU-09,9,1,2025-11-20,2025-12-11,15,1
5850,3,3,SKU-07,9,1,2025-11-20,2025-12-09,13,1
5851,6,2,SKU-10,9,1,2025-11-20,2025-12-09,13,1
5852,1,2,SKU-05,9,1,2025-11-20,2025-12-03,9,0
5853,3,1,SKU-05,9,1,2025-11-20,2025-12-11,15,1
5854,3,2,SKU-10,9,1,2025-11-20,2025-12-09,13,1
5855,4,1,SKU-15,9,1,2025-11-20,2025-12-08,12,1
5856,1,3,SKU-13,9,1,2025-11-20,2025-12-08,12,1
5857,1,1,SKU-03,9,1,2025-11-20,2025-12-17,19,1
5858,5,2,SKU-08,9,1,2025-11-20,2025-12-11,15,1
5859,4,2,SKU-09,9,1,2025-11-20,2025-12-10,14,1
5860,6,2,SKU-14,9,1,2025-11-20,2025-12-08,12,1
5861,3,2,SKU-12,9,1,2025-11-20,2025-12-05,11,1
5862,1,2,SKU-13,9,1,2025-11-20,2025-12-10,14,1
5863,4,3,SKU-09,9,1,2025-11-20,2025-12-17,19,1
5864,5,3,SKU-09,9,1,2025-11-20,2025-12-08,12,1
5865,2,3,SKU-01,9,1,2025-11-20,2025-12-10,14,1
5866,5,3,SKU-03,9,1,2025-11-20,2025-12-11,15,1
5867,4,2,SKU-13,9,1,2025-11-20,2025-12-09,13,1
5868,5,3,SKU-04,9,1,2025-11-20,2025-12-05,11,1
5869,6,3,SKU-06,9,1,2025-11-20,2025-12-12,16,1
5870,5,3,SKU-05,9,1,2025-11-20,2025-12-16,18,1
5871,3,3,SKU-04,9,1,2025-11-20,2025-12-03,9,0
5872,1,2,SKU-07,9,1,2025-11-20,2025-12-03,9,0
5873,6,1,SKU-07,9,1,2025-11-20,2025-12-12,16,1
5874,4,1,SKU-15,9,1,2025-11-20,2025-12-08,12,1
5875,3,2,SKU-08,9,1,2025-11-20,2025-12-10,14,1
5876,3,3,SKU-01,9,1,2025-11-20,2025-12-08,12,1
5877,4,1,SKU-08,9,1,2025-11-20,2025-12-09,13,1
5878,3,2,SKU-09,9,1,2025-11-20,2025-12-23,23,1
5879,5,3,SKU-10,9,1,2025-11-20,2025-12-11,15,1
5880,4,2,SKU-02,9,1,2025-11-20,2025-12-11,15,1
5881,1,2,SKU-04,9,1,2025-11-20,2025-12-16,18,1
5882,4,3,SKU-09,9,1,2025-11-20,2025-12-16,18,1
5883,4,2,SKU-08,9,1,2025-11-20,2025-12-10,14,1
5884,5,1,SKU-15,9,1,2025-11-20,2025-12-09,13,1
5885,4,2,SKU-01,9,1,2025-11-20,2025-12-09,13,1
5886,1,1,SKU-11,9,1,2025-11-20,2025-12-09,13,1
5887,3,1,SKU-09,9,1,2025-11-20,2025-12-04,10,0
5888,5,1,SKU-03,9,1,2025-11-20,2025-12-19,21,1
5889,3,1,SKU-09,9,1,2025-11-20,2025-12-08,12,1
5890,3,1,SKU-07,9,1,2025-11-20,2025-11-28,6,0
5891,4,2,SKU-02,9,1,2025-11-20,2025-12-11,15,1
5892,5,1,SKU-01,9,1,2025-11-20,2025-12-18,20,1
5893,3,2,SKU-13,9,1,2025-11-20,2025-12-03,9,0
5894,3,2,SKU-11,9,1,2025-11-20,2025-12-05,11,1
5895,6,2,SKU-06,9,1,2025-11-20,2025-12-15,17,1
5896,4,2,SKU-15,9,1,2025-11-20,2025-12-09,13,1
5897,4,1,SKU-01,9,1,2025-11-20,2025-12-08,12,1
5898,2,3,SKU-14,9,1,2025-11-20,2025-12-11,15,1
5899,3,2,SKU-12,9,1,2025-11-20,2025-12-09,13,1
5900,3,2,SKU-07,9,1,2025-11-20,2025-12-09,13,1
5901,1,3,SKU-01,9,1,2025-11-20,2025-12-15,17,1
5902,6,3,SKU-13,9,1,2025-11-20,2025-12-08,12,1
5903,1,2,SKU-15,9,1,2025-11-20,2025-12-11,15,1
5904,5,3,SKU-12,9,1,2025-11-20,2025-12-10,14,1
5905,2,3,SKU-03,9,1,2025-11-20,2025-12-19,21,1
5906,3,2,SKU-12,9,1,2025-11-20,2025-12-04,10,0
5907,3,2,SKU-01,9,1,2025-11-20,2025-12-11,15,1
5908,5,3,SKU-04,9,1,2025-11-20,2025-12-15,17,1
5909,1,3,SKU-12,9,1,2025-11-20,2025-12-16,18,1
5910,2,1,SKU-03,9,1,2025-11-20,2025-12-04,10,0
5911,2,1,SKU-04,9,1,2025-11-20,2025-12-09,13,1
5912,2,2,SKU-13,9,1,2025-11-20,2025-12-11,15,1
5913,6,2,SKU-03,9,1,2025-11-20,2025-12-10,14,1
5914,3,2,SKU-01,9,1,2025-11-20,2025-12-17,19,1
5915,2,3,SKU-02,9,1,2025-11-20,2025-12-08,12,1
5916,5,3,SKU-06,9,1,2025-11-20,2025-12-08,12,1
5917,3,2,SKU-12,9,1,2025-11-20,2025-12-10,14,1
5918,1,3,SKU-09,9,1,2025-11-20,2025-12-12,16,1
5919,1,3,SKU-09,9,1,2025-11-20,2025-12-05,11,1
5920,3,2,SKU-05,9,1,2025-11-20,2025-12-05,11,1
5921,4,2,SKU-07,9,1,2025-11-20,2025-12-04,10,0
5922,3,3,SKU-01,9,1,2025-11-20,2025-12-11,15,1
5923,5,2,SKU-04,9,1,2025-11-20,2025-12-09,13,1
5924,4,1,SKU-05,9,1,2025-11-20,2025-12-11,15,1
5925,6,3,SKU-12,9,1,2025-11-20,2025-12-09,13,1
5926,6,2,SKU-05,9,1,2025-11-20,2025-12-08,12,1
5927,3,3,SKU-10,9,1,2025-11-20,2025-12-12,16,1
5928,1,3,SKU-07,9,1,2025-11-20,2025-12-10,14,1
5929,5,3,SKU-11,9,1,2025-11-20,2025-12-05,11,1
5930,5,2,SKU-05,9,1,2025-11-20,2025-12-15,17,1
5931,3,2,SKU-15,9,1,2025-11-20,2025-12-10,14,1
5932,6,2,SKU-15,9,1,2025-11-20,2025-12-16,18,1
5933,4,3,SKU-12,9,1,2025-11-20,2025-12-12,16,1
5934,2,3,SKU-01,9,1,2025-11-20,2025-12-11,15,1
5935,4,1,SKU-12,9,1,2025-11-20,2025-12-11,15,1
5936,3,1,SKU-05,9,1,2025-11-20,2025-12-08,12,1
5937,2,1,SKU-08,9,1,2025-11-20,2025-12-11,15,1
5938,3,1,SKU-05,9,1,2025-11-20,2025-12-05,11,1
5939,6,1,SKU-03,9,1,2025-11-20,2025-12-05,11,1
5940,3,3,SKU-09,9,1,2025-11-20,2025-12-08,12,1
5941,5,1,SKU-07,9,1,2025-11-20,2025-12-05,11,1
5942,5,3,SKU-02,9,1,2025-11-20,2025-12-08,12,1
5943,4,1,SKU-13,9,1,2025-11-20,2025-12-05,11,1
5944,4,3,SKU-09,9,1,2025-11-20,2025-12-09,13,1
5945,6,3,SKU-11,9,1,2025-11-20,2025-12-15,17,1
5946,3,2,SKU-13,9,1,2025-11-20,2025-12-11,15,1
5947,6,1,SKU-08,9,1,2025-11-20,2025-12-16,18,1
5948,1,3,SKU-06,9,1,2025-11-20,2025-12-03,9,0
5949,3,3,SKU-11,9,1,2025-11-20,2025-12-04,10,0
5950,1,2,SKU-13,9,1,2025-11-20,2025-12-03,9,0
5951,2,3,SKU-09,9,1,2025-11-20,2025-12-08,12,1
5952,2,2,SKU-01,9,1,2025-11-20,2025-12-04,10,0
5953,1,1,SKU-10,9,1,2025-11-20,2025-12-10,14,1
5954,1,2,SKU-12,9,1,2025-11-20,2025-12-04,10,0
5955,3,1,SKU-08,9,1,2025-11-20,2025-12-08,12,1
5956,6,3,SKU-09,9,1,2025-11-20,2025-12-03,9,0
5957,4,2,SKU-08,9,1,2025-11-20,2025-12-09,13,1
5958,4,3,SKU-11,9,1,2025-11-20,2025-12-10,14,1
5959,1,3,SKU-03,9,1,2025-11-20,2025-12-11,15,1
5960,1,2,SKU-04,9,1,2025-11-20,2025-12-11,15,1
5961,3,1,SKU-04,9,1,2025-11-20,2025-12-09,13,1
5962,2,2,SKU-13,9,1,2025-11-20,2025-12-03,9,0
5963,1,1,SKU-02,9,1,2025-11-20,2025-12-23,23,1
5964,1,2,SKU-08,9,1,2025-11-20,2025-12-10,14,1
5965,1,2,SKU-10,9,1,2025-11-20,2025-12-11,15,1
5966,4,2,SKU-01,9,1,2025-11-20,2025-12-10,14,1
5967,3,2,SKU-03,9,1,2025-11-20,2025-12-16,18,1
5968,3,1,SKU-10,9,1,2025-11-20,2025-12-16,18,1
5969,4,1,SKU-04,9,1,2025-11-20,2025-12-10,14,1
5970,3,3,SKU-11,9,1,2025-11-20,2025-12-04,10,0
5971,5,1,SKU-12,9,1,2025-11-20,2025-12-09,13,1
5972,1,2,SKU-02,9,1,2025-11-20,2025-12-05,11,1
5973,6,3,SKU-14,9,1,2025-11-20,2025-12-18,20,1
5974,3,3,SKU-10,9,1,2025-11-20,2025-12-15,17,1
5975,2,1,SKU-09,9,1,2025-11-20,2025-12-08,12,1
5976,6,2,SKU-13,9,1,2025-11-20,2025-12-10,14,1
5977,4,1,SKU-08,9,1,2025-11-20,2025-12-09,13,1
5978,4,2,SKU-14,9,1,2025-11-20,2025-12-03,9,0
5979,5,1,SKU-12,9,1,2025-11-20,2025-12-03,9,0
5980,2,1,SKU-12,9,1,2025-11-20,2025-12-08,12,1
5981,3,1,SKU-10,9,1,2025-11-20,2025-12-16,18,1
5982,6,2,SKU-11,9,1,2025-11-20,2025-12-12,16,1
5983,3,2,SKU-01,9,1,2025-11-20,2025-12-12,16,1
5984,3,3,SKU-04,9,1,2025-11-20,2025-12-08,12,1
5985,4,2,SKU-05,9,1,2025-11-20,2025-12-05,11,1
5986,6,2,SKU-04,9,1,2025-11-20,2025-12-10,14,1
5987,2,1,SKU-01,9,1,2025-11-20,2025-12-05,11,1
5988,5,2,SKU-15,9,1,2025-11-20,2025-12-15,17,1
5989,3,2,SKU-05,9,1,2025-11-20,2025-12-09,13,1
5990,4,2,SKU-01,9,1,2025-11-20,2025-12-01,7,0
5991,4,1,SKU-07,9,1,2025-11-20,2025-12-16,18,1
5992,3,1,SKU-03,9,1,2025-11-20,2025-12-09,13,1
5993,1,1,SKU-15,9,1,2025-11-20,2025-12-17,19,1
5994,3,1,SKU-04,9,1,2025-11-20,2025-12-10,14,1
5995,2,1,SKU-11,9,1,2025-11-20,2025-12-04,10,0
5996,3,3,SKU-10,9,1,2025-11-20,2025-12-11,15,1
5997,4,3,SKU-08,9,1,2025-11-20,2025-12-09,13,1
5998,3,2,SKU-10,9,1,2025-11-20,2025-12-11,15,1
5999,6,3,SKU-09,9,1,2025-11-20,2025-12-18,20,1
6000,5,3,SKU-05,9,1,2025-11-20,2025-12-09,13,1
6001,3,1,SKU-12,9,1,2025-11-20,2025-12-08,12,1
6002,4,2,SKU-04,9,1,2025-11-20,2025-12-18,20,1
6003,1,2,SKU-06,9,1,2025-11-20,2025-12-10,14,1
6004,3,2,SKU-14,9,1,2025-11-20,2025-12-15,17,1
6005,2,1,SKU-11,9,1,2025-11-20,2025-12-10,14,1
6006,2,1,SKU-01,9,1,2025-11-21,2025-12-01,6,0
6007,5,3,SKU-11,9,1,2025-11-21,2025-12-11,14,1
6008,4,2,SKU-13,9,1,2025-11-21,2025-12-08,11,1
6009,1,3,SKU-14,9,1,2025-11-21,2025-12-15,16,1
6010,6,3,SKU-06,9,1,2025-11-21,2025-12-10,13,1
6011,3,2,SKU-06,9,1,2025-11-21,2025-12-11,14,1
6012,3,3,SKU-14,9,1,2025-11-21,2025-12-09,12,1
6013,4,2,SKU-07,9,1,2025-11-21,2025-12-09,12,1
6014,2,2,SKU-09,9,1,2025-11-21,2025-12-02,7,0
6015,5,3,SKU-04,9,1,2025-11-21,2025-12-10,13,1
6016,6,2,SKU-14,9,1,2025-11-21,2025-12-11,14,1
6017,1,2,SKU-02,9,1,2025-11-21,2025-12-12,15,1
6018,4,2,SKU-15,9,1,2025-11-21,2025-12-10,13,1
6019,1,2,SKU-11,9,1,2025-11-21,2025-12-09,12,1
6020,3,2,SKU-09,9,1,2025-11-21,2025-12-02,7,0
6021,4,1,SKU-15,9,1,2025-11-21,2025-12-12,15,1
6022,5,1,SKU-03,9,1,2025-11-21,2025-12-11,14,1
6023,1,2,SKU-14,9,1,2025-11-21,2025-12-08,11,1
6024,5,3,SKU-10,9,1,2025-11-21,2025-12-12,15,1
6025,5,3,SKU-04,9,1,2025-11-21,2025-12-10,13,1
6026,1,1,SKU-08,9,1,2025-11-21,2025-12-09,12,1
6027,2,1,SKU-14,9,1,2025-11-21,2025-12-15,16,1
6028,3,2,SKU-09,9,1,2025-11-21,2025-12-10,13,1
6029,5,3,SKU-04,9,1,2025-11-21,2025-12-15,16,1
6030,1,2,SKU-12,9,1,2025-11-21,2025-12-04,9,0
6031,1,1,SKU-11,9,1,2025-11-21,2025-12-12,15,1
6032,5,1,SKU-11,9,1,2025-11-21,2025-12-01,6,0
6033,3,2,SKU-06,9,1,2025-11-21,2025-12-11,14,1
6034,6,1,SKU-02,9,1,2025-11-21,2025-12-11,14,1
6035,2,3,SKU-12,9,1,2025-11-21,2025-12-09,12,1
6036,6,1,SKU-11,9,1,2025-11-21,2025-12-12,15,1
6037,3,3,SKU-01,9,1,2025-11-21,2025-12-15,16,1
6038,1,3,SKU-07,9,1,2025-11-21,2025-12-01,6,0
6039,5,2,SKU-06,9,1,2025-11-21,2025-12-05,10,0
6040,4,3,SKU-06,9,1,2025-11-21,2025-12-18,19,1
6041,1,3,SKU-15,9,1,2025-11-21,2025-12-17,18,1
6042,4,1,SKU-06,9,1,2025-11-21,2025-12-12,15,1
6043,3,3,SKU-10,9,1,2025-11-21,2025-12-03,8,0
6044,2,2,SKU-01,9,1,2025-11-21,2025-12-09,12,1
6045,1,2,SKU-04,9,1,2025-11-21,2025-12-12,15,1
6046,1,3,SKU-15,9,1,2025-11-21,2025-12-08,11,1
6047,5,1,SKU-04,9,1,2025-11-21,2025-12-05,10,0
6048,1,1,SKU-06,9,1,2025-11-21,2025-12-15,16,1
6049,1,1,SKU-05,9,1,2025-11-21,2025-12-08,11,1
6050,1,2,SKU-07,9,1,2025-11-21,2025-12-04,9,0
6051,1,1,SKU-06,9,1,2025-11-21,2025-12-01,6,0
6052,4,2,SKU-05,9,1,2025-11-21,2025-12-08,11,1
6053,2,3,SKU-03,9,1,2025-11-21,2025-12-08,11,1
6054,3,1,SKU-03,9,1,2025-11-21,2025-12-04,9,0
6055,4,1,SKU-15,9,1,2025-11-21,2025-12-10,13,1
6056,1,2,SKU-07,9,1,2025-11-21,2025-12-08,11,1
6057,6,1,SKU-10,9,1,2025-11-21,2025-12-16,17,1
6058,2,3,SKU-10,9,1,2025-11-21,2025-12-15,16,1
6059,4,2,SKU-04,9,1,2025-11-21,2025-12-05,10,0
6060,5,1,SKU-03,9,1,2025-11-21,2025-12-05,10,0
6061,6,1,SKU-01,9,1,2025-11-21,2025-12-09,12,1
6062,5,3,SKU-13,9,1,2025-11-21,2025-12-17,18,1
6063,4,1,SKU-11,9,1,2025-11-21,2025-12-11,14,1
6064,6,2,SKU-02,9,1,2025-11-21,2025-12-08,11,1
6065,5,3,SKU-04,9,1,2025-11-21,2025-12-16,17,1
6066,1,3,SKU-14,9,1,2025-11-21,2025-12-02,7,0
6067,3,2,SKU-10,9,1,2025-11-21,2025-12-16,17,1
6068,6,3,SKU-10,9,1,2025-11-21,2025-12-16,17,1
6069,3,3,SKU-14,9,1,2025-11-21,2025-12-04,9,0
6070,4,3,SKU-13,9,1,2025-11-21,2025-12-17,18,1
6071,5,1,SKU-08,9,1,2025-11-21,2025-12-09,12,1
6072,6,3,SKU-14,9,1,2025-11-21,2025-12-08,11,1
6073,6,3,SKU-09,9,1,2025-11-21,2025-12-16,17,1
6074,5,3,SKU-08,9,1,2025-11-21,2025-12-17,18,1
6075,2,2,SKU-03,9,1,2025-11-21,2025-12-17,18,1
6076,1,2,SKU-15,9,1,2025-11-21,2025-12-10,13,1
6077,4,1,SKU-08,9,1,2025-11-21,2025-12-16,17,1
6078,2,2,SKU-02,9,1,2025-11-21,2025-12-11,14,1
6079,1,2,SKU-11,9,1,2025-11-21,2025-12-10,13,1
6080,4,3,SKU-02,9,1,2025-11-21,2025-12-12,15,1
6081,3,3,SKU-13,9,1,2025-11-21,2025-12-08,11,1
6082,6,1,SKU-01,9,1,2025-11-21,2025-12-08,11,1
6083,1,3,SKU-05,9,1,2025-11-21,2025-12-17,18,1
6084,4,3,SKU-12,9,1,2025-11-21,2025-12-09,12,1
6085,3,1,SKU-02,9,1,2025-11-21,2025-12-10,13,1
6086,4,2,SKU-14,9,1,2025-11-21,2025-12-10,13,1
6087,1,1,SKU-03,9,1,2025-11-21,2025-12-08,11,1
6088,1,3,SKU-13,9,1,2025-11-21,2025-12-10,13,1
6089,1,3,SKU-02,9,1,2025-11-21,2025-12-10,13,1
6090,1,3,SKU-12,9,1,2025-11-21,2025-12-15,16,1
6091,3,2,SKU-04,9,1,2025-11-21,2025-12-08,11,1
6092,3,3,SKU-08,9,1,2025-11-21,2025-12-10,13,1
6093,3,3,SKU-03,9,1,2025-11-21,2025-12-04,9,0
6094,1,3,SKU-10,9,1,2025-11-21,2025-12-11,14,1
6095,4,1,SKU-07,9,1,2025-11-21,2025-12-04,9,0
6096,4,2,SKU-07,9,1,2025-11-21,2025-12-08,11,1
6097,5,2,SKU-02,9,1,2025-11-21,2025-12-09,12,1
6098,6,2,SKU-11,9,1,2025-11-21,2025-12-12,15,1
6099,6,3,SKU-08,9,1,2025-11-21,2025-12-08,11,1
6100,4,1,SKU-04,9,1,2025-11-21,2025-12-08,11,1
6101,6,1,SKU-01,9,1,2025-11-21,2025-12-08,11,1
6102,6,2,SKU-04,9,1,2025-11-21,2025-12-09,12,1
6103,6,3,SKU-08,9,1,2025-11-21,2025-12-10,13,1
6104,6,3,SKU-15,9,1,2025-11-21,2025-12-17,18,1
6105,6,3,SKU-06,9,1,2025-11-21,2025-12-10,13,1
6106,5,1,SKU-14,9,1,2025-11-21,2025-12-05,10,0
6107,6,2,SKU-14,9,1,2025-11-21,2025-12-08,11,1
6108,5,1,SKU-01,9,1,2025-11-21,2025-12-04,9,0
6109,6,3,SKU-13,9,1,2025-11-21,2025-12-11,14,1
6110,6,1,SKU-10,9,1,2025-11-21,2025-12-16,17,1
6111,5,3,SKU-06,9,1,2025-11-21,2025-12-11,14,1
6112,2,1,SKU-11,9,1,2025-11-21,2025-12-08,11,1
6113,1,2,SKU-09,9,1,2025-11-21,2025-12-11,14,1
6114,2,1,SKU-13,9,1,2025-11-21,2025-12-10,13,1
6115,5,1,SKU-08,9,1,2025-11-21,2025-12-10,13,1
6116,6,2,SKU-15,9,1,2025-11-21,2025-12-05,10,0
6117,1,1,SKU-09,9,1,2025-11-21,2025-12-11,14,1
6118,1,1,SKU-04,9,1,2025-11-21,2025-12-10,13,1
6119,2,3,SKU-09,9,1,2025-11-21,2025-12-17,18,1
6120,4,3,SKU-06,9,1,2025-11-21,2025-12-12,15,1
6121,1,2,SKU-12,9,1,2025-11-21,2025-12-08,11,1
6122,1,3,SKU-13,9,1,2025-11-21,2025-12-17,18,1
6123,4,3,SKU-10,9,1,2025-11-21,2025-12-11,14,1
6124,6,1,SKU-14,9,1,2025-11-21,2025-12-08,11,1
6125,4,3,SKU-02,9,1,2025-11-21,2025-12-09,12,1
6126,2,3,SKU-09,9,1,2025-11-21,2025-12-09,12,1
6127,3,3,SKU-14,9,1,2025-11-21,2025-12-10,13,1
6128,1,2,SKU-14,9,1,2025-11-21,2025-12-04,9,0
6129,2,1,SKU-14,9,1,2025-11-21,2025-12-11,14,1
6130,3,1,SKU-13,9,1,2025-11-21,2025-12-12,15,1
6131,1,3,SKU-06,9,1,2025-11-21,2025-12-15,16,1
6132,6,1,SKU-02,9,1,2025-11-21,2025-12-12,15,1
6133,6,2,SKU-02,9,1,2025-11-21,2025-12-16,17,1
6134,1,1,SKU-13,9,1,2025-11-21,2025-12-03,8,0
6135,4,3,SKU-14,9,1,2025-11-21,2025-12-12,15,1
6136,2,3,SKU-08,9,1,2025-11-21,2025-12-09,12,1
6137,1,2,SKU-06,9,1,2025-11-21,2025-12-08,11,1
6138,3,1,SKU-07,9,1,2025-11-21,2025-12-01,6,0
6139,1,2,SKU-04,9,1,2025-11-21,2025-12-18,19,1
6140,2,2,SKU-12,9,1,2025-11-21,2025-12-03,8,0
6141,2,3,SKU-10,9,1,2025-11-21,2025-12-12,15,1
6142,1,2,SKU-13,9,1,2025-11-21,2025-12-10,13,1
6143,1,1,SKU-07,9,1,2025-11-21,2025-12-12,15,1
6144,1,3,SKU-12,9,1,2025-11-21,2025-12-12,15,1
6145,1,3,SKU-01,9,1,2025-11-21,2025-12-16,17,1
6146,2,3,SKU-05,9,1,2025-11-21,2025-12-09,12,1
6147,4,3,SKU-08,9,1,2025-11-21,2025-12-03,8,0
6148,5,2,SKU-01,9,1,2025-11-21,2025-12-08,11,1
6149,5,1,SKU-14,9,1,2025-11-21,2025-12-12,15,1
6150,6,2,SKU-01,9,1,2025-11-21,2025-12-16,17,1
6151,4,3,SKU-04,9,1,2025-11-21,2025-12-08,11,1
6152,1,1,SKU-11,9,1,2025-11-21,2025-12-09,12,1
6153,5,3,SKU-02,9,1,2025-11-21,2025-12-05,10,0
6154,5,2,SKU-08,9,1,2025-11-21,2025-12-08,11,1
6155,1,1,SKU-15,9,1,2025-11-21,2025-12-10,13,1
6156,2,1,SKU-02,9,1,2025-11-21,2025-12-08,11,1
6157,5,2,SKU-14,9,1,2025-11-21,2025-12-23,22,1
6158,5,3,SKU-02,9,1,2025-11-21,2025-12-22,21,1
6159,6,1,SKU-11,9,1,2025-11-21,2025-12-04,9,0
6160,6,3,SKU-06,9,1,2025-11-21,2025-12-10,13,1
6161,6,1,SKU-15,9,1,2025-11-21,2025-12-05,10,0
6162,6,3,SKU-03,9,1,2025-11-21,2025-12-12,15,1
6163,3,3,SKU-13,9,1,2025-11-21,2025-12-04,9,0
6164,5,2,SKU-11,9,1,2025-11-21,2025-12-09,12,1
6165,3,1,SKU-12,9,1,2025-11-21,2025-12-12,15,1
6166,1,3,SKU-08,9,1,2025-11-21,2025-12-10,13,1
6167,2,3,SKU-07,9,1,2025-11-21,2025-12-08,11,1
6168,3,2,SKU-10,9,1,2025-11-21,2025-12-08,11,1
6169,2,2,SKU-11,9,1,2025-11-21,2025-12-10,13,1
6170,5,2,SKU-09,9,1,2025-11-21,2025-12-04,9,0
6171,3,2,SKU-09,9,1,2025-11-21,2025-12-25,24,1
6172,5,3,SKU-10,9,1,2025-11-21,2025-12-10,13,1
6173,5,3,SKU-10,9,1,2025-11-21,2025-12-12,15,1
6174,2,2,SKU-14,9,1,2025-11-21,2025-12-05,10,0
6175,2,1,SKU-06,9,1,2025-11-21,2025-12-16,17,1
6176,6,2,SKU-06,9,1,2025-11-21,2025-12-05,10,0
6177,1,3,SKU-10,9,1,2025-11-21,2025-12-16,17,1
6178,1,1,SKU-15,9,1,2025-11-21,2025-12-04,9,0
6179,5,3,SKU-15,9,1,2025-11-21,2025-12-05,10,0
6180,3,3,SKU-04,9,1,2025-11-21,2025-12-09,12,1
6181,2,2,SKU-02,9,1,2025-11-21,2025-12-10,13,1
6182,2,2,SKU-08,9,1,2025-11-21,2025-12-04,9,0
6183,2,3,SKU-01,9,1,2025-11-21,2025-12-09,12,1
6184,2,1,SKU-03,9,1,2025-11-21,2025-12-08,11,1
6185,6,1,SKU-12,9,1,2025-11-21,2025-12-10,13,1
6186,5,2,SKU-13,9,1,2025-11-21,2025-12-12,15,1
6187,4,2,SKU-10,9,1,2025-11-21,2025-12-10,13,1
6188,3,3,SKU-04,9,1,2025-11-21,2025-12-17,18,1
6189,6,1,SKU-14,9,1,2025-11-21,2025-12-12,15,1
6190,6,3,SKU-09,9,1,2025-11-21,2025-12-12,15,1
6191,1,3,SKU-06,9,1,2025-11-21,2025-12-05,10,0
6192,2,3,SKU-13,9,1,2025-11-21,2025-12-09,12,1
6193,5,2,SKU-06,9,1,2025-11-21,2025-12-09,12,1
6194,4,1,SKU-07,9,1,2025-11-21,2025-12-09,12,1
6195,2,2,SKU-03,9,1,2025-11-21,2025-12-05,10,0
6196,1,2,SKU-08,9,1,2025-11-21,2025-12-11,14,1
6197,5,2,SKU-13,9,1,2025-11-21,2025-12-11,14,1
6198,4,3,SKU-10,9,1,2025-11-21,2025-12-18,19,1
6199,3,1,SKU-13,9,1,2025-11-21,2025-12-11,14,1
6200,2,3,SKU-04,9,1,2025-11-21,2025-12-22,21,1
6201,5,1,SKU-07,9,1,2025-11-21,2025-12-12,15,1
6202,5,3,SKU-09,9,1,2025-11-21,2025-12-08,11,1
6203,6,2,SKU-01,9,1,2025-11-21,2025-12-09,12,1
6204,1,1,SKU-14,9,1,2025-11-21,2025-12-09,12,1
6205,1,3,SKU-02,9,1,2025-11-21,2025-12-11,14,1
6206,6,1,SKU-06,9,1,2025-11-21,2025-12-11,14,1
6207,5,3,SKU-12,9,1,2025-11-21,2025-12-18,19,1
6208,1,1,SKU-08,9,1,2025-11-21,2025-12-08,11,1
6209,3,3,SKU-06,9,1,2025-11-21,2025-12-12,15,1
6210,5,1,SKU-03,9,1,2025-11-21,2025-12-04,9,0
6211,4,3,SKU-07,9,1,2025-11-21,2025-12-08,11,1
6212,1,2,SKU-04,9,1,2025-11-21,2025-12-09,12,1
6213,3,3,SKU-15,9,1,2025-11-21,2025-12-10,13,1
6214,6,3,SKU-04,9,1,2025-11-21,2025-12-04,9,0
6215,4,3,SKU-12,9,1,2025-11-21,2025-12-10,13,1
6216,1,2,SKU-05,9,1,2025-11-21,2025-12-18,19,1
6217,3,1,SKU-15,9,1,2025-11-21,2025-12-09,12,1
6218,1,2,SKU-06,9,1,2025-11-21,2025-12-09,12,1
6219,4,3,SKU-01,9,1,2025-11-21,2025-12-11,14,1
6220,2,2,SKU-14,9,1,2025-11-21,2025-12-15,16,1
6221,4,1,SKU-02,9,1,2025-11-21,2025-12-18,19,1
6222,1,3,SKU-14,9,1,2025-11-21,2025-12-08,11,1
6223,6,1,SKU-13,9,1,2025-11-21,2025-12-15,16,1
6224,6,3,SKU-10,9,1,2025-11-21,2025-12-05,10,0
6225,5,1,SKU-14,9,1,2025-11-21,2025-12-12,15,1
6226,5,3,SKU-01,9,1,2025-11-21,2025-12-05,10,0
6227,2,2,SKU-13,9,1,2025-11-21,2025-12-08,11,1
6228,5,1,SKU-02,9,1,2025-11-21,2025-12-04,9,0
6229,1,2,SKU-07,9,1,2025-11-21,2025-12-16,17,1
6230,2,3,SKU-15,9,1,2025-11-21,2025-12-11,14,1
6231,5,2,SKU-08,9,1,2025-11-21,2025-12-11,14,1
6232,3,3,SKU-10,9,1,2025-11-21,2025-12-15,16,1
6233,6,3,SKU-07,9,1,2025-11-21,2025-12-10,13,1
6234,1,3,SKU-09,9,1,2025-11-21,2025-12-05,10,0
6235,4,2,SKU-04,9,1,2025-11-21,2025-12-11,14,1
6236,1,2,SKU-04,9,1,2025-11-21,2025-12-08,11,1
6237,1,2,SKU-15,9,1,2025-11-21,2025-12-05,10,0
6238,6,3,SKU-15,9,1,2025-11-21,2025-12-10,13,1
6239,3,1,SKU-06,9,1,2025-11-21,2025-12-10,13,1
6240,3,3,SKU-08,9,1,2025-11-21,2025-12-08,11,1
6241,5,1,SKU-14,9,1,2025-11-21,2025-12-10,13,1
6242,4,1,SKU-12,9,1,2025-11-21,2025-12-12,15,1
6243,4,1,SKU-12,9,1,2025-11-21,2025-12-10,13,1
6244,2,2,SKU-05,9,1,2025-11-21,2025-12-16,17,1
6245,2,1,SKU-08,9,1,2025-11-21,2025-12-12,15,1
6246,3,1,SKU-09,9,1,2025-11-21,2025-12-08,11,1
6247,3,2,SKU-04,9,1,2025-11-21,2025-12-10,13,1
6248,3,2,SKU-14,9,1,2025-11-21,2025-12-11,14,1
6249,2,3,SKU-04,9,1,2025-11-21,2025-12-12,15,1
6250,3,3,SKU-07,9,1,2025-11-21,2025-12-15,16,1
6251,4,1,SKU-12,9,1,2025-11-21,2025-12-15,16,1
6252,2,1,SKU-02,9,1,2025-11-21,2025-12-16,17,1
6253,1,1,SKU-10,9,1,2025-11-21,2025-12-05,10,0
6254,1,1,SKU-13,9,1,2025-11-21,2025-12-08,11,1
6255,2,2,SKU-09,9,1,2025-11-21,2025-12-15,16,1
6256,1,2,SKU-15,9,1,2025-11-21,2025-12-05,10,0
6257,1,2,SKU-01,9,1,2025-11-21,2025-12-12,15,1
6258,5,1,SKU-08,9,1,2025-11-21,2025-12-15,16,1
6259,1,2,SKU-01,9,1,2025-11-21,2025-12-10,13,1
6260,1,3,SKU-04,9,1,2025-11-21,2025-12-05,10,0
6261,6,3,SKU-07,9,1,2025-11-21,2025-12-17,18,1
6262,1,2,SKU-03,9,1,2025-11-21,2025-12-11,14,1
6263,6,1,SKU-14,9,1,2025-11-21,2025-12-09,12,1
6264,1,2,SKU-15,9,1,2025-11-21,2025-12-05,10,0
6265,5,1,SKU-02,9,1,2025-11-21,2025-12-11,14,1
6266,1,1,SKU-13,9,1,2025-11-22,2025-12-15,16,1
6267,4,3,SKU-02,9,1,2025-11-22,2025-12-05,10,0
6268,2,2,SKU-11,9,1,2025-11-22,2025-12-15,16,1
6269,1,3,SKU-09,9,1,2025-11-22,2025-12-12,15,1
6270,2,1,SKU-01,9,1,2025-11-22,2025-12-10,13,1
6271,6,3,SKU-03,9,1,2025-11-22,2025-12-10,13,1
6272,1,1,SKU-04,9,1,2025-11-22,2025-12-11,14,1
6273,5,3,SKU-11,9,1,2025-11-22,2025-12-11,14,1
6274,1,2,SKU-14,9,1,2025-11-22,2025-12-08,11,1
6275,3,3,SKU-15,9,1,2025-11-22,2025-12-09,12,1
6276,6,1,SKU-01,9,1,2025-11-22,2025-12-09,12,1
6277,3,2,SKU-02,9,1,2025-11-22,2025-12-04,9,0
6278,6,1,SKU-09,9,1,2025-11-22,2025-12-04,9,0
6279,5,2,SKU-08,9,1,2025-11-22,2025-12-11,14,1
6280,6,2,SKU-01,9,1,2025-11-22,2025-12-15,16,1
6281,6,3,SKU-10,9,1,2025-11-22,2025-12-16,17,1
6282,3,2,SKU-15,9,1,2025-11-22,2025-12-08,11,1
6283,3,1,SKU-03,9,1,2025-11-22,2025-12-12,15,1
6284,2,3,SKU-14,9,1,2025-11-22,2025-12-12,15,1
6285,3,2,SKU-04,9,1,2025-11-22,2025-12-04,9,0
6286,1,1,SKU-05,9,1,2025-11-22,2025-12-17,18,1
6287,1,3,SKU-14,9,1,2025-11-22,2025-12-12,15,1
6288,4,2,SKU-03,9,1,2025-11-22,2025-12-09,12,1
6289,4,2,SKU-07,9,1,2025-11-22,2025-12-09,12,1
6290,6,1,SKU-15,9,1,2025-11-22,2025-12-05,10,0
6291,4,3,SKU-14,9,1,2025-11-22,2025-12-10,13,1
6292,5,2,SKU-09,9,1,2025-11-22,2025-12-17,18,1
6293,3,2,SKU-14,9,1,2025-11-22,2025-12-03,8,0
6294,5,2,SKU-09,9,1,2025-11-22,2025-12-18,19,1
6295,3,3,SKU-05,9,1,2025-11-22,2025-12-10,13,1
6296,4,2,SKU-14,9,1,2025-11-22,2025-12-24,23,1
6297,6,2,SKU-09,9,1,2025-11-22,2025-12-02,7,0
6298,6,1,SKU-04,9,1,2025-11-22,2025-12-16,17,1
6299,3,2,SKU-07,9,1,2025-11-22,2025-12-11,14,1
6300,4,1,SKU-12,9,1,2025-11-22,2025-12-09,12,1
6301,2,1,SKU-12,9,1,2025-11-22,2025-12-10,13,1
6302,5,3,SKU-06,9,1,2025-11-22,2025-12-05,10,0
6303,3,3,SKU-02,9,1,2025-11-22,2025-12-11,14,1
6304,2,2,SKU-14,9,1,2025-11-22,2025-12-10,13,1
6305,4,2,SKU-02,9,1,2025-11-22,2025-12-08,11,1
6306,5,3,SKU-02,9,1,2025-11-22,2025-12-04,9,0
6307,2,1,SKU-03,9,1,2025-11-22,2025-12-09,12,1
6308,2,1,SKU-13,9,1,2025-11-22,2025-12-12,15,1
6309,3,1,SKU-05,9,1,2025-11-22,2025-12-08,11,1
6310,5,1,SKU-04,9,1,2025-11-22,2025-12-12,15,1
6311,1,3,SKU-03,9,1,2025-11-22,2025-12-09,12,1
6312,2,2,SKU-11,9,1,2025-11-22,2025-12-09,12,1
6313,3,3,SKU-06,9,1,2025-11-22,2025-12-10,13,1
6314,5,3,SKU-15,9,1,2025-11-22,2025-12-12,15,1
6315,4,2,SKU-05,9,1,2025-11-22,2025-12-08,11,1
6316,3,1,SKU-05,9,1,2025-11-22,2025-12-11,14,1
6317,3,1,SKU-04,9,1,2025-11-22,2025-12-02,7,0
6318,3,1,SKU-15,9,1,2025-11-22,2025-12-16,17,1
6319,5,3,SKU-13,9,1,2025-11-22,2025-12-12,15,1
6320,6,2,SKU-01,9,1,2025-11-22,2025-12-11,14,1
6321,5,1,SKU-07,9,1,2025-11-22,2025-12-10,13,1
6322,6,2,SKU-14,9,1,2025-11-22,2025-12-10,13,1
6323,4,3,SKU-01,9,1,2025-11-22,2025-12-09,12,1
6324,1,1,SKU-14,9,1,2025-11-22,2025-12-16,17,1
6325,4,3,SKU-03,9,1,2025-11-22,2025-12-09,12,1
6326,4,1,SKU-12,9,1,2025-11-22,2025-12-10,13,1
6327,6,3,SKU-13,9,1,2025-11-22,2025-12-05,10,0
6328,2,1,SKU-01,9,1,2025-11-22,2025-12-18,19,1
6329,2,1,SKU-10,9,1,2025-11-22,2025-12-12,15,1
6330,6,1,SKU-04,9,1,2025-11-22,2025-12-04,9,0
6331,1,3,SKU-08,9,1,2025-11-22,2025-12-12,15,1
6332,5,3,SKU-01,9,1,2025-11-22,2025-12-09,12,1
6333,5,3,SKU-02,9,1,2025-11-22,2025-12-17,18,1
6334,4,1,SKU-02,9,1,2025-11-22,2025-12-12,15,1
6335,2,2,SKU-06,9,1,2025-11-22,2025-12-10,13,1
6336,5,3,SKU-02,9,1,2025-11-22,2025-12-09,12,1
6337,2,3,SKU-06,9,1,2025-11-22,2025-12-09,12,1
6338,2,2,SKU-04,9,1,2025-11-22,2025-12-16,17,1
6339,3,3,SKU-14,9,1,2025-11-22,2025-12-09,12,1
6340,4,1,SKU-13,9,1,2025-11-22,2025-12-18,19,1
6341,4,3,SKU-15,9,1,2025-11-22,2025-12-05,10,0
6342,2,1,SKU-13,9,1,2025-11-22,2025-12-11,14,1
6343,3,2,SKU-08,9,1,2025-11-22,2025-12-17,18,1
6344,1,1,SKU-12,9,1,2025-11-22,2025-12-08,11,1
6345,4,2,SKU-13,9,1,2025-11-22,2025-12-22,21,1
6346,1,1,SKU-05,9,1,2025-11-22,2025-12-15,16,1
6347,2,1,SKU-06,9,1,2025-11-22,2025-12-05,10,0
6348,3,2,SKU-01,9,1,2025-11-22,2025-12-08,11,1
6349,2,2,SKU-14,9,1,2025-11-22,2025-12-10,13,1
6350,5,2,SKU-01,9,1,2025-11-22,2025-12-10,13,1
6351,3,2,SKU-12,9,1,2025-11-22,2025-12-08,11,1
6352,2,2,SKU-10,9,1,2025-11-22,2025-12-12,15,1
6353,1,2,SKU-11,9,1,2025-11-22,2025-12-15,16,1
6354,2,1,SKU-14,9,1,2025-11-22,2025-12-16,17,1
6355,1,2,SKU-05,9,1,2025-11-22,2025-12-08,11,1
6356,6,2,SKU-13,9,1,2025-11-22,2025-12-09,12,1
6357,5,3,SKU-11,9,1,2025-11-22,2025-12-04,9,0
6358,5,3,SKU-14,9,1,2025-11-22,2025-12-16,17,1
6359,2,2,SKU-09,9,1,2025-11-22,2025-12-08,11,1
6360,6,2,SKU-11,9,1,2025-11-22,2025-12-04,9,0
6361,5,1,SKU-07,9,1,2025-11-22,2025-12-11,14,1
6362,3,2,SKU-05,9,1,2025-11-22,2025-12-18,19,1
6363,1,1,SKU-01,9,1,2025-11-22,2025-12-09,12,1
6364,6,3,SKU-10,9,1,2025-11-22,2025-12-05,10,0
6365,5,2,SKU-03,9,1,2025-11-22,2025-12-09,12,1
6366,6,1,SKU-02,9,1,2025-11-22,2025-12-04,9,0
6367,4,2,SKU-12,9,1,2025-11-22,2025-12-08,11,1
6368,5,2,SKU-09,9,1,2025-11-22,2025-12-16,17,1
6369,2,2,SKU-11,9,1,2025-11-22,2025-12-08,11,1
6370,1,3,SKU-05,9,1,2025-11-22,2025-12-16,17,1
6371,6,3,SKU-07,9,1,2025-11-22,2025-12-18,19,1
6372,2,2,SKU-07,9,1,2025-11-22,2025-12-09,12,1
6373,2,1,SKU-06,9,1,2025-11-22,2025-12-10,13,1
6374,6,1,SKU-09,9,1,2025-11-22,2025-12-11,14,1
6375,6,1,SKU-13,9,1,2025-11-22,2025-12-15,16,1
6376,6,3,SKU-03,9,1,2025-11-22,2025-12-09,12,1
6377,4,1,SKU-08,9,1,2025-11-22,2025-12-04,9,0
6378,5,2,SKU-01,9,1,2025-11-22,2025-12-15,16,1
6379,4,3,SKU-07,9,1,2025-11-22,2025-12-11,14,1
6380,4,1,SKU-14,9,1,2025-11-22,2025-12-10,13,1
6381,4,3,SKU-12,9,1,2025-11-22,2025-12-12,15,1
6382,5,2,SKU-14,9,1,2025-11-22,2025-12-09,12,1
6383,6,2,SKU-13,9,1,2025-11-22,2025-12-10,13,1
6384,4,2,SKU-14,9,1,2025-11-22,2025-12-05,10,0
6385,1,2,SKU-12,9,1,2025-11-22,2025-12-10,13,1
6386,6,2,SKU-12,9,1,2025-11-22,2025-12-08,11,1
6387,1,3,SKU-15,9,1,2025-11-22,2025-12-09,12,1
6388,4,2,SKU-13,9,1,2025-11-22,2025-12-09,12,1
6389,6,1,SKU-11,9,1,2025-11-22,2025-12-18,19,1
6390,4,1,SKU-03,9,1,2025-11-22,2025-12-10,13,1
6391,5,1,SKU-06,9,1,2025-11-22,2025-12-11,14,1
6392,4,1,SKU-02,9,1,2025-11-22,2025-12-12,15,1
6393,6,2,SKU-12,9,1,2025-11-22,2025-12-05,10,0
6394,4,1,SKU-10,9,1,2025-11-22,2025-12-11,14,1
6395,3,3,SKU-06,9,1,2025-11-22,2025-12-15,16,1
6396,2,2,SKU-12,9,1,2025-11-22,2025-12-11,14,1
6397,2,2,SKU-03,9,1,2025-11-22,2025-12-11,14,1
6398,5,2,SKU-04,9,1,2025-11-22,2025-12-09,12,1
6399,6,1,SKU-14,9,1,2025-11-22,2025-12-12,15,1
6400,2,3,SKU-13,9,1,2025-11-22,2025-12-05,10,0
6401,2,1,SKU-10,9,1,2025-11-22,2025-12-15,16,1
6402,5,2,SKU-09,9,1,2025-11-22,2025-12-19,20,1
6403,5,1,SKU-01,9,1,2025-11-22,2025-12-10,13,1
6404,1,3,SKU-11,9,1,2025-11-22,2025-12-11,14,1
6405,3,1,SKU-05,9,1,2025-11-22,2025-12-18,19,1
6406,6,1,SKU-13,9,1,2025-11-22,2025-12-11,14,1
6407,5,2,SKU-13,9,1,2025-11-22,2025-12-11,14,1
6408,1,3,SKU-02,9,1,2025-11-22,2025-12-09,12,1
6409,4,3,SKU-01,9,1,2025-11-22,2025-12-10,13,1
6410,4,2,SKU-15,9,1,2025-11-22,2025-12-12,15,1
6411,2,1,SKU-01,9,1,2025-11-22,2025-12-17,18,1
6412,1,1,SKU-10,9,1,2025-11-22,2025-12-05,10,0
6413,4,3,SKU-01,9,1,2025-11-22,2025-12-09,12,1
6414,1,1,SKU-14,9,1,2025-11-22,2025-12-10,13,1
6415,2,1,SKU-02,9,1,2025-11-22,2025-12-08,11,1
6416,4,3,SKU-10,9,1,2025-11-22,2025-12-12,15,1
6417,4,3,SKU-02,9,1,2025-11-22,2025-12-08,11,1
6418,4,2,SKU-13,9,1,2025-11-22,2025-12-09,12,1
6419,6,1,SKU-14,9,1,2025-11-22,2025-12-05,10,0
6420,6,1,SKU-12,9,1,2025-11-22,2025-12-10,13,1
6421,1,2,SKU-07,9,1,2025-11-22,2025-12-22,21,1
6422,3,1,SKU-01,9,1,2025-11-22,2025-12-16,17,1
6423,5,1,SKU-12,9,1,2025-11-22,2025-12-16,17,1
6424,4,2,SKU-01,9,1,2025-11-22,2025-12-09,12,1
6425,6,3,SKU-10,9,1,2025-11-22,2025-12-23,22,1
6426,3,1,SKU-14,9,1,2025-11-22,2025-12-09,12,1
6427,4,2,SKU-02,9,1,2025-11-22,2025-12-09,12,1
6428,2,1,SKU-13,9,1,2025-11-22,2025-12-11,14,1
6429,2,2,SKU-12,9,1,2025-11-22,2025-12-08,11,1
6430,1,3,SKU-11,9,1,2025-11-22,2025-12-04,9,0
6431,1,2,SKU-10,9,1,2025-11-22,2025-12-16,17,1
6432,6,1,SKU-11,9,1,2025-11-22,2025-12-12,15,1
6433,5,2,SKU-04,9,1,2025-11-22,2025-12-15,16,1
6434,5,1,SKU-15,9,1,2025-11-22,2025-12-05,10,0
6435,6,1,SKU-15,9,1,2025-11-22,2025-12-02,7,0
6436,4,3,SKU-07,9,1,2025-11-22,2025-12-17,18,1
6437,2,3,SKU-09,9,1,2025-11-22,2025-12-16,17,1
6438,4,3,SKU-02,9,1,2025-11-22,2025-12-04,9,0
6439,1,3,SKU-11,9,1,2025-11-22,2025-12-10,13,1
6440,1,2,SKU-12,9,1,2025-11-22,2025-12-08,11,1
6441,5,3,SKU-06,9,1,2025-11-22,2025-12-16,17,1
6442,5,2,SKU-15,9,1,2025-11-22,2025-12-15,16,1
6443,6,1,SKU-02,9,1,2025-11-22,2025-12-10,13,1
6444,6,3,SKU-05,9,1,2025-11-22,2025-12-11,14,1
6445,1,2,SKU-13,9,1,2025-11-22,2025-12-10,13,1
6446,3,1,SKU-02,9,1,2025-11-22,2025-12-11,14,1
6447,2,3,SKU-04,9,1,2025-11-22,2025-12-11,14,1
6448,4,3,SKU-03,9,1,2025-11-22,2025-12-08,11,1
6449,3,1,SKU-13,9,1,2025-11-22,2025-12-09,12,1
6450,3,1,SKU-04,9,1,2025-11-22,2025-12-16,17,1
6451,3,2,SKU-01,9,1,2025-11-22,2025-12-10,13,1
6452,5,1,SKU-08,9,1,2025-11-22,2025-12-11,14,1
6453,3,3,SKU-14,9,1,2025-11-22,2025-12-10,13,1
6454,4,2,SKU-02,9,1,2025-11-22,2025-12-08,11,1
6455,2,2,SKU-15,9,1,2025-11-22,2025-12-12,15,1
6456,6,3,SKU-01,9,1,2025-11-22,2025-12-09,12,1
6457,1,2,SKU-09,9,1,2025-11-22,2025-12-12,15,1
6458,3,1,SKU-05,9,1,2025-11-22,2025-12-11,14,1
6459,3,3,SKU-01,9,1,2025-11-22,2025-12-05,10,0
6460,5,1,SKU-02,9,1,2025-11-22,2025-12-15,16,1
6461,5,2,SKU-15,9,1,2025-11-22,2025-12-12,15,1
6462,3,3,SKU-05,9,1,2025-11-22,2025-12-11,14,1
6463,2,3,SKU-13,9,1,2025-11-22,2025-12-16,17,1
6464,2,1,SKU-15,9,1,2025-11-22,2025-12-12,15,1
6465,2,3,SKU-05,9,1,2025-11-22,2025-12-12,15,1
6466,3,2,SKU-11,9,1,2025-11-22,2025-12-15,16,1
6467,3,1,SKU-02,9,1,2025-11-22,2025-12-09,12,1
6468,6,1,SKU-08,9,1,2025-11-22,2025-12-10,13,1
6469,6,3,SKU-12,9,1,2025-11-22,2025-12-19,20,1
6470,6,1,SKU-09,9,1,2025-11-22,2025-12-15,16,1
6471,2,3,SKU-04,9,1,2025-11-22,2025-12-17,18,1
6472,5,2,SKU-06,9,1,2025-11-22,2025-12-10,13,1
6473,5,1,SKU-02,9,1,2025-11-22,2025-12-08,11,1
6474,2,3,SKU-05,9,1,2025-11-22,2025-12-10,13,1
6475,2,3,SKU-03,9,1,2025-11-22,2025-12-17,18,1
6476,1,1,SKU-07,9,1,2025-11-22,2025-12-17,18,1
6477,4,2,SKU-03,9,1,2025-11-22,2025-12-11,14,1
6478,6,1,SKU-15,9,1,2025-11-22,2025-12-16,17,1
6479,4,1,SKU-15,9,1,2025-11-22,2025-12-10,13,1
6480,3,3,SKU-04,9,1,2025-11-22,2025-12-09,12,1
6481,1,1,SKU-13,9,1,2025-11-22,2025-12-09,12,1
6482,3,1,SKU-09,9,1,2025-11-22,2025-12-10,13,1
6483,1,2,SKU-11,9,1,2025-11-22,2025-12-05,10,0
6484,1,1,SKU-07,9,1,2025-11-22,2025-12-11,14,1
6485,6,3,SKU-03,9,1,2025-11-22,2025-12-15,16,1
6486,4,2,SKU-07,9,1,2025-11-22,2025-12-11,14,1
6487,2,3,SKU-01,9,1,2025-11-22,2025-12-05,10,0
6488,2,2,SKU-07,9,1,2025-11-22,2025-12-15,16,1
6489,2,2,SKU-15,9,1,2025-11-22,2025-12-17,18,1
6490,2,1,SKU-07,9,1,2025-11-22,2025-12-09,12,1
6491,2,3,SKU-06,9,1,2025-11-22,2025-12-12,15,1
6492,5,2,SKU-05,9,1,2025-11-22,2025-12-15,16,1
6493,2,1,SKU-07,9,1,2025-11-22,2025-12-15,16,1
6494,5,2,SKU-15,9,1,2025-11-22,2025-12-05,10,0
6495,6,3,SKU-07,9,1,2025-11-22,2025-12-10,13,1
6496,2,3,SKU-04,9,1,2025-11-22,2025-12-05,10,0
6497,6,3,SKU-11,9,1,2025-11-22,2025-12-10,13,1
6498,6,1,SKU-01,9,1,2025-11-22,2025-12-11,14,1
6499,2,1,SKU-04,9,1,2025-11-22,2025-12-11,14,1
6500,6,3,SKU-10,9,1,2025-11-22,2025-12-22,21,1
6501,6,3,SKU-01,9,1,2025-11-22,2025-12-08,11,1
6502,2,3,SKU-02,9,1,2025-11-22,2025-12-03,8,0
6503,6,3,SKU-07,9,1,2025-11-22,2025-12-08,11,1
6504,5,2,SKU-12,9,1,2025-11-22,2025-12-16,17,1
6505,5,1,SKU-01,9,1,2025-11-22,2025-12-02,7,0
6506,5,1,SKU-03,9,1,2025-11-22,2025-12-08,11,1
6507,6,2,SKU-03,9,1,2025-11-22,2025-12-11,14,1
6508,1,1,SKU-01,9,1,2025-11-22,2025-12-11,14,1
6509,5,3,SKU-02,9,1,2025-11-22,2025-12-01,6,0
6510,5,1,SKU-05,9,1,2025-11-22,2025-12-05,10,0
6511,3,3,SKU-14,9,1,2025-11-22,2025-12-12,15,1
6512,4,1,SKU-11,9,1,2025-11-22,2025-12-08,11,1
6513,6,2,SKU-07,9,1,2025-11-22,2025-12-10,13,1
6514,6,1,SKU-04,9,1,2025-11-22,2025-12-08,11,1
6515,1,1,SKU-04,9,1,2025-11-22,2025-12-15,16,1
6516,2,1,SKU-14,9,1,2025-11-22,2025-12-05,10,0
6517,5,3,SKU-13,9,1,2025-11-22,2025-12-17,18,1
6518,1,2,SKU-04,9,1,2025-11-22,2025-12-10,13,1
6519,3,3,SKU-09,9,1,2025-11-22,2025-12-04,9,0
6520,4,3,SKU-14,9,1,2025-11-22,2025-12-11,14,1
6521,4,2,SKU-12,9,1,2025-11-22,2025-12-04,9,0
6522,3,1,SKU-09,9,1,2025-11-22,2025-12-04,9,0
6523,4,3,SKU-02,9,1,2025-11-22,2025-12-15,16,1
6524,6,1,SKU-07,9,1,2025-11-22,2025-12-09,12,1
6525,6,2,SKU-15,9,1,2025-11-22,2025-12-04,9,0
6526,3,2,SKU-06,9,1,2025-11-22,2025-12-10,13,1
6527,4,3,SKU-11,9,1,2025-11-22,2025-12-12,15,1
6528,1,1,SKU-07,9,1,2025-11-22,2025-12-15,16,1
6529,6,3,SKU-01,9,1,2025-11-22,2025-12-09,12,1
6530,4,2,SKU-09,9,1,2025-11-22,2025-12-05,10,0
6531,3,3,SKU-13,9,1,2025-11-22,2025-12-09,12,1
6532,1,2,SKU-03,9,1,2025-11-22,2025-12-15,16,1
6533,4,2,SKU-06,9,1,2025-11-22,2025-12-16,17,1
6534,3,3,SKU-13,9,1,2025-11-22,2025-12-05,10,0
6535,2,1,SKU-02,9,1,2025-11-22,2025-12-05,10,0
6536,3,3,SKU-01,9,1,2025-11-22,2025-12-11,14,1
6537,6,1,SKU-14,9,1,2025-11-22,2025-12-11,14,1
6538,1,2,SKU-13,9,1,2025-11-22,2025-12-16,17,1
6539,1,2,SKU-09,9,1,2025-11-22,2025-12-08,11,1
6540,3,3,SKU-09,9,1,2025-11-22,2025-12-23,22,1
6541,4,3,SKU-08,9,1,2025-11-22,2025-12-16,17,1
6542,4,2,SKU-03,9,1,2025-11-23,2025-12-23,22,1
6543,2,3,SKU-06,9,1,2025-11-23,2025-12-08,11,1
6544,1,3,SKU-09,9,1,2025-11-23,2025-12-08,11,1
6545,1,2,SKU-01,9,1,2025-11-23,2025-12-04,9,0
6546,5,3,SKU-08,9,1,2025-11-23,2025-12-22,21,1
6547,5,2,SKU-08,9,1,2025-11-23,2025-12-11,14,1
6548,2,3,SKU-03,9,1,2025-11-23,2025-12-12,15,1
6549,5,3,SKU-09,9,1,2025-11-23,2025-12-10,13,1
6550,4,2,SKU-13,9,1,2025-11-23,2025-12-03,8,0
6551,3,3,SKU-08,9,1,2025-11-23,2025-12-12,15,1
6552,4,3,SKU-05,9,1,2025-11-23,2025-12-11,14,1
6553,5,1,SKU-13,9,1,2025-11-23,2025-12-15,16,1
6554,3,3,SKU-14,9,1,2025-11-23,2025-12-01,6,0
6555,5,1,SKU-13,9,1,2025-11-23,2025-12-12,15,1
6556,3,1,SKU-10,9,1,2025-11-23,2025-12-08,11,1
6557,4,2,SKU-06,9,1,2025-11-23,2025-12-11,14,1
6558,2,2,SKU-08,9,1,2025-11-23,2025-12-11,14,1
6559,4,1,SKU-02,9,1,2025-11-23,2025-12-17,18,1
6560,6,3,SKU-11,9,1,2025-11-23,2025-12-15,16,1
6561,5,2,SKU-08,9,1,2025-11-23,2025-12-18,19,1
6562,3,3,SKU-10,9,1,2025-11-23,2025-12-08,11,1
6563,6,2,SKU-08,9,1,2025-11-23,2025-12-22,21,1
6564,4,1,SKU-06,9,1,2025-11-23,2025-12-08,11,1
6565,1,1,SKU-04,9,1,2025-11-23,2025-12-15,16,1
6566,6,2,SKU-05,9,1,2025-11-23,2025-12-16,17,1
6567,3,3,SKU-05,9,1,2025-11-23,2025-12-16,17,1
6568,3,3,SKU-03,9,1,2025-11-23,2025-12-05,10,0
6569,6,2,SKU-01,9,1,2025-11-23,2025-12-10,13,1
6570,3,3,SKU-02,9,1,2025-11-23,2025-12-19,20,1
6571,2,1,SKU-06,9,1,2025-11-23,2025-12-15,16,1
6572,2,1,SKU-08,9,1,2025-11-23,2025-12-11,14,1
6573,6,1,SKU-11,9,1,2025-11-23,2025-12-12,15,1
6574,3,1,SKU-01,9,1,2025-11-23,2025-12-12,15,1
6575,3,1,SKU-04,9,1,2025-11-23,2025-12-04,9,0
6576,1,1,SKU-06,9,1,2025-11-23,2025-12-10,13,1
6577,1,1,SKU-12,9,1,2025-11-23,2025-12-18,19,1
6578,4,1,SKU-09,9,1,2025-11-23,2025-12-11,14,1
6579,2,2,SKU-12,9,1,2025-11-23,2025-12-05,10,0
6580,1,1,SKU-04,9,1,2025-11-23,2025-12-15,16,1
6581,3,2,SKU-09,9,1,2025-11-23,2025-12-08,11,1
6582,4,1,SKU-10,9,1,2025-11-23,2025-12-16,17,1
6583,4,1,SKU-09,9,1,2025-11-23,2025-12-08,11,1
6584,2,3,SKU-07,9,1,2025-11-23,2025-12-04,9,0
6585,6,1,SKU-07,9,1,2025-11-23,2025-12-05,10,0
6586,2,1,SKU-05,9,1,2025-11-23,2025-12-09,12,1
6587,2,2,SKU-05,9,1,2025-11-23,2025-12-11,14,1
6588,1,1,SKU-15,9,1,2025-11-23,2025-12-12,15,1
6589,2,2,SKU-07,9,1,2025-11-23,2025-12-04,9,0
6590,2,2,SKU-02,9,1,2025-11-23,2025-12-09,12,1
6591,4,2,SKU-01,9,1,2025-11-23,2025-12-05,10,0
6592,3,1,SKU-05,9,1,2025-11-23,2025-12-09,12,1
6593,6,3,SKU-10,9,1,2025-11-23,2025-12-05,10,0
6594,6,2,SKU-08,9,1,2025-11-23,2025-12-12,15,1
6595,6,3,SKU-15,9,1,2025-11-23,2025-12-08,11,1
6596,6,1,SKU-06,9,1,2025-11-23,2025-12-08,11,1
6597,2,2,SKU-13,9,1,2025-11-23,2025-12-19,20,1
6598,3,3,SKU-15,9,1,2025-11-23,2025-12-10,13,1
6599,6,1,SKU-01,9,1,2025-11-23,2025-12-17,18,1
6600,5,3,SKU-09,9,1,2025-11-23,2025-12-12,15,1
6601,2,3,SKU-08,9,1,2025-11-23,2025-12-02,7,0
6602,2,1,SKU-03,9,1,2025-11-23,2025-12-12,15,1
6603,2,3,SKU-05,9,1,2025-11-23,2025-12-12,15,1
6604,3,3,SKU-05,9,1,2025-11-23,2025-12-01,6,0
6605,2,3,SKU-01,9,1,2025-11-23,2025-12-12,15,1
6606,2,3,SKU-05,9,1,2025-11-23,2025-12-04,9,0
6607,6,1,SKU-09,9,1,2025-11-23,2025-12-17,18,1
6608,3,3,SKU-09,9,1,2025-11-23,2025-12-10,13,1
6609,4,1,SKU-01,9,1,2025-11-23,2025-12-03,8,0
6610,2,2,SKU-12,9,1,2025-11-23,2025-12-11,14,1
6611,2,3,SKU-11,9,1,2025-11-23,2025-12-08,11,1
6612,3,2,SKU-12,9,1,2025-11-23,2025-12-12,15,1
6613,5,2,SKU-01,9,1,2025-11-23,2025-12-12,15,1
6614,5,1,SKU-12,9,1,2025-11-23,2025-12-22,21,1
6615,4,3,SKU-01,9,1,2025-11-23,2025-12-12,15,1
6616,6,3,SKU-11,9,1,2025-11-23,2025-12-04,9,0
6617,3,1,SKU-02,9,1,2025-11-23,2025-12-15,16,1
6618,4,1,SKU-11,9,1,2025-11-23,2025-12-19,20,1
6619,2,2,SKU-12,9,1,2025-11-23,2025-12-12,15,1
6620,3,1,SKU-06,9,1,2025-11-23,2025-12-11,14,1
6621,5,2,SKU-05,9,1,2025-11-23,2025-12-15,16,1
6622,4,3,SKU-06,9,1,2025-11-23,2025-12-17,18,1
6623,2,2,SKU-12,9,1,2025-11-23,2025-12-10,13,1
6624,4,2,SKU-12,9,1,2025-11-23,2025-12-03,8,0
6625,2,2,SKU-04,9,1,2025-11-23,2025-12-12,15,1
6626,3,3,SKU-10,9,1,2025-11-23,2025-12-10,13,1
6627,2,2,SKU-13,9,1,2025-11-23,2025-12-02,7,0
6628,3,3,SKU-08,9,1,2025-11-23,2025-12-04,9,0
6629,6,3,SKU-03,9,1,2025-11-23,2025-12-03,8,0
6630,5,1,SKU-05,9,1,2025-11-23,2025-12-10,13,1
6631,2,3,SKU-14,9,1,2025-11-23,2025-12-09,12,1
6632,1,1,SKU-15,9,1,2025-11-23,2025-12-05,10,0
6633,5,1,SKU-11,9,1,2025-11-23,2025-12-12,15,1
6634,3,1,SKU-11,9,1,2025-11-23,2025-12-10,13,1
6635,3,3,SKU-14,9,1,2025-11-23,2025-12-10,13,1
6636,4,2,SKU-10,9,1,2025-11-23,2025-12-11,14,1
6637,1,3,SKU-07,9,1,2025-11-23,2025-12-09,12,1
6638,5,2,SKU-15,9,1,2025-11-23,2025-12-15,16,1
6639,5,1,SKU-07,9,1,2025-11-23,2025-12-16,17,1
6640,5,1,SKU-04,9,1,2025-11-23,2025-12-12,15,1
6641,6,2,SKU-03,9,1,2025-11-23,2025-12-10,13,1
6642,6,2,SKU-12,9,1,2025-11-23,2025-12-08,11,1
6643,5,3,SKU-02,9,1,2025-11-23,2025-12-03,8,0
6644,5,1,SKU-14,9,1,2025-11-23,2025-12-11,14,1
6645,6,3,SKU-03,9,1,2025-11-23,2025-12-12,15,1
6646,2,1,SKU-07,9,1,2025-11-23,2025-12-10,13,1
6647,6,1,SKU-14,9,1,2025-11-23,2025-12-10,13,1
6648,6,1,SKU-07,9,1,2025-11-23,2025-12-11,14,1
6649,6,2,SKU-12,9,1,2025-11-23,2025-12-11,14,1
6650,2,1,SKU-15,9,1,2025-11-23,2025-12-09,12,1
6651,3,1,SKU-01,9,1,2025-11-23,2025-12-16,17,1
6652,6,3,SKU-11,9,1,2025-11-23,2025-12-09,12,1
6653,6,2,SKU-14,9,1,2025-11-23,2025-12-09,12,1
6654,6,3,SKU-06,9,1,2025-11-23,2025-12-09,12,1
6655,1,3,SKU-04,9,1,2025-11-23,2025-12-12,15,1
6656,6,2,SKU-08,9,1,2025-11-23,2025-12-15,16,1
6657,5,3,SKU-11,9,1,2025-11-23,2025-12-10,13,1
6658,6,2,SKU-04,9,1,2025-11-23,2025-12-12,15,1
6659,6,2,SKU-01,9,1,2025-11-23,2025-12-08,11,1
6660,2,1,SKU-08,9,1,2025-11-23,2025-12-11,14,1
6661,1,2,SKU-06,9,1,2025-11-23,2025-12-10,13,1
6662,1,3,SKU-09,9,1,2025-11-23,2025-12-17,18,1
6663,5,3,SKU-02,9,1,2025-11-23,2025-12-15,16,1
6664,6,1,SKU-03,9,1,2025-11-23,2025-12-15,16,1
6665,5,3,SKU-15,9,1,2025-11-23,2025-12-23,22,1
6666,3,2,SKU-07,9,1,2025-11-23,2025-12-04,9,0
6667,2,1,SKU-03,9,1,2025-11-23,2025-12-10,13,1
6668,4,2,SKU-01,9,1,2025-11-23,2025-12-09,12,1
6669,2,2,SKU-12,9,1,2025-11-23,2025-12-01,6,0
6670,2,3,SKU-01,9,1,2025-11-23,2025-12-19,20,1
6671,1,2,SKU-07,9,1,2025-11-23,2025-12-08,11,1
6672,3,1,SKU-03,9,1,2025-11-23,2025-12-05,10,0
6673,3,3,SKU-02,9,1,2025-11-23,2025-12-08,11,1
6674,1,2,SKU-07,9,1,2025-11-23,2025-12-22,21,1
6675,1,3,SKU-04,9,1,2025-11-23,2025-12-10,13,1
6676,1,2,SKU-06,9,1,2025-11-23,2025-12-11,14,1
6677,1,3,SKU-09,9,1,2025-11-23,2025-12-04,9,0
6678,5,2,SKU-13,9,1,2025-11-23,2025-12-17,18,1
6679,5,1,SKU-12,9,1,2025-11-23,2025-12-04,9,0
6680,3,1,SKU-04,9,1,2025-11-23,2025-12-05,10,0
6681,1,3,SKU-09,9,1,2025-11-23,2025-12-12,15,1
6682,6,3,SKU-10,9,1,2025-11-23,2025-12-15,16,1
6683,1,1,SKU-12,9,1,2025-11-23,2025-12-19,20,1
6684,2,3,SKU-06,9,1,2025-11-23,2025-12-05,10,0
6685,2,2,SKU-13,9,1,2025-11-23,2025-12-15,16,1
6686,4,2,SKU-02,9,1,2025-11-23,2025-12-12,15,1
6687,3,3,SKU-11,9,1,2025-11-23,2025-12-15,16,1
6688,5,3,SKU-13,9,1,2025-11-23,2025-12-05,10,0
6689,5,3,SKU-02,9,1,2025-11-23,2025-12-12,15,1
6690,6,1,SKU-09,9,1,2025-11-23,2025-12-10,13,1
6691,5,1,SKU-15,9,1,2025-11-23,2025-12-08,11,1
6692,6,1,SKU-07,9,1,2025-11-23,2025-12-15,16,1
6693,6,1,SKU-04,9,1,2025-11-23,2025-12-10,13,1
6694,3,2,SKU-14,9,1,2025-11-23,2025-12-05,10,0
6695,1,2,SKU-04,9,1,2025-11-23,2025-12-17,18,1
6696,5,2,SKU-07,9,1,2025-11-23,2025-12-09,12,1
6697,6,2,SKU-04,9,1,2025-11-23,2025-12-10,13,1
6698,5,3,SKU-05,9,1,2025-11-23,2025-12-11,14,1
6699,6,1,SKU-07,9,1,2025-11-23,2025-12-08,11,1
6700,1,3,SKU-09,9,1,2025-11-23,2025-12-10,13,1
6701,4,1,SKU-01,9,1,2025-11-23,2025-12-10,13,1
6702,4,2,SKU-15,9,1,2025-11-23,2025-12-03,8,0
6703,5,1,SKU-14,9,1,2025-11-23,2025-12-09,12,1
6704,4,1,SKU-14,9,1,2025-11-23,2025-12-12,15,1
6705,5,3,SKU-08,9,1,2025-11-23,2025-12-12,15,1
6706,1,3,SKU-08,9,1,2025-11-23,2025-12-08,11,1
6707,2,3,SKU-07,9,1,2025-11-23,2025-12-12,15,1
6708,3,2,SKU-06,9,1,2025-11-23,2025-12-03,8,0
6709,4,1,SKU-10,9,1,2025-11-23,2025-12-09,12,1
6710,4,2,SKU-01,9,1,2025-11-23,2025-12-16,17,1
6711,2,1,SKU-13,9,1,2025-11-23,2025-12-03,8,0
6712,6,2,SKU-13,9,1,2025-11-23,2025-12-11,14,1
6713,5,1,SKU-02,9,1,2025-11-23,2025-12-08,11,1
6714,3,2,SKU-02,9,1,2025-11-23,2025-12-01,6,0
6715,6,2,SKU-11,9,1,2025-11-23,2025-12-19,20,1
6716,1,2,SKU-06,9,1,2025-11-23,2025-12-10,13,1
6717,2,2,SKU-09,9,1,2025-11-23,2025-12-17,18,1
6718,6,1,SKU-08,9,1,2025-11-23,2025-12-10,13,1
6719,5,3,SKU-04,9,1,2025-11-23,2025-12-11,14,1
6720,1,2,SKU-01,9,1,2025-11-23,2025-12-10,13,1
6721,2,3,SKU-02,9,1,2025-11-23,2025-12-18,19,1
6722,1,2,SKU-11,9,1,2025-11-23,2025-12-15,16,1
6723,1,1,SKU-03,9,1,2025-11-23,2025-12-15,16,1
6724,3,2,SKU-05,9,1,2025-11-23,2025-12-12,15,1
6725,2,2,SKU-04,9,1,2025-11-23,2025-12-16,17,1
6726,3,1,SKU-11,9,1,2025-11-23,2025-12-15,16,1
6727,4,2,SKU-03,9,1,2025-11-23,2025-12-01,6,0
6728,5,2,SKU-05,9,1,2025-11-23,2025-12-10,13,1
6729,4,2,SKU-07,9,1,2025-11-23,2025-12-02,7,0
6730,2,3,SKU-06,9,1,2025-11-23,2025-12-12,15,1
6731,3,1,SKU-02,9,1,2025-11-23,2025-12-05,10,0
6732,3,1,SKU-04,9,1,2025-11-23,2025-12-15,16,1
6733,5,2,SKU-12,9,1,2025-11-23,2025-12-10,13,1
6734,2,1,SKU-07,9,1,2025-11-23,2025-12-15,16,1
6735,6,3,SKU-02,9,1,2025-11-23,2025-12-11,14,1
6736,1,1,SKU-14,9,1,2025-11-23,2025-12-12,15,1
6737,4,1,SKU-02,9,1,2025-11-23,2025-12-22,21,1
6738,5,3,SKU-10,9,1,2025-11-23,2025-12-22,21,1
6739,5,1,SKU-13,9,1,2025-11-23,2025-12-08,11,1
6740,5,1,SKU-03,9,1,2025-11-23,2025-12-11,14,1
6741,3,1,SKU-11,9,1,2025-11-23,2025-12-04,9,0
6742,5,2,SKU-08,9,1,2025-11-23,2025-12-01,6,0
6743,5,3,SKU-08,9,1,2025-11-23,2025-12-08,11,1
6744,6,3,SKU-14,9,1,2025-11-23,2025-12-11,14,1
6745,3,2,SKU-02,9,1,2025-11-23,2025-12-11,14,1
6746,5,3,SKU-15,9,1,2025-11-23,2025-12-12,15,1
6747,5,1,SKU-07,9,1,2025-11-23,2025-12-03,8,0
6748,4,2,SKU-03,9,1,2025-11-23,2025-12-10,13,1
6749,2,1,SKU-07,9,1,2025-11-23,2025-12-12,15,1
6750,5,1,SKU-04,9,1,2025-11-23,2025-12-11,14,1
6751,4,2,SKU-14,9,1,2025-11-23,2025-12-17,18,1
6752,6,2,SKU-08,9,1,2025-11-23,2025-12-12,15,1
6753,6,3,SKU-14,9,1,2025-11-23,2025-12-08,11,1
6754,5,3,SKU-06,9,1,2025-11-23,2025-12-17,18,1
6755,1,3,SKU-06,9,1,2025-11-23,2025-12-05,10,0
6756,5,1,SKU-04,9,1,2025-11-23,2025-12-09,12,1
6757,3,3,SKU-09,9,1,2025-11-23,2025-12-12,15,1
6758,2,3,SKU-03,9,1,2025-11-23,2025-12-11,14,1
6759,1,2,SKU-15,9,1,2025-11-23,2025-12-15,16,1
6760,6,2,SKU-08,9,1,2025-11-23,2025-12-18,19,1
6761,5,2,SKU-09,9,1,2025-11-23,2025-12-05,10,0
6762,4,2,SKU-13,9,1,2025-11-23,2025-12-12,15,1
6763,1,1,SKU-01,9,1,2025-11-23,2025-12-15,16,1
6764,4,1,SKU-08,9,1,2025-11-23,2025-12-04,9,0
6765,1,2,SKU-11,9,1,2025-11-23,2025-12-17,18,1
6766,6,2,SKU-08,9,1,2025-11-23,2025-12-08,11,1
6767,3,1,SKU-13,9,1,2025-11-23,2025-12-05,10,0
6768,6,3,SKU-09,9,1,2025-11-23,2025-12-09,12,1
6769,6,1,SKU-06,9,1,2025-11-23,2025-12-12,15,1
6770,5,3,SKU-11,9,1,2025-11-23,2025-12-02,7,0
6771,6,2,SKU-03,9,1,2025-11-23,2025-12-11,14,1
6772,3,3,SKU-01,9,1,2025-11-23,2025-12-11,14,1
6773,4,2,SKU-06,9,1,2025-11-23,2025-12-15,16,1
6774,6,2,SKU-01,9,1,2025-11-23,2025-12-15,16,1
6775,4,3,SKU-14,9,1,2025-11-23,2025-12-12,15,1
6776,5,3,SKU-09,9,1,2025-11-23,2025-12-05,10,0
6777,2,2,SKU-04,9,1,2025-11-23,2025-12-17,18,1
6778,1,3,SKU-03,9,1,2025-11-23,2025-12-17,18,1
6779,4,2,SKU-06,9,1,2025-11-23,2025-12-16,17,1
6780,6,3,SKU-02,9,1,2025-11-23,2025-12-15,16,1
6781,6,1,SKU-08,9,1,2025-11-23,2025-12-11,14,1
6782,3,2,SKU-01,9,1,2025-11-23,2025-12-22,21,1
6783,6,3,SKU-04,9,1,2025-11-23,2025-12-15,16,1
6784,4,3,SKU-14,9,1,2025-11-23,2025-12-12,15,1
6785,6,2,SKU-10,9,1,2025-11-23,2025-12-16,17,1
6786,1,3,SKU-15,9,1,2025-11-23,2025-12-03,8,0
6787,2,2,SKU-12,9,1,2025-11-23,2025-12-09,12,1
6788,2,1,SKU-14,9,1,2025-11-23,2025-12-04,9,0
6789,4,2,SKU-03,9,1,2025-11-23,2025-12-08,11,1
6790,6,1,SKU-04,9,1,2025-11-23,2025-12-09,12,1
6791,4,2,SKU-08,9,1,2025-11-23,2025-12-16,17,1
6792,4,1,SKU-12,9,1,2025-11-23,2025-12-12,15,1
6793,1,3,SKU-01,9,1,2025-11-23,2025-12-11,14,1
6794,4,2,SKU-14,9,1,2025-11-23,2025-12-12,15,1
6795,4,3,SKU-11,9,1,2025-11-23,2025-12-12,15,1
6796,2,1,SKU-03,9,1,2025-11-23,2025-12-17,18,1
6797,5,2,SKU-06,9,1,2025-11-23,2025-12-03,8,0
6798,2,2,SKU-04,9,1,2025-11-23,2025-12-09,12,1
6799,2,1,SKU-14,9,1,2025-11-23,2025-12-10,13,1
6800,6,2,SKU-02,9,1,2025-11-23,2025-12-10,13,1
6801,1,1,SKU-12,9,1,2025-11-23,2025-12-05,10,0
6802,2,2,SKU-02,9,1,2025-11-23,2025-12-19,20,1
6803,2,3,SKU-01,9,1,2025-11-23,2025-12-15,16,1
6804,5,3,SKU-03,9,1,2025-11-23,2025-12-10,13,1
6805,4,3,SKU-12,9,1,2025-11-23,2025-12-15,16,1
6806,5,2,SKU-11,9,1,2025-11-23,2025-12-04,9,0
6807,4,3,SKU-15,9,1,2025-11-23,2025-12-10,13,1
6808,5,3,SKU-15,9,1,2025-11-23,2025-12-05,10,0
6809,1,1,SKU-05,9,1,2025-11-23,2025-12-11,14,1
6810,5,2,SKU-04,9,1,2025-11-23,2025-12-10,13,1
6811,4,3,SKU-15,9,1,2025-11-23,2025-12-10,13,1
6812,4,1,SKU-06,9,1,2025-11-23,2025-12-12,15,1
6813,2,2,SKU-13,9,1,2025-11-23,2025-12-11,14,1
6814,2,3,SKU-14,9,1,2025-11-23,2025-12-10,13,1
6815,5,1,SKU-07,9,1,2025-11-23,2025-12-08,11,1
6816,3,3,SKU-12,10,1,2025-11-24,2025-12-16,16,1
6817,2,1,SKU-15,10,1,2025-11-24,2025-12-12,14,1
6818,2,3,SKU-02,10,1,2025-11-24,2025-12-12,14,1
6819,4,3,SKU-05,10,1,2025-11-24,2025-12-11,13,1
6820,6,2,SKU-02,10,1,2025-11-24,2025-12-10,12,1
6821,6,2,SKU-09,10,1,2025-11-24,2025-12-16,16,1
6822,6,3,SKU-06,10,1,2025-11-24,2025-12-10,12,1
6823,2,3,SKU-07,10,1,2025-11-24,2025-12-17,17,1
6824,1,3,SKU-07,10,1,2025-11-24,2025-12-18,18,1
6825,2,3,SKU-02,10,1,2025-11-24,2025-12-10,12,1
6826,3,1,SKU-05,10,1,2025-11-24,2025-12-16,16,1
6827,5,2,SKU-11,10,1,2025-11-24,2025-12-08,10,0
6828,2,3,SKU-11,10,1,2025-11-24,2025-12-08,10,0
6829,1,3,SKU-02,10,1,2025-11-24,2025-12-17,17,1
6830,3,3,SKU-10,10,1,2025-11-24,2025-12-12,14,1
6831,6,2,SKU-01,10,1,2025-11-24,2025-12-12,14,1
6832,5,2,SKU-06,10,1,2025-11-24,2025-12-11,13,1
6833,2,1,SKU-11,10,1,2025-11-24,2025-12-12,14,1
6834,3,2,SKU-10,10,1,2025-11-24,2025-12-05,9,0
6835,4,1,SKU-15,10,1,2025-11-24,2025-12-09,11,1
6836,5,2,SKU-10,10,1,2025-11-24,2025-12-12,14,1
6837,2,3,SKU-08,10,1,2025-11-24,2025-12-15,15,1
6838,6,3,SKU-13,10,1,2025-11-24,2025-12-10,12,1
6839,1,2,SKU-03,10,1,2025-11-24,2025-12-16,16,1
6840,1,2,SKU-14,10,1,2025-11-24,2025-12-10,12,1
6841,4,1,SKU-15,10,1,2025-11-24,2025-12-17,17,1
6842,2,1,SKU-14,10,1,2025-11-24,2025-12-10,12,1
6843,1,2,SKU-05,10,1,2025-11-24,2025-12-10,12,1
6844,1,3,SKU-01,10,1,2025-11-24,2025-12-18,18,1
6845,4,1,SKU-02,10,1,2025-11-24,2025-12-11,13,1
6846,6,3,SKU-10,10,1,2025-11-24,2025-12-12,14,1
6847,6,2,SKU-12,10,1,2025-11-24,2025-12-19,19,1
6848,3,3,SKU-11,10,1,2025-11-24,2025-12-10,12,1
6849,3,2,SKU-13,10,1,2025-11-24,2025-12-03,7,0
6850,5,2,SKU-11,10,1,2025-11-24,2025-12-16,16,1
6851,2,2,SKU-05,10,1,2025-11-24,2025-12-15,15,1
6852,2,2,SKU-11,10,1,2025-11-24,2025-12-16,16,1
6853,6,3,SKU-03,10,1,2025-11-24,2025-12-04,8,0
6854,2,1,SKU-11,10,1,2025-11-24,2025-12-11,13,1
6855,6,3,SKU-05,10,1,2025-11-24,2025-12-12,14,1
6856,3,1,SKU-13,10,1,2025-11-24,2025-12-09,11,1
6857,1,2,SKU-10,10,1,2025-11-24,2025-12-09,11,1
6858,4,1,SKU-11,10,1,2025-11-24,2025-12-11,13,1
6859,2,3,SKU-09,10,1,2025-11-24,2025-12-15,15,1
6860,6,2,SKU-09,10,1,2025-11-24,2025-12-17,17,1
6861,5,1,SKU-02,10,1,2025-11-24,2025-12-11,13,1
6862,3,3,SKU-09,10,1,2025-11-24,2025-12-10,12,1
6863,1,1,SKU-13,10,1,2025-11-24,2025-12-11,13,1
6864,3,1,SKU-01,10,1,2025-11-24,2025-12-12,14,1
6865,2,2,SKU-02,10,1,2025-11-24,2025-12-15,15,1
6866,4,3,SKU-06,10,1,2025-11-24,2025-12-12,14,1
6867,4,2,SKU-01,10,1,2025-11-24,2025-12-18,18,1
6868,4,3,SKU-02,10,1,2025-11-24,2025-12-15,15,1
6869,2,3,SKU-06,10,1,2025-11-24,2025-12-12,14,1
6870,3,1,SKU-09,10,1,2025-11-24,2025-12-10,12,1
6871,3,3,SKU-06,10,1,2025-11-24,2025-12-09,11,1
6872,5,2,SKU-10,10,1,2025-11-24,2025-12-19,19,1
6873,6,1,SKU-07,10,1,2025-11-24,2025-12-09,11,1
6874,1,2,SKU-01,10,1,2025-11-24,2025-12-10,12,1
6875,1,3,SKU-06,10,1,2025-11-24,2025-12-05,9,0
6876,2,3,SKU-05,10,1,2025-11-24,2025-12-05,9,0
6877,1,3,SKU-06,10,1,2025-11-24,2025-12-15,15,1
6878,5,2,SKU-06,10,1,2025-11-24,2025-12-11,13,1
6879,3,2,SKU-09,10,1,2025-11-24,2025-12-09,11,1
6880,4,3,SKU-13,10,1,2025-11-24,2025-12-11,13,1
6881,6,3,SKU-12,10,1,2025-11-24,2025-12-12,14,1
6882,3,3,SKU-11,10,1,2025-11-24,2025-12-09,11,1
6883,6,3,SKU-04,10,1,2025-11-24,2025-12-05,9,0
6884,1,1,SKU-08,10,1,2025-11-24,2025-12-11,13,1
6885,6,2,SKU-15,10,1,2025-11-24,2025-12-12,14,1
6886,1,3,SKU-07,10,1,2025-11-24,2025-12-19,19,1
6887,1,1,SKU-01,10,1,2025-11-24,2025-12-09,11,1
6888,1,3,SKU-11,10,1,2025-11-24,2025-12-12,14,1
6889,5,3,SKU-14,10,1,2025-11-24,2025-12-08,10,0
6890,4,1,SKU-15,10,1,2025-11-24,2025-12-11,13,1
6891,2,3,SKU-08,10,1,2025-11-24,2025-12-16,16,1
6892,1,1,SKU-10,10,1,2025-11-24,2025-12-11,13,1
6893,3,3,SKU-14,10,1,2025-11-24,2025-12-10,12,1
6894,6,2,SKU-10,10,1,2025-11-24,2025-12-11,13,1
6895,1,2,SKU-05,10,1,2025-11-24,2025-12-09,11,1
6896,3,3,SKU-01,10,1,2025-11-24,2025-12-15,15,1
6897,1,2,SKU-15,10,1,2025-11-24,2025-12-11,13,1
6898,1,3,SKU-07,10,1,2025-11-24,2025-12-08,10,0
6899,3,1,SKU-10,10,1,2025-11-24,2025-12-09,11,1
6900,4,2,SKU-11,10,1,2025-11-24,2025-12-11,13,1
6901,1,3,SKU-09,10,1,2025-11-24,2025-12-10,12,1
6902,1,1,SKU-11,10,1,2025-11-24,2025-12-15,15,1
6903,3,2,SKU-01,10,1,2025-11-24,2025-12-16,16,1
6904,6,2,SKU-03,10,1,2025-11-24,2025-12-18,18,1
6905,2,3,SKU-12,10,1,2025-11-24,2025-12-15,15,1
6906,5,3,SKU-01,10,1,2025-11-24,2025-12-16,16,1
6907,3,1,SKU-05,10,1,2025-11-24,2025-12-11,13,1
6908,6,2,SKU-09,10,1,2025-11-24,2025-12-08,10,0
6909,6,2,SKU-09,10,1,2025-11-24,2025-12-02,6,0
6910,1,3,SKU-01,10,1,2025-11-24,2025-12-11,13,1
6911,3,1,SKU-04,10,1,2025-11-24,2025-12-05,9,0
6912,6,3,SKU-06,10,1,2025-11-24,2025-12-12,14,1
6913,3,2,SKU-02,10,1,2025-11-24,2025-12-17,17,1
6914,6,2,SKU-10,10,1,2025-11-24,2025-12-12,14,1
6915,6,2,SKU-08,10,1,2025-11-24,2025-12-08,10,0
6916,3,1,SKU-02,10,1,2025-11-24,2025-12-03,7,0
6917,2,1,SKU-08,10,1,2025-11-24,2025-12-15,15,1
6918,5,2,SKU-03,10,1,2025-11-24,2025-12-09,11,1
6919,1,2,SKU-09,10,1,2025-11-24,2025-12-17,17,1
6920,5,2,SKU-10,10,1,2025-11-24,2025-12-09,11,1
6921,5,3,SKU-04,10,1,2025-11-24,2025-12-08,10,0
6922,3,1,SKU-10,10,1,2025-11-24,2025-12-03,7,0
6923,3,2,SKU-02,10,1,2025-11-24,2025-12-10,12,1
6924,1,1,SKU-01,10,1,2025-11-24,2025-12-17,17,1
6925,4,2,SKU-11,10,1,2025-11-24,2025-12-08,10,0
6926,4,3,SKU-08,10,1,2025-11-24,2025-12-11,13,1
6927,3,3,SKU-04,10,1,2025-11-24,2025-12-05,9,0
6928,1,2,SKU-05,10,1,2025-11-24,2025-12-04,8,0
6929,1,2,SKU-06,10,1,2025-11-24,2025-12-04,8,0
6930,4,2,SKU-02,10,1,2025-11-24,2025-12-10,12,1
6931,4,2,SKU-03,10,1,2025-11-24,2025-12-12,14,1
6932,1,2,SKU-06,10,1,2025-11-24,2025-12-02,6,0
6933,5,3,SKU-03,10,1,2025-11-24,2025-12-05,9,0
6934,4,3,SKU-03,10,1,2025-11-24,2025-12-17,17,1
6935,2,2,SKU-01,10,1,2025-11-24,2025-12-10,12,1
6936,6,2,SKU-14,10,1,2025-11-24,2025-12-08,10,0
6937,2,2,SKU-08,10,1,2025-11-24,2025-12-18,18,1
6938,6,2,SKU-10,10,1,2025-11-24,2025-12-12,14,1
6939,6,3,SKU-10,10,1,2025-11-24,2025-12-10,12,1
6940,1,3,SKU-07,10,1,2025-11-24,2025-12-04,8,0
6941,3,3,SKU-01,10,1,2025-11-24,2025-12-11,13,1
6942,4,3,SKU-14,10,1,2025-11-24,2025-12-10,12,1
6943,1,1,SKU-13,10,1,2025-11-24,2025-12-05,9,0
6944,3,2,SKU-10,10,1,2025-11-24,2025-12-09,11,1
6945,4,3,SKU-13,10,1,2025-11-24,2025-12-16,16,1
6946,5,1,SKU-09,10,1,2025-11-24,2025-12-16,16,1
6947,5,2,SKU-13,10,1,2025-11-24,2025-12-15,15,1
6948,3,1,SKU-15,10,1,2025-11-24,2025-12-16,16,1
6949,2,3,SKU-04,10,1,2025-11-24,2025-12-08,10,0
6950,4,3,SKU-03,10,1,2025-11-24,2025-12-10,12,1
6951,3,2,SKU-10,10,1,2025-11-24,2025-12-02,6,0
6952,2,3,SKU-01,10,1,2025-11-24,2025-12-10,12,1
6953,1,3,SKU-15,10,1,2025-11-24,2025-12-15,15,1
6954,5,3,SKU-06,10,1,2025-11-24,2025-12-09,11,1
6955,1,3,SKU-03,10,1,2025-11-24,2025-12-18,18,1
6956,6,3,SKU-15,10,1,2025-11-24,2025-12-10,12,1
6957,4,3,SKU-15,10,1,2025-11-24,2025-12-16,16,1
6958,6,3,SKU-14,10,1,2025-11-24,2025-12-10,12,1
6959,1,3,SKU-01,10,1,2025-11-24,2025-12-16,16,1
6960,2,3,SKU-13,10,1,2025-11-24,2025-12-08,10,0
6961,1,3,SKU-06,10,1,2025-11-24,2025-12-12,14,1
6962,2,1,SKU-04,10,1,2025-11-24,2025-12-15,15,1
6963,2,2,SKU-05,10,1,2025-11-24,2025-12-09,11,1
6964,3,2,SKU-01,10,1,2025-11-24,2025-12-17,17,1
6965,1,1,SKU-02,10,1,2025-11-24,2025-12-05,9,0
6966,4,3,SKU-02,10,1,2025-11-24,2025-12-16,16,1
6967,2,3,SKU-11,10,1,2025-11-24,2025-12-15,15,1
6968,3,3,SKU-13,10,1,2025-11-24,2025-12-10,12,1
6969,3,1,SKU-14,10,1,2025-11-24,2025-12-18,18,1
6970,1,3,SKU-07,10,1,2025-11-24,2025-12-03,7,0
6971,4,3,SKU-01,10,1,2025-11-24,2025-12-17,17,1
6972,6,3,SKU-01,10,1,2025-11-24,2025-12-12,14,1
6973,6,3,SKU-02,10,1,2025-11-24,2025-12-10,12,1
6974,1,3,SKU-03,10,1,2025-11-24,2025-12-15,15,1
6975,1,3,SKU-11,10,1,2025-11-24,2025-12-17,17,1
6976,3,1,SKU-09,10,1,2025-11-24,2025-12-11,13,1
6977,5,1,SKU-14,10,1,2025-11-24,2025-12-12,14,1
6978,3,3,SKU-15,10,1,2025-11-24,2025-12-17,17,1
6979,1,3,SKU-09,10,1,2025-11-24,2025-12-12,14,1
6980,5,2,SKU-01,10,1,2025-11-24,2025-12-08,10,0
6981,5,2,SKU-08,10,1,2025-11-24,2025-12-17,17,1
6982,5,2,SKU-13,10,1,2025-11-24,2025-12-16,16,1
6983,2,1,SKU-06,10,1,2025-11-24,2025-12-15,15,1
6984,6,1,SKU-01,10,1,2025-11-24,2025-12-02,6,0
6985,6,1,SKU-05,10,1,2025-11-24,2025-12-12,14,1
6986,3,1,SKU-07,10,1,2025-11-24,2025-12-05,9,0
6987,2,3,SKU-04,10,1,2025-11-24,2025-12-12,14,1
6988,2,1,SKU-05,10,1,2025-11-24,2025-12-10,12,1
6989,6,1,SKU-01,10,1,2025-11-24,2025-12-17,17,1
6990,1,3,SKU-11,10,1,2025-11-24,2025-12-19,19,1
6991,2,1,SKU-09,10,1,2025-11-24,2025-12-12,14,1
6992,4,3,SKU-04,10,1,2025-11-24,2025-12-15,15,1
6993,2,3,SKU-15,10,1,2025-11-24,2025-12-18,18,1
6994,5,1,SKU-08,10,1,2025-11-24,2025-12-08,10,0
6995,2,1,SKU-05,10,1,2025-11-24,2025-12-08,10,0
6996,3,3,SKU-07,10,1,2025-11-24,2025-12-09,11,1
6997,1,2,SKU-11,10,1,2025-11-24,2025-12-05,9,0
6998,4,2,SKU-06,10,1,2025-11-24,2025-12-11,13,1
6999,5,1,SKU-12,10,1,2025-11-24,2025-12-09,11,1
7000,1,1,SKU-15,10,1,2025-11-24,2025-12-18,18,1
7001,2,2,SKU-01,10,1,2025-11-24,2025-12-12,14,1
7002,2,3,SKU-03,10,1,2025-11-24,2025-12-08,10,0
7003,2,1,SKU-12,10,1,2025-11-24,2025-12-05,9,0
7004,1,2,SKU-15,10,1,2025-11-24,2025-12-10,12,1
7005,1,1,SKU-09,10,1,2025-11-24,2025-12-15,15,1
7006,5,1,SKU-11,10,1,2025-11-24,2025-12-08,10,0
7007,6,3,SKU-04,10,1,2025-11-24,2025-12-11,13,1
7008,4,3,SKU-15,10,1,2025-11-24,2025-12-08,10,0
7009,4,2,SKU-15,10,1,2025-11-24,2025-12-03,7,0
7010,4,3,SKU-07,10,1,2025-11-24,2025-12-24,22,1
7011,2,2,SKU-12,10,1,2025-11-24,2025-12-08,10,0
7012,2,1,SKU-03,10,1,2025-11-24,2025-12-17,17,1
7013,2,3,SKU-01,10,1,2025-11-24,2025-12-05,9,0
7014,5,1,SKU-15,10,1,2025-11-24,2025-12-15,15,1
7015,5,2,SKU-09,10,1,2025-11-24,2025-12-02,6,0
7016,1,2,SKU-09,10,1,2025-11-24,2025-12-17,17,1
7017,5,3,SKU-12,10,1,2025-11-24,2025-12-08,10,0
7018,5,3,SKU-08,10,1,2025-11-24,2025-12-05,9,0
7019,5,2,SKU-08,10,1,2025-11-24,2025-12-08,10,0
7020,1,3,SKU-06,10,1,2025-11-24,2025-12-10,12,1
7021,4,1,SKU-05,10,1,2025-11-24,2025-12-12,14,1
7022,5,3,SKU-04,10,1,2025-11-24,2025-12-09,11,1
7023,5,1,SKU-13,10,1,2025-11-24,2025-12-16,16,1
7024,5,1,SKU-07,10,1,2025-11-24,2025-12-22,20,1
7025,3,3,SKU-08,10,1,2025-11-24,2025-12-15,15,1
7026,4,3,SKU-10,10,1,2025-11-24,2025-12-22,20,1
7027,6,1,SKU-13,10,1,2025-11-24,2025-12-03,7,0
7028,5,2,SKU-10,10,1,2025-11-24,2025-12-22,20,1
7029,5,3,SKU-15,10,1,2025-11-24,2025-12-15,15,1
7030,6,1,SKU-04,10,1,2025-11-24,2025-12-08,10,0
7031,4,1,SKU-06,10,1,2025-11-24,2025-12-17,17,1
7032,2,1,SKU-10,10,1,2025-11-24,2025-12-18,18,1
7033,3,3,SKU-13,10,1,2025-11-24,2025-12-12,14,1
7034,2,2,SKU-11,10,1,2025-11-24,2025-12-10,12,1
7035,5,2,SKU-05,10,1,2025-11-24,2025-12-08,10,0
7036,1,1,SKU-11,10,1,2025-11-24,2025-12-03,7,0
7037,6,3,SKU-06,10,1,2025-11-24,2025-12-10,12,1
7038,5,1,SKU-03,10,1,2025-11-24,2025-12-11,13,1
7039,3,3,SKU-07,10,1,2025-11-24,2025-12-11,13,1
7040,2,1,SKU-07,10,1,2025-11-24,2025-12-03,7,0
7041,6,3,SKU-09,10,1,2025-11-24,2025-12-04,8,0
7042,2,3,SKU-04,10,1,2025-11-24,2025-12-09,11,1
7043,4,2,SKU-09,10,1,2025-11-24,2025-12-10,12,1
7044,5,3,SKU-06,10,1,2025-11-24,2025-12-10,12,1
7045,5,1,SKU-12,10,1,2025-11-24,2025-12-10,12,1
7046,4,2,SKU-01,10,1,2025-11-24,2025-12-09,11,1
7047,2,2,SKU-10,10,1,2025-11-24,2025-12-05,9,0
7048,6,3,SKU-03,10,1,2025-11-24,2025-12-12,14,1
7049,3,1,SKU-14,10,1,2025-11-24,2025-12-04,8,0
7050,4,2,SKU-01,10,1,2025-11-24,2025-12-04,8,0
7051,4,3,SKU-12,10,1,2025-11-24,2025-12-19,19,1
7052,4,1,SKU-11,10,1,2025-11-24,2025-12-19,19,1
7053,4,2,SKU-13,10,1,2025-11-24,2025-12-03,7,0
7054,1,2,SKU-12,10,1,2025-11-24,2025-12-11,13,1
7055,3,2,SKU-04,10,1,2025-11-24,2025-12-15,15,1
7056,1,3,SKU-15,10,1,2025-11-24,2025-12-08,10,0
7057,4,1,SKU-13,10,1,2025-11-24,2025-12-08,10,0
7058,2,1,SKU-09,10,1,2025-11-24,2025-12-09,11,1
7059,4,3,SKU-04,10,1,2025-11-24,2025-12-19,19,1
7060,5,3,SKU-10,10,1,2025-11-24,2025-12-04,8,0
7061,5,3,SKU-07,10,1,2025-11-24,2025-12-10,12,1
7062,4,2,SKU-03,10,1,2025-11-24,2025-12-17,17,1
7063,1,3,SKU-02,10,1,2025-11-24,2025-12-11,13,1
7064,4,1,SKU-08,10,1,2025-11-24,2025-12-08,10,0
7065,6,3,SKU-13,10,1,2025-11-24,2025-12-05,9,0
7066,1,3,SKU-03,10,1,2025-11-24,2025-12-12,14,1
7067,5,3,SKU-14,10,1,2025-11-24,2025-12-17,17,1
7068,1,1,SKU-06,10,1,2025-11-24,2025-12-16,16,1
7069,6,2,SKU-12,10,1,2025-11-24,2025-12-12,14,1
7070,1,2,SKU-09,10,1,2025-11-24,2025-12-04,8,0
7071,5,2,SKU-02,10,1,2025-11-24,2025-12-11,13,1
7072,3,2,SKU-10,10,1,2025-11-24,2025-12-15,15,1
7073,4,1,SKU-11,10,1,2025-11-24,2025-12-17,17,1
7074,1,1,SKU-14,10,1,2025-11-24,2025-12-18,18,1
7075,5,3,SKU-09,10,1,2025-11-24,2025-12-16,16,1
7076,5,3,SKU-12,10,1,2025-11-24,2025-12-09,11,1
7077,4,1,SKU-09,10,1,2025-11-24,2025-12-10,12,1
7078,5,2,SKU-05,10,1,2025-11-24,2025-12-11,13,1
7079,1,3,SKU-14,10,1,2025-11-24,2025-12-05,9,0
7080,5,2,SKU-15,10,1,2025-11-24,2025-12-08,10,0
7081,1,3,SKU-10,10,1,2025-11-24,2025-12-16,16,1
7082,5,1,SKU-02,10,1,2025-11-24,2025-12-10,12,1
7083,5,2,SKU-10,10,1,2025-11-24,2025-12-16,16,1
7084,3,3,SKU-04,10,1,2025-11-24,2025-12-12,14,1
7085,5,3,SKU-09,10,1,2025-11-24,2025-12-17,17,1
7086,6,1,SKU-12,10,1,2025-11-24,2025-12-05,9,0
7087,5,1,SKU-14,10,1,2025-11-24,2025-12-02,6,0
7088,5,1,SKU-10,10,1,2025-11-24,2025-12-17,17,1
7089,1,1,SKU-03,10,1,2025-11-24,2025-12-09,11,1
7090,6,2,SKU-02,10,1,2025-11-24,2025-12-08,10,0
7091,4,3,SKU-14,10,1,2025-11-24,2025-12-04,8,0
7092,5,3,SKU-02,10,1,2025-11-24,2025-12-08,10,0
7093,2,2,SKU-06,10,1,2025-11-24,2025-12-08,10,0
7094,4,1,SKU-01,10,1,2025-11-24,2025-12-10,12,1
7095,4,2,SKU-07,10,1,2025-11-24,2025-12-12,14,1
7096,4,1,SKU-07,10,1,2025-11-24,2025-12-02,6,0
7097,5,2,SKU-11,10,1,2025-11-24,2025-12-02,6,0
7098,5,2,SKU-07,10,1,2025-11-24,2025-12-08,10,0
7099,3,2,SKU-08,10,1,2025-11-24,2025-12-11,13,1
7100,3,1,SKU-12,10,1,2025-11-24,2025-12-16,16,1
7101,4,3,SKU-07,10,1,2025-11-24,2025-12-11,13,1
7102,3,1,SKU-14,10,1,2025-11-24,2025-12-11,13,1
7103,4,3,SKU-15,10,1,2025-11-24,2025-12-17,17,1
7104,1,1,SKU-07,10,1,2025-11-24,2025-12-17,17,1
7105,6,2,SKU-10,10,1,2025-11-24,2025-12-11,13,1
7106,1,2,SKU-05,10,1,2025-11-24,2025-12-09,11,1
7107,2,2,SKU-06,10,1,2025-11-24,2025-12-11,13,1
7108,3,3,SKU-08,10,1,2025-11-24,2025-12-09,11,1
7109,6,2,SKU-03,10,1,2025-11-24,2025-12-11,13,1
7110,4,1,SKU-09,10,1,2025-11-24,2025-12-11,13,1
7111,1,3,SKU-07,10,1,2025-11-24,2025-12-12,14,1
7112,4,2,SKU-10,10,1,2025-11-24,2025-12-09,11,1
7113,6,1,SKU-02,10,1,2025-11-24,2025-12-12,14,1
7114,6,1,SKU-11,10,1,2025-11-24,2025-12-10,12,1
7115,3,3,SKU-05,10,1,2025-11-24,2025-12-19,19,1
7116,1,2,SKU-04,10,1,2025-11-24,2025-12-17,17,1
7117,2,2,SKU-10,10,1,2025-11-24,2025-12-12,14,1
7118,2,2,SKU-10,10,1,2025-11-24,2025-12-17,17,1
7119,3,3,SKU-07,10,1,2025-11-24,2025-12-11,13,1
7120,3,1,SKU-15,10,1,2025-11-24,2025-12-16,16,1
7121,4,3,SKU-02,10,1,2025-11-24,2025-12-16,16,1
7122,3,1,SKU-15,10,1,2025-11-24,2025-12-17,17,1
7123,5,2,SKU-02,10,1,2025-11-24,2025-12-18,18,1
7124,2,3,SKU-06,10,1,2025-11-24,2025-12-09,11,1
7125,5,2,SKU-14,10,1,2025-11-24,2025-12-04,8,0
7126,6,1,SKU-06,10,1,2025-11-24,2025-12-09,11,1
7127,5,3,SKU-08,10,1,2025-11-24,2025-12-10,12,1
7128,4,1,SKU-03,10,1,2025-11-24,2025-12-15,15,1
7129,5,3,SKU-05,10,1,2025-11-24,2025-12-18,18,1
7130,1,1,SKU-09,10,1,2025-11-24,2025-12-08,10,0
7131,6,1,SKU-07,10,1,2025-11-24,2025-12-22,20,1
7132,4,3,SKU-03,10,1,2025-11-24,2025-12-12,14,1
7133,1,3,SKU-12,10,1,2025-11-24,2025-12-15,15,1
7134,6,2,SKU-11,10,1,2025-11-24,2025-12-08,10,0
7135,3,2,SKU-14,10,1,2025-11-24,2025-12-09,11,1
7136,6,1,SKU-06,10,1,2025-11-24,2025-12-10,12,1
7137,2,1,SKU-04,10,1,2025-11-24,2025-12-10,12,1
7138,1,1,SKU-15,10,1,2025-11-24,2025-12-12,14,1
7139,1,2,SKU-05,10,1,2025-11-24,2025-12-10,12,1
7140,6,1,SKU-04,10,1,2025-11-24,2025-12-18,18,1
7141,4,2,SKU-05,10,1,2025-11-24,2025-12-03,7,0
7142,6,3,SKU-14,10,1,2025-11-24,2025-12-09,11,1
7143,1,2,SKU-06,10,1,2025-11-24,2025-12-09,11,1
7144,2,3,SKU-08,10,1,2025-11-24,2025-12-16,16,1
7145,5,3,SKU-15,10,1,2025-11-24,2025-12-12,14,1
7146,5,1,SKU-14,10,1,2025-11-24,2025-12-12,14,1
7147,3,1,SKU-08,10,1,2025-11-24,2025-12-09,11,1
7148,6,2,SKU-08,10,1,2025-11-24,2025-12-12,14,1
7149,6,1,SKU-08,10,1,2025-11-24,2025-12-04,8,0
7150,2,3,SKU-06,10,1,2025-11-24,2025-12-10,12,1
7151,2,3,SKU-14,10,1,2025-11-24,2025-12-12,14,1
7152,5,3,SKU-04,10,1,2025-11-24,2025-12-09,11,1
7153,2,3,SKU-02,10,1,2025-11-24,2025-12-05,9,0
7154,5,3,SKU-04,10,1,2025-11-24,2025-12-11,13,1
7155,5,2,SKU-12,10,1,2025-11-24,2025-12-11,13,1
7156,2,2,SKU-13,10,1,2025-11-24,2025-12-09,11,1
7157,2,2,SKU-03,10,1,2025-11-24,2025-12-11,13,1
7158,6,2,SKU-11,10,1,2025-11-24,2025-12-10,12,1
7159,5,1,SKU-14,10,1,2025-11-24,2025-12-17,17,1
7160,6,2,SKU-15,10,1,2025-11-24,2025-12-15,15,1
7161,1,3,SKU-11,10,1,2025-11-24,2025-12-12,14,1
7162,4,1,SKU-11,10,1,2025-11-24,2025-12-11,13,1
7163,4,3,SKU-14,10,1,2025-11-24,2025-12-22,20,1
7164,4,2,SKU-06,10,1,2025-11-24,2025-12-16,16,1
7165,1,3,SKU-15,10,1,2025-11-24,2025-12-18,18,1
7166,4,1,SKU-12,10,1,2025-11-24,2025-12-18,18,1
7167,1,2,SKU-13,10,1,2025-11-24,2025-12-09,11,1
7168,1,2,SKU-07,10,1,2025-11-24,2025-12-17,17,1
7169,3,1,SKU-14,10,1,2025-11-24,2025-12-10,12,1
7170,1,1,SKU-13,10,1,2025-11-24,2025-12-12,14,1
7171,1,2,SKU-05,10,1,2025-11-24,2025-12-15,15,1
7172,3,3,SKU-09,10,1,2025-11-24,2025-12-24,22,1
7173,5,1,SKU-12,10,1,2025-11-24,2025-12-19,19,1
7174,5,3,SKU-15,10,1,2025-11-24,2025-12-18,18,1
7175,6,1,SKU-12,10,1,2025-11-24,2025-12-02,6,0
7176,2,2,SKU-11,10,1,2025-11-24,2025-12-17,17,1
7177,3,3,SKU-12,10,1,2025-11-24,2025-12-16,16,1
7178,4,3,SKU-11,10,1,2025-11-24,2025-12-04,8,0
7179,2,1,SKU-07,10,1,2025-11-24,2025-12-08,10,0
7180,6,2,SKU-09,10,1,2025-11-24,2025-12-04,8,0
7181,4,1,SKU-10,10,1,2025-11-24,2025-12-19,19,1
7182,1,3,SKU-05,10,1,2025-11-24,2025-12-12,14,1
7183,4,1,SKU-02,10,1,2025-11-24,2025-12-05,9,0
7184,2,1,SKU-06,10,1,2025-11-24,2025-12-04,8,0
7185,5,2,SKU-15,10,1,2025-11-24,2025-12-24,22,1
7186,1,3,SKU-13,10,1,2025-11-24,2025-12-12,14,1
7187,2,3,SKU-12,10,1,2025-11-24,2025-12-12,14,1
7188,3,3,SKU-02,10,1,2025-11-24,2025-12-05,9,0
7189,3,1,SKU-13,10,1,2025-11-24,2025-12-04,8,0
7190,5,2,SKU-10,10,1,2025-11-24,2025-12-12,14,1
7191,1,2,SKU-06,10,1,2025-11-24,2025-12-19,19,1
7192,4,3,SKU-10,10,1,2025-11-24,2025-12-05,9,0
7193,2,1,SKU-08,10,1,2025-11-24,2025-12-09,11,1
7194,6,1,SKU-02,10,1,2025-11-24,2025-12-10,12,1
7195,1,1,SKU-03,10,1,2025-11-24,2025-12-11,13,1
7196,2,2,SKU-02,10,1,2025-11-24,2025-12-11,13,1
7197,1,1,SKU-02,10,1,2025-11-24,2025-12-18,18,1
7198,1,1,SKU-10,10,1,2025-11-24,2025-12-09,11,1
7199,6,1,SKU-06,10,1,2025-11-24,2025-12-18,18,1
7200,3,1,SKU-01,10,1,2025-11-24,2025-12-12,14,1
7201,3,2,SKU-15,10,1,2025-11-24,2025-12-04,8,0
7202,1,1,SKU-06,10,1,2025-11-24,2025-12-15,15,1
7203,5,3,SKU-06,10,1,2025-11-24,2025-12-09,11,1
7204,5,2,SKU-01,10,1,2025-11-24,2025-12-10,12,1
7205,5,2,SKU-15,10,1,2025-11-24,2025-12-12,14,1
7206,5,3,SKU-12,10,1,2025-11-25,2025-12-10,11,1
7207,2,1,SKU-10,10,1,2025-11-25,2025-12-12,13,1
7208,4,1,SKU-05,10,1,2025-11-25,2025-12-12,13,1
7209,6,2,SKU-06,10,1,2025-11-25,2025-12-12,13,1
7210,1,3,SKU-13,10,1,2025-11-25,2025-12-09,10,0
7211,1,2,SKU-06,10,1,2025-11-25,2025-12-09,10,0
7212,1,3,SKU-13,10,1,2025-11-25,2025-12-16,15,1
7213,2,3,SKU-09,10,1,2025-11-25,2025-12-05,8,0
7214,3,1,SKU-02,10,1,2025-11-25,2025-12-18,17,1
7215,3,2,SKU-05,10,1,2025-11-25,2025-12-12,13,1
7216,5,2,SKU-12,10,1,2025-11-25,2025-12-16,15,1
7217,2,3,SKU-05,10,1,2025-11-25,2025-12-18,17,1
7218,2,1,SKU-04,10,1,2025-11-25,2025-12-11,12,1
7219,5,2,SKU-09,10,1,2025-11-25,2025-12-11,12,1
7220,6,1,SKU-15,10,1,2025-11-25,2025-12-15,14,1
7221,4,1,SKU-12,10,1,2025-11-25,2025-12-19,18,1
7222,1,2,SKU-04,10,1,2025-11-25,2025-12-11,12,1
7223,6,1,SKU-10,10,1,2025-11-25,2025-12-12,13,1
7224,3,1,SKU-05,10,1,2025-11-25,2025-12-15,14,1
7225,5,2,SKU-11,10,1,2025-11-25,2025-12-17,16,1
7226,5,1,SKU-07,10,1,2025-11-25,2025-12-22,19,1
7227,4,3,SKU-04,10,1,2025-11-25,2025-12-09,10,0
7228,2,1,SKU-05,10,1,2025-11-25,2025-12-11,12,1
7229,2,3,SKU-07,10,1,2025-11-25,2025-12-16,15,1
7230,6,1,SKU-04,10,1,2025-11-25,2025-12-17,16,1
7231,6,1,SKU-15,10,1,2025-11-25,2025-12-09,10,0
7232,3,1,SKU-09,10,1,2025-11-25,2025-12-18,17,1
7233,3,3,SKU-10,10,1,2025-11-25,2025-12-08,9,0
7234,1,3,SKU-04,10,1,2025-11-25,2025-12-11,12,1
7235,6,1,SKU-14,10,1,2025-11-25,2025-12-23,20,1
7236,2,1,SKU-06,10,1,2025-11-25,2025-12-09,10,0
7237,1,2,SKU-01,10,1,2025-11-25,2025-12-16,15,1
7238,4,3,SKU-04,10,1,2025-11-25,2025-12-10,11,1
7239,2,3,SKU-03,10,1,2025-11-25,2025-12-05,8,0
7240,6,3,SKU-10,10,1,2025-11-25,2025-12-18,17,1
7241,4,2,SKU-03,10,1,2025-11-25,2025-12-11,12,1
7242,5,1,SKU-08,10,1,2025-11-25,2025-12-17,16,1
7243,5,1,SKU-08,10,1,2025-11-25,2025-12-11,12,1
7244,1,3,SKU-12,10,1,2025-11-25,2025-12-08,9,0
7245,1,3,SKU-08,10,1,2025-11-25,2025-12-12,13,1
7246,5,2,SKU-05,10,1,2025-11-25,2025-12-03,6,0
7247,6,2,SKU-14,10,1,2025-11-25,2025-12-22,19,1
7248,4,1,SKU-15,10,1,2025-11-25,2025-12-16,15,1
7249,3,1,SKU-02,10,1,2025-11-25,2025-12-19,18,1
7250,6,3,SKU-06,10,1,2025-11-25,2025-12-18,17,1
7251,2,2,SKU-02,10,1,2025-11-25,2025-12-11,12,1
7252,5,2,SKU-06,10,1,2025-11-25,2025-12-16,15,1
7253,1,2,SKU-06,10,1,2025-11-25,2025-12-08,9,0
7254,4,3,SKU-04,10,1,2025-11-25,2025-12-05,8,0
7255,1,2,SKU-11,10,1,2025-11-25,2025-12-15,14,1
7256,5,1,SKU-14,10,1,2025-11-25,2025-12-11,12,1
7257,3,2,SKU-09,10,1,2025-11-25,2025-12-18,17,1
7258,6,3,SKU-05,10,1,2025-11-25,2025-12-15,14,1
7259,4,1,SKU-01,10,1,2025-11-25,2025-12-15,14,1
7260,3,3,SKU-13,10,1,2025-11-25,2025-12-12,13,1
7261,3,3,SKU-04,10,1,2025-11-25,2025-12-18,17,1
7262,2,1,SKU-07,10,1,2025-11-25,2025-12-15,14,1
7263,3,3,SKU-08,10,1,2025-11-25,2025-12-08,9,0
7264,2,3,SKU-11,10,1,2025-11-25,2025-12-08,9,0
7265,6,1,SKU-04,10,1,2025-11-25,2025-12-16,15,1
7266,6,1,SKU-13,10,1,2025-11-25,2025-12-15,14,1
7267,3,1,SKU-07,10,1,2025-11-25,2025-12-17,16,1
7268,1,2,SKU-08,10,1,2025-11-25,2025-12-11,12,1
7269,2,2,SKU-04,10,1,2025-11-25,2025-12-10,11,1
7270,3,3,SKU-10,10,1,2025-11-25,2025-12-10,11,1
7271,4,1,SKU-04,10,1,2025-11-25,2025-12-12,13,1
7272,1,2,SKU-13,10,1,2025-11-25,2025-12-09,10,0
7273,2,2,SKU-03,10,1,2025-11-25,2025-12-23,20,1
7274,6,2,SKU-08,10,1,2025-11-25,2025-12-04,7,0
7275,1,2,SKU-08,10,1,2025-11-25,2025-12-11,12,1
7276,1,3,SKU-12,10,1,2025-11-25,2025-12-23,20,1
7277,6,1,SKU-05,10,1,2025-11-25,2025-12-19,18,1
7278,6,1,SKU-12,10,1,2025-11-25,2025-12-17,16,1
7279,1,1,SKU-02,10,1,2025-11-25,2025-12-16,15,1
7280,5,1,SKU-04,10,1,2025-11-25,2025-12-12,13,1
7281,6,1,SKU-05,10,1,2025-11-25,2025-12-18,17,1
7282,4,3,SKU-15,10,1,2025-11-25,2025-12-19,18,1
7283,3,2,SKU-02,10,1,2025-11-25,2025-12-18,17,1
7284,6,1,SKU-12,10,1,2025-11-25,2025-12-16,15,1
7285,1,3,SKU-14,10,1,2025-11-25,2025-12-19,18,1
7286,4,2,SKU-08,10,1,2025-11-25,2025-12-10,11,1
7287,2,2,SKU-10,10,1,2025-11-25,2025-12-12,13,1
7288,5,3,SKU-01,10,1,2025-11-25,2025-12-04,7,0
7289,6,1,SKU-13,10,1,2025-11-25,2025-12-10,11,1
7290,6,3,SKU-10,10,1,2025-11-25,2025-12-17,16,1
7291,5,3,SKU-12,10,1,2025-11-25,2025-12-09,10,0
7292,2,1,SKU-07,10,1,2025-11-25,2025-12-11,12,1
7293,1,2,SKU-07,10,1,2025-11-25,2025-12-10,11,1
7294,2,3,SKU-03,10,1,2025-11-25,2025-12-16,15,1
7295,5,3,SKU-12,10,1,2025-11-25,2025-12-09,10,0
7296,3,3,SKU-12,10,1,2025-11-25,2025-12-12,13,1
7297,6,3,SKU-10,10,1,2025-11-25,2025-12-16,15,1
7298,6,2,SKU-04,10,1,2025-11-25,2025-12-15,14,1
7299,3,2,SKU-11,10,1,2025-11-25,2025-12-12,13,1
7300,5,3,SKU-09,10,1,2025-11-25,2025-12-03,6,0
7301,6,1,SKU-09,10,1,2025-11-25,2025-12-10,11,1
7302,6,3,SKU-10,10,1,2025-11-25,2025-12-17,16,1
7303,3,1,SKU-08,10,1,2025-11-25,2025-12-12,13,1
7304,5,1,SKU-12,10,1,2025-11-25,2025-12-10,11,1
7305,4,2,SKU-10,10,1,2025-11-25,2025-12-10,11,1
7306,4,3,SKU-14,10,1,2025-11-25,2025-12-19,18,1
7307,4,1,SKU-14,10,1,2025-11-25,2025-12-10,11,1
7308,3,1,SKU-08,10,1,2025-11-25,2025-12-12,13,1
7309,3,3,SKU-12,10,1,2025-11-25,2025-12-18,17,1
7310,6,1,SKU-02,10,1,2025-11-25,2025-12-19,18,1
7311,2,1,SKU-08,10,1,2025-11-25,2025-12-16,15,1
7312,3,2,SKU-01,10,1,2025-11-25,2025-12-18,17,1
7313,4,1,SKU-05,10,1,2025-11-25,2025-12-19,18,1
7314,3,3,SKU-09,10,1,2025-11-25,2025-12-16,15,1
7315,6,1,SKU-12,10,1,2025-11-25,2025-12-10,11,1
7316,6,2,SKU-06,10,1,2025-11-25,2025-12-09,10,0
7317,3,3,SKU-07,10,1,2025-11-25,2025-12-11,12,1
7318,4,1,SKU-13,10,1,2025-11-25,2025-12-15,14,1
7319,5,1,SKU-12,10,1,2025-11-25,2025-12-10,11,1
7320,3,1,SKU-01,10,1,2025-11-25,2025-12-16,15,1
7321,4,1,SKU-11,10,1,2025-11-25,2025-12-04,7,0
7322,3,3,SKU-05,10,1,2025-11-25,2025-12-12,13,1
7323,4,1,SKU-14,10,1,2025-11-25,2025-12-10,11,1
7324,2,1,SKU-05,10,1,2025-11-25,2025-12-10,11,1
7325,5,1,SKU-11,10,1,2025-11-25,2025-12-15,14,1
7326,4,1,SKU-05,10,1,2025-11-25,2025-12-15,14,1
7327,5,1,SKU-04,10,1,2025-11-25,2025-12-08,9,0
7328,2,2,SKU-02,10,1,2025-11-25,2025-12-18,17,1
7329,4,1,SKU-12,10,1,2025-11-25,2025-12-18,17,1
7330,2,2,SKU-10,10,1,2025-11-25,2025-12-24,21,1
7331,1,2,SKU-07,10,1,2025-11-25,2025-12-10,11,1
7332,6,3,SKU-10,10,1,2025-11-25,2025-12-22,19,1
7333,2,2,SKU-02,10,1,2025-11-25,2025-12-19,18,1
7334,3,2,SKU-08,10,1,2025-11-25,2025-12-17,16,1
7335,6,3,SKU-02,10,1,2025-11-25,2025-12-16,15,1
7336,3,3,SKU-06,10,1,2025-11-25,2025-12-09,10,0
7337,3,2,SKU-09,10,1,2025-11-25,2025-12-22,19,1
7338,6,1,SKU-08,10,1,2025-11-25,2025-12-15,14,1
7339,2,3,SKU-15,10,1,2025-11-25,2025-12-09,10,0
7340,2,1,SKU-09,10,1,2025-11-25,2025-12-16,15,1
7341,1,3,SKU-11,10,1,2025-11-25,2025-12-15,14,1
7342,5,3,SKU-02,10,1,2025-11-25,2025-12-12,13,1
7343,5,1,SKU-04,10,1,2025-11-25,2025-12-09,10,0
7344,6,1,SKU-13,10,1,2025-11-25,2025-12-11,12,1
7345,5,3,SKU-02,10,1,2025-11-25,2025-12-11,12,1
7346,4,3,SKU-04,10,1,2025-11-25,2025-12-18,17,1
7347,1,1,SKU-02,10,1,2025-11-25,2025-12-12,13,1
7348,4,2,SKU-01,10,1,2025-11-25,2025-12-03,6,0
7349,5,3,SKU-13,10,1,2025-11-25,2025-12-12,13,1
7350,5,3,SKU-06,10,1,2025-11-25,2025-12-12,13,1
7351,4,3,SKU-03,10,1,2025-11-25,2025-12-09,10,0
7352,3,1,SKU-14,10,1,2025-11-25,2025-12-22,19,1
7353,5,1,SKU-04,10,1,2025-11-25,2025-12-05,8,0
7354,3,3,SKU-09,10,1,2025-11-25,2025-12-09,10,0
7355,1,3,SKU-10,10,1,2025-11-25,2025-12-11,12,1
7356,1,1,SKU-13,10,1,2025-11-25,2025-12-05,8,0
7357,6,3,SKU-11,10,1,2025-11-25,2025-12-12,13,1
7358,3,3,SKU-03,10,1,2025-11-25,2025-12-03,6,0
7359,1,2,SKU-05,10,1,2025-11-25,2025-12-04,7,0
7360,6,2,SKU-01,10,1,2025-11-25,2025-12-10,11,1
7361,3,2,SKU-14,10,1,2025-11-25,2025-12-10,11,1
7362,1,2,SKU-04,10,1,2025-11-25,2025-12-23,20,1
7363,6,3,SKU-07,10,1,2025-11-25,2025-12-18,17,1
7364,5,1,SKU-13,10,1,2025-11-25,2025-12-19,18,1
7365,6,1,SKU-02,10,1,2025-11-25,2025-12-03,6,0
7366,1,1,SKU-13,10,1,2025-11-25,2025-12-05,8,0
7367,5,2,SKU-10,10,1,2025-11-25,2025-12-12,13,1
7368,4,3,SKU-01,10,1,2025-11-25,2025-12-12,13,1
7369,5,2,SKU-02,10,1,2025-11-25,2025-12-22,19,1
7370,1,3,SKU-11,10,1,2025-11-25,2025-12-05,8,0
7371,2,1,SKU-10,10,1,2025-11-25,2025-12-03,6,0
7372,6,3,SKU-08,10,1,2025-11-25,2025-12-10,11,1
7373,4,2,SKU-04,10,1,2025-11-25,2025-12-16,15,1
7374,6,3,SKU-02,10,1,2025-11-25,2025-12-18,17,1
7375,2,2,SKU-10,10,1,2025-11-25,2025-12-12,13,1
7376,5,3,SKU-14,10,1,2025-11-25,2025-12-11,12,1
7377,5,2,SKU-14,10,1,2025-11-25,2025-12-12,13,1
7378,2,1,SKU-08,10,1,2025-11-25,2025-12-12,13,1
7379,5,3,SKU-14,10,1,2025-11-25,2025-12-10,11,1
7380,5,1,SKU-15,10,1,2025-11-25,2025-12-15,14,1
7381,5,2,SKU-02,10,1,2025-11-25,2025-12-15,14,1
7382,2,3,SKU-09,10,1,2025-11-25,2025-12-16,15,1
7383,4,1,SKU-01,10,1,2025-11-25,2025-12-23,20,1
7384,4,2,SKU-06,10,1,2025-11-25,2025-12-19,18,1
7385,4,3,SKU-05,10,1,2025-11-25,2025-12-18,17,1
7386,6,2,SKU-06,10,1,2025-11-25,2025-12-08,9,0
7387,2,1,SKU-04,10,1,2025-11-25,2025-12-11,12,1
7388,5,2,SKU-14,10,1,2025-11-25,2025-12-18,17,1
7389,5,1,SKU-12,10,1,2025-11-25,2025-12-22,19,1
7390,6,1,SKU-15,10,1,2025-11-25,2025-12-03,6,0
7391,6,2,SKU-15,10,1,2025-11-25,2025-12-03,6,0
7392,3,2,SKU-03,10,1,2025-11-25,2025-12-12,13,1
7393,1,2,SKU-13,10,1,2025-11-25,2025-12-15,14,1
7394,5,1,SKU-11,10,1,2025-11-25,2025-12-12,13,1
7395,3,1,SKU-07,10,1,2025-11-25,2025-12-05,8,0
7396,1,1,SKU-04,10,1,2025-11-25,2025-12-16,15,1
7397,2,2,SKU-11,10,1,2025-11-25,2025-12-05,8,0
7398,4,1,SKU-10,10,1,2025-11-25,2025-12-15,14,1
7399,4,3,SKU-11,10,1,2025-11-25,2025-12-05,8,0
7400,1,1,SKU-08,10,1,2025-11-25,2025-12-17,16,1
7401,3,3,SKU-10,10,1,2025-11-25,2025-12-04,7,0
7402,1,3,SKU-04,10,1,2025-11-25,2025-12-10,11,1
7403,5,3,SKU-12,10,1,2025-11-25,2025-12-05,8,0
7404,1,3,SKU-01,10,1,2025-11-25,2025-12-10,11,1
7405,5,2,SKU-08,10,1,2025-11-25,2025-12-15,14,1
7406,2,3,SKU-11,10,1,2025-11-25,2025-12-09,10,0
7407,3,2,SKU-01,10,1,2025-11-25,2025-12-18,17,1
7408,6,3,SKU-04,10,1,2025-11-25,2025-12-15,14,1
7409,1,3,SKU-10,10,1,2025-11-25,2025-12-15,14,1
7410,5,1,SKU-07,10,1,2025-11-25,2025-12-19,18,1
7411,5,1,SKU-14,10,1,2025-11-25,2025-12-12,13,1
7412,6,2,SKU-06,10,1,2025-11-25,2025-12-15,14,1
7413,5,1,SKU-15,10,1,2025-11-25,2025-12-10,11,1
7414,1,1,SKU-10,10,1,2025-11-25,2025-12-16,15,1
7415,5,3,SKU-15,10,1,2025-11-25,2025-12-22,19,1
7416,2,3,SKU-09,10,1,2025-11-25,2025-12-15,14,1
7417,3,3,SKU-03,10,1,2025-11-25,2025-12-12,13,1
7418,4,1,SKU-06,10,1,2025-11-25,2025-12-12,13,1
7419,1,1,SKU-05,10,1,2025-11-25,2025-12-09,10,0
7420,4,3,SKU-08,10,1,2025-11-25,2025-12-16,15,1
7421,3,3,SKU-07,10,1,2025-11-25,2025-12-17,16,1
7422,1,2,SKU-04,10,1,2025-11-25,2025-12-17,16,1
7423,1,2,SKU-08,10,1,2025-11-25,2025-12-19,18,1
7424,2,3,SKU-03,10,1,2025-11-25,2025-12-09,10,0
7425,5,3,SKU-14,10,1,2025-11-25,2025-12-15,14,1
7426,2,3,SKU-12,10,1,2025-11-25,2025-12-05,8,0
7427,2,3,SKU-12,10,1,2025-11-25,2025-12-19,18,1
7428,6,1,SKU-01,10,1,2025-11-25,2025-12-11,12,1
7429,4,2,SKU-05,10,1,2025-11-25,2025-12-19,18,1
7430,4,3,SKU-03,10,1,2025-11-25,2025-12-11,12,1
7431,3,2,SKU-08,10,1,2025-11-25,2025-12-16,15,1
7432,3,1,SKU-05,10,1,2025-11-25,2025-12-22,19,1
7433,2,1,SKU-08,10,1,2025-11-25,2025-12-17,16,1
7434,6,1,SKU-10,10,1,2025-11-25,2025-12-22,19,1
7435,5,3,SKU-12,10,1,2025-11-25,2025-12-15,14,1
7436,5,1,SKU-15,10,1,2025-11-25,2025-12-12,13,1
7437,5,1,SKU-10,10,1,2025-11-25,2025-12-15,14,1
7438,5,3,SKU-12,10,1,2025-11-25,2025-12-10,11,1
7439,4,1,SKU-07,10,1,2025-11-25,2025-12-03,6,0
7440,3,2,SKU-15,10,1,2025-11-25,2025-12-11,12,1
7441,1,3,SKU-01,10,1,2025-11-25,2025-12-15,14,1
7442,3,1,SKU-04,10,1,2025-11-25,2025-12-15,14,1
7443,1,2,SKU-15,10,1,2025-11-25,2025-12-18,17,1
7444,1,1,SKU-15,10,1,2025-11-25,2025-12-11,12,1
7445,6,2,SKU-12,10,1,2025-11-25,2025-12-18,17,1
7446,4,3,SKU-11,10,1,2025-11-25,2025-12-23,20,1
7447,3,1,SKU-08,10,1,2025-11-25,2025-12-15,14,1
7448,5,1,SKU-11,10,1,2025-11-25,2025-12-19,18,1
7449,4,1,SKU-04,10,1,2025-11-25,2025-12-17,16,1
7450,3,1,SKU-13,10,1,2025-11-25,2025-12-12,13,1
7451,2,1,SKU-01,10,1,2025-11-25,2025-12-05,8,0
7452,4,3,SKU-12,10,1,2025-11-25,2025-12-19,18,1
7453,3,2,SKU-10,10,1,2025-11-25,2025-12-19,18,1
7454,6,2,SKU-06,10,1,2025-11-25,2025-12-15,14,1
7455,2,1,SKU-10,10,1,2025-11-25,2025-12-19,18,1
7456,2,2,SKU-10,10,1,2025-11-25,2025-12-11,12,1
7457,4,1,SKU-13,10,1,2025-11-25,2025-12-04,7,0
7458,6,3,SKU-12,10,1,2025-11-25,2025-12-09,10,0
7459,5,2,SKU-03,10,1,2025-11-25,2025-12-16,15,1
7460,5,3,SKU-05,10,1,2025-11-25,2025-12-12,13,1
7461,5,2,SKU-08,10,1,2025-11-25,2025-12-23,20,1
7462,6,2,SKU-10,10,1,2025-11-25,2025-12-12,13,1
7463,3,3,SKU-10,10,1,2025-11-25,2025-12-17,16,1
7464,2,3,SKU-09,10,1,2025-11-25,2025-12-17,16,1
7465,5,2,SKU-15,10,1,2025-11-25,2025-12-08,9,0
7466,6,1,SKU-12,10,1,2025-11-25,2025-12-10,11,1
7467,3,1,SKU-14,10,1,2025-11-25,2025-12-12,13,1
7468,1,3,SKU-05,10,1,2025-11-25,2025-12-15,14,1
7469,1,1,SKU-08,10,1,2025-11-25,2025-12-18,17,1
7470,4,1,SKU-07,10,1,2025-11-25,2025-12-04,7,0
7471,5,2,SKU-10,10,1,2025-11-25,2025-12-15,14,1
7472,1,3,SKU-02,10,1,2025-11-25,2025-12-15,14,1
7473,6,1,SKU-12,10,1,2025-11-25,2025-12-15,14,1
7474,6,3,SKU-01,10,1,2025-11-25,2025-12-18,17,1
7475,6,3,SKU-07,10,1,2025-11-25,2025-12-17,16,1
7476,5,3,SKU-10,10,1,2025-11-25,2025-12-15,14,1
7477,5,2,SKU-13,10,1,2025-11-25,2025-12-22,19,1
7478,2,2,SKU-04,10,1,2025-11-25,2025-12-12,13,1
7479,6,2,SKU-12,10,1,2025-11-25,2025-12-11,12,1
7480,1,2,SKU-06,10,1,2025-11-25,2025-12-08,9,0
7481,3,1,SKU-07,10,1,2025-11-25,2025-12-04,7,0
7482,5,3,SKU-14,10,1,2025-11-25,2025-12-16,15,1
7483,3,1,SKU-02,10,1,2025-11-25,2025-12-16,15,1
7484,4,1,SKU-07,10,1,2025-11-25,2025-12-17,16,1
7485,2,1,SKU-04,10,1,2025-11-25,2025-12-18,17,1
7486,5,1,SKU-09,10,1,2025-11-25,2025-12-15,14,1
7487,6,1,SKU-11,10,1,2025-11-25,2025-12-12,13,1
7488,1,1,SKU-10,10,1,2025-11-25,2025-12-17,16,1
7489,3,3,SKU-11,10,1,2025-11-25,2025-12-11,12,1
7490,6,2,SKU-10,10,1,2025-11-25,2025-12-10,11,1
7491,1,2,SKU-02,10,1,2025-11-25,2025-12-17,16,1
7492,5,3,SKU-03,10,1,2025-11-25,2025-12-11,12,1
7493,5,2,SKU-10,10,1,2025-11-25,2025-12-15,14,1
7494,4,2,SKU-12,10,1,2025-11-25,2025-12-16,15,1
7495,6,3,SKU-12,10,1,2025-11-25,2025-12-10,11,1
7496,5,1,SKU-13,10,1,2025-11-25,2025-12-03,6,0
7497,1,1,SKU-13,10,1,2025-11-25,2025-12-17,16,1
7498,3,1,SKU-03,10,1,2025-11-25,2025-12-16,15,1
7499,5,2,SKU-12,10,1,2025-11-25,2025-12-19,18,1
7500,1,2,SKU-12,10,1,2025-11-25,2025-12-08,9,0
7501,3,2,SKU-07,10,1,2025-11-25,2025-12-16,15,1
7502,1,2,SKU-01,10,1,2025-11-25,2025-12-11,12,1
7503,5,3,SKU-12,10,1,2025-11-25,2025-12-11,12,1
7504,1,1,SKU-06,10,1,2025-11-25,2025-12-10,11,1
7505,1,3,SKU-13,10,1,2025-11-25,2025-12-10,11,1
7506,6,2,SKU-01,10,1,2025-11-25,2025-12-22,19,1
7507,6,2,SKU-04,10,1,2025-11-25,2025-12-10,11,1
7508,3,3,SKU-06,10,1,2025-11-25,2025-12-12,13,1
7509,6,3,SKU-02,10,1,2025-11-25,2025-12-17,16,1
7510,3,1,SKU-08,10,1,2025-11-25,2025-12-11,12,1
7511,3,1,SKU-01,10,1,2025-11-25,2025-12-19,18,1
7512,5,1,SKU-08,10,1,2025-11-25,2025-12-10,11,1
7513,6,2,SKU-12,10,1,2025-11-25,2025-12-08,9,0
7514,6,3,SKU-01,10,1,2025-11-25,2025-12-18,17,1
7515,5,2,SKU-12,10,1,2025-11-25,2025-12-04,7,0
7516,3,1,SKU-04,10,1,2025-11-25,2025-12-04,7,0
7517,6,3,SKU-01,10,1,2025-11-25,2025-12-10,11,1
7518,6,1,SKU-13,10,1,2025-11-25,2025-12-16,15,1
7519,6,2,SKU-14,10,1,2025-11-25,2025-12-05,8,0
7520,5,1,SKU-09,10,1,2025-11-25,2025-12-08,9,0
7521,6,2,SKU-09,10,1,2025-11-25,2025-12-16,15,1
7522,5,1,SKU-06,10,1,2025-11-25,2025-12-10,11,1
7523,6,3,SKU-07,10,1,2025-11-25,2025-12-12,13,1
7524,1,2,SKU-07,10,1,2025-11-25,2025-12-09,10,0
7525,5,1,SKU-10,10,1,2025-11-25,2025-12-11,12,1
7526,1,3,SKU-10,10,1,2025-11-25,2025-12-11,12,1
7527,5,2,SKU-11,10,1,2025-11-25,2025-12-15,14,1
7528,2,2,SKU-02,10,1,2025-11-25,2025-12-12,13,1
7529,4,1,SKU-12,10,1,2025-11-25,2025-12-22,19,1
7530,6,2,SKU-07,10,1,2025-11-25,2025-12-12,13,1
7531,1,2,SKU-04,10,1,2025-11-25,2025-12-17,16,1
7532,2,3,SKU-06,10,1,2025-11-25,2025-12-15,14,1
7533,6,2,SKU-09,10,1,2025-11-25,2025-12-11,12,1
7534,3,3,SKU-03,10,1,2025-11-25,2025-12-15,14,1
7535,6,1,SKU-12,10,1,2025-11-25,2025-12-23,20,1
7536,6,3,SKU-02,10,1,2025-11-25,2025-12-18,17,1
7537,1,2,SKU-05,10,1,2025-11-25,2025-12-11,12,1
7538,3,3,SKU-11,10,1,2025-11-25,2025-12-29,24,1
7539,6,1,SKU-12,10,1,2025-11-25,2025-12-18,17,1
7540,3,1,SKU-11,10,1,2025-11-25,2025-12-09,10,0
7541,1,1,SKU-15,10,1,2025-11-25,2025-12-17,16,1
7542,5,1,SKU-02,10,1,2025-11-25,2025-12-17,16,1
7543,4,1,SKU-07,10,1,2025-11-25,2025-12-12,13,1
7544,4,3,SKU-14,10,1,2025-11-25,2025-12-09,10,0
7545,5,3,SKU-11,10,1,2025-11-25,2025-12-10,11,1
7546,6,2,SKU-15,10,1,2025-11-25,2025-12-17,16,1
7547,6,1,SKU-04,10,1,2025-11-25,2025-12-09,10,0
7548,2,3,SKU-01,10,1,2025-11-25,2025-12-15,14,1
7549,6,1,SKU-15,10,1,2025-11-25,2025-12-18,17,1
7550,3,3,SKU-08,10,1,2025-11-25,2025-12-22,19,1
7551,2,1,SKU-01,10,1,2025-11-25,2025-12-18,17,1
7552,3,1,SKU-07,10,1,2025-11-25,2025-12-12,13,1
7553,1,1,SKU-13,10,1,2025-11-25,2025-12-08,9,0
7554,1,2,SKU-06,10,1,2025-11-25,2025-12-22,19,1
7555,3,2,SKU-03,10,1,2025-11-25,2025-12-15,14,1
7556,5,1,SKU-13,10,1,2025-11-25,2025-12-08,9,0
7557,1,1,SKU-11,10,1,2025-11-25,2025-12-16,15,1
7558,4,2,SKU-12,10,1,2025-11-25,2025-12-12,13,1
7559,1,2,SKU-13,10,1,2025-11-25,2025-12-17,16,1
7560,4,2,SKU-11,10,1,2025-11-25,2025-12-19,18,1
7561,2,3,SKU-14,10,1,2025-11-25,2025-12-16,15,1
7562,2,3,SKU-05,10,1,2025-11-25,2025-12-18,17,1
7563,5,2,SKU-14,10,1,2025-11-25,2025-12-09,10,0
7564,6,1,SKU-09,10,1,2025-11-25,2025-12-10,11,1
7565,4,2,SKU-07,10,1,2025-11-25,2025-12-12,13,1
7566,4,3,SKU-13,10,1,2025-11-25,2025-12-09,10,0
7567,2,2,SKU-11,10,1,2025-11-25,2025-12-15,14,1
7568,1,1,SKU-14,10,1,2025-11-25,2025-12-17,16,1
7569,4,3,SKU-06,10,1,2025-11-25,2025-12-09,10,0
7570,3,1,SKU-13,10,1,2025-11-25,2025-12-12,13,1
7571,3,1,SKU-01,10,1,2025-11-25,2025-12-18,17,1
7572,1,2,SKU-05,10,1,2025-11-25,2025-12-15,14,1
7573,3,2,SKU-02,10,1,2025-11-25,2025-12-09,10,0
7574,3,3,SKU-08,10,1,2025-11-25,2025-12-16,15,1
7575,3,3,SKU-12,10,1,2025-11-25,2025-12-09,10,0
7576,4,2,SKU-03,10,1,2025-11-25,2025-12-11,12,1
7577,2,2,SKU-08,10,1,2025-11-25,2025-12-04,7,0
7578,6,1,SKU-08,10,1,2025-11-25,2025-12-17,16,1
7579,2,3,SKU-03,10,1,2025-11-25,2025-12-16,15,1
7580,3,1,SKU-12,10,1,2025-11-25,2025-12-04,7,0
7581,2,1,SKU-12,10,1,2025-11-25,2025-12-11,12,1
7582,6,2,SKU-12,10,1,2025-11-25,2025-12-04,7,0
7583,3,2,SKU-04,10,1,2025-11-25,2025-12-09,10,0
7584,2,2,SKU-02,10,1,2025-11-25,2025-12-12,13,1
7585,6,1,SKU-13,10,1,2025-11-25,2025-12-09,10,0
7586,6,2,SKU-08,10,1,2025-11-25,2025-12-19,18,1
7587,5,3,SKU-06,10,1,2025-11-25,2025-12-12,13,1
7588,3,2,SKU-04,10,1,2025-11-25,2025-12-03,6,0
7589,3,1,SKU-03,10,1,2025-11-25,2025-12-10,11,1
7590,2,2,SKU-05,10,1,2025-11-25,2025-12-16,15,1
7591,5,1,SKU-04,10,1,2025-11-25,2025-12-11,12,1
7592,2,1,SKU-07,10,1,2025-11-25,2025-12-26,23,1
7593,4,2,SKU-06,10,1,2025-11-25,2025-12-04,7,0
7594,5,1,SKU-06,10,1,2025-11-25,2025-12-18,17,1
7595,5,1,SKU-02,10,1,2025-11-25,2025-12-16,15,1
7596,1,1,SKU-11,10,1,2025-11-25,2025-12-12,13,1
7597,3,1,SKU-12,10,1,2025-11-25,2025-12-12,13,1
7598,4,2,SKU-02,10,1,2025-11-25,2025-12-12,13,1
7599,4,2,SKU-01,10,1,2025-11-25,2025-12-11,12,1
7600,2,2,SKU-01,10,1,2025-11-25,2025-12-23,20,1
7601,1,2,SKU-11,10,1,2025-11-25,2025-12-05,8,0
7602,1,3,SKU-15,10,1,2025-11-25,2025-12-16,15,1
7603,5,1,SKU-05,10,1,2025-11-25,2025-12-17,16,1
7604,3,1,SKU-04,10,1,2025-11-25,2025-12-11,12,1
7605,1,1,SKU-14,10,1,2025-11-25,2025-12-18,17,1
7606,2,3,SKU-14,10,1,2025-11-25,2025-12-17,16,1
7607,6,1,SKU-15,10,1,2025-11-25,2025-12-16,15,1
7608,5,1,SKU-14,10,1,2025-11-25,2025-12-17,16,1
7609,1,1,SKU-05,10,1,2025-11-25,2025-12-10,11,1
7610,4,2,SKU-03,10,1,2025-11-25,2025-12-18,17,1
7611,1,3,SKU-01,10,1,2025-11-25,2025-12-08,9,0
7612,4,3,SKU-02,10,1,2025-11-25,2025-12-11,12,1
7613,3,3,SKU-09,10,1,2025-11-25,2025-12-23,20,1
7614,1,2,SKU-06,10,1,2025-11-25,2025-12-11,12,1
7615,4,1,SKU-03,10,1,2025-11-25,2025-12-12,13,1
7616,3,1,SKU-04,10,1,2025-11-25,2025-12-16,15,1
7617,1,1,SKU-02,10,1,2025-11-25,2025-12-12,13,1
7618,3,2,SKU-09,10,1,2025-11-25,2025-12-22,19,1
7619,5,1,SKU-01,10,1,2025-11-25,2025-12-11,12,1
7620,5,3,SKU-09,10,1,2025-11-25,2025-12-11,12,1
7621,5,2,SKU-15,10,1,2025-11-25,2025-12-09,10,0
7622,5,3,SKU-09,10,1,2025-11-25,2025-12-16,15,1
7623,1,2,SKU-11,10,1,2025-11-25,2025-12-12,13,1
7624,1,2,SKU-05,10,1,2025-11-25,2025-12-11,12,1
7625,4,2,SKU-10,10,1,2025-11-25,2025-12-10,11,1
7626,3,1,SKU-08,10,1,2025-11-25,2025-12-19,18,1
7627,4,1,SKU-09,10,1,2025-11-26,2025-12-17,15,1
7628,2,1,SKU-02,10,1,2025-11-26,2025-12-16,14,1
7629,2,3,SKU-01,10,1,2025-11-26,2025-12-12,12,1
7630,3,1,SKU-14,10,1,2025-11-26,2025-12-11,11,1
7631,5,3,SKU-06,10,1,2025-11-26,2025-12-10,10,0
7632,1,1,SKU-04,10,1,2025-11-26,2025-12-11,11,1
7633,4,1,SKU-06,10,1,2025-11-26,2025-12-12,12,1
7634,1,2,SKU-02,10,1,2025-11-26,2025-12-15,13,1
7635,1,3,SKU-14,10,1,2025-11-26,2025-12-10,10,0
7636,3,2,SKU-14,10,1,2025-11-26,2025-12-11,11,1
7637,2,2,SKU-04,10,1,2025-11-26,2025-12-19,17,1
7638,2,1,SKU-08,10,1,2025-11-26,2025-12-09,9,0
7639,5,1,SKU-14,10,1,2025-11-26,2025-12-19,17,1
7640,2,1,SKU-09,10,1,2025-11-26,2025-12-17,15,1
7641,1,3,SKU-13,10,1,2025-11-26,2025-12-16,14,1
7642,3,2,SKU-15,10,1,2025-11-26,2025-12-16,14,1
7643,1,2,SKU-07,10,1,2025-11-26,2025-12-09,9,0
7644,1,2,SKU-13,10,1,2025-11-26,2025-12-18,16,1
7645,1,3,SKU-04,10,1,2025-11-26,2025-12-15,13,1
7646,1,1,SKU-04,10,1,2025-11-26,2025-12-19,17,1
7647,2,2,SKU-07,10,1,2025-11-26,2025-12-22,18,1
7648,5,3,SKU-02,10,1,2025-11-26,2025-12-12,12,1
7649,5,3,SKU-10,10,1,2025-11-26,2025-12-19,17,1
7650,5,2,SKU-13,10,1,2025-11-26,2025-12-17,15,1
7651,5,1,SKU-04,10,1,2025-11-26,2025-12-18,16,1
7652,5,3,SKU-11,10,1,2025-11-26,2025-12-22,18,1
7653,6,3,SKU-08,10,1,2025-11-26,2025-12-17,15,1
7654,1,3,SKU-10,10,1,2025-11-26,2025-12-12,12,1
7655,5,1,SKU-12,10,1,2025-11-26,2025-12-09,9,0
7656,4,3,SKU-01,10,1,2025-11-26,2025-12-16,14,1
7657,3,2,SKU-07,10,1,2025-11-26,2025-12-17,15,1
7658,5,3,SKU-05,10,1,2025-11-26,2025-12-08,8,0
7659,2,1,SKU-02,10,1,2025-11-26,2025-12-23,19,1
7660,3,2,SKU-06,10,1,2025-11-26,2025-12-08,8,0
7661,4,2,SKU-11,10,1,2025-11-26,2025-12-22,18,1
7662,4,1,SKU-05,10,1,2025-11-26,2025-12-19,17,1
7663,3,3,SKU-07,10,1,2025-11-26,2025-12-12,12,1
7664,3,3,SKU-01,10,1,2025-11-26,2025-12-11,11,1
7665,6,2,SKU-06,10,1,2025-11-26,2025-12-16,14,1
7666,4,2,SKU-04,10,1,2025-11-26,2025-12-09,9,0
7667,5,3,SKU-01,10,1,2025-11-26,2025-12-16,14,1
7668,6,3,SKU-08,10,1,2025-11-26,2025-12-12,12,1
7669,4,2,SKU-15,10,1,2025-11-26,2025-12-17,15,1
7670,5,1,SKU-06,10,1,2025-11-26,2025-12-15,13,1
7671,4,3,SKU-06,10,1,2025-11-26,2025-12-18,16,1
7672,1,3,SKU-10,10,1,2025-11-26,2025-12-23,19,1
7673,3,2,SKU-11,10,1,2025-11-26,2025-12-16,14,1
7674,1,3,SKU-05,10,1,2025-11-26,2025-12-17,15,1
7675,6,1,SKU-09,10,1,2025-11-26,2025-12-19,17,1
7676,1,3,SKU-11,10,1,2025-11-26,2025-12-08,8,0
7677,4,2,SKU-13,10,1,2025-11-26,2025-12-16,14,1
7678,6,3,SKU-04,10,1,2025-11-26,2025-12-09,9,0
7679,6,3,SKU-04,10,1,2025-11-26,2025-12-19,17,1
7680,5,1,SKU-05,10,1,2025-11-26,2025-12-24,20,1
7681,5,3,SKU-11,10,1,2025-11-26,2025-12-23,19,1
7682,5,3,SKU-01,10,1,2025-11-26,2025-12-15,13,1
7683,4,1,SKU-05,10,1,2025-11-26,2025-12-10,10,0
7684,5,3,SKU-08,10,1,2025-11-26,2025-12-11,11,1
7685,4,2,SKU-04,10,1,2025-11-26,2025-12-23,19,1
7686,5,3,SKU-09,10,1,2025-11-26,2025-12-04,6,0
7687,2,1,SKU-13,10,1,2025-11-26,2025-12-10,10,0
7688,6,3,SKU-08,10,1,2025-11-26,2025-12-08,8,0
7689,1,1,SKU-15,10,1,2025-11-26,2025-12-08,8,0
7690,3,1,SKU-12,10,1,2025-11-26,2025-12-22,18,1
7691,6,2,SKU-04,10,1,2025-11-26,2025-12-12,12,1
7692,2,3,SKU-01,10,1,2025-11-26,2025-12-05,7,0
7693,3,1,SKU-10,10,1,2025-11-26,2025-12-09,9,0
7694,5,3,SKU-10,10,1,2025-11-26,2025-12-16,14,1
7695,3,2,SKU-05,10,1,2025-11-26,2025-12-19,17,1
7696,2,3,SKU-12,10,1,2025-11-26,2025-12-15,13,1
7697,1,2,SKU-08,10,1,2025-11-26,2025-12-19,17,1
7698,1,3,SKU-12,10,1,2025-11-26,2025-12-12,12,1
7699,1,1,SKU-05,10,1,2025-11-26,2025-12-08,8,0
7700,5,1,SKU-09,10,1,2025-11-26,2025-12-08,8,0
7701,4,1,SKU-07,10,1,2025-11-26,2025-12-18,16,1
7702,2,3,SKU-02,10,1,2025-11-26,2025-12-15,13,1
7703,5,1,SKU-01,10,1,2025-11-26,2025-12-04,6,0
7704,5,1,SKU-03,10,1,2025-11-26,2025-12-22,18,1
7705,2,3,SKU-05,10,1,2025-11-26,2025-12-04,6,0
7706,5,2,SKU-15,10,1,2025-11-26,2025-12-05,7,0
7707,2,1,SKU-05,10,1,2025-11-26,2025-12-12,12,1
7708,3,1,SKU-11,10,1,2025-11-26,2025-12-05,7,0
7709,4,1,SKU-10,10,1,2025-11-26,2025-12-23,19,1
7710,3,3,SKU-03,10,1,2025-11-26,2025-12-18,16,1
7711,6,2,SKU-06,10,1,2025-11-26,2025-12-15,13,1
7712,1,2,SKU-15,10,1,2025-11-26,2025-12-12,12,1
7713,4,2,SKU-14,10,1,2025-11-26,2025-12-15,13,1
7714,5,3,SKU-06,10,1,2025-11-26,2025-12-12,12,1
7715,2,2,SKU-09,10,1,2025-11-26,2025-12-11,11,1
7716,5,3,SKU-08,10,1,2025-11-26,2025-12-24,20,1
7717,1,3,SKU-08,10,1,2025-11-26,2025-12-24,20,1
7718,4,1,SKU-06,10,1,2025-11-26,2025-12-17,15,1
7719,4,3,SKU-06,10,1,2025-11-26,2025-12-05,7,0
7720,2,3,SKU-03,10,1,2025-11-26,2025-12-16,14,1
7721,2,2,SKU-04,10,1,2025-11-26,2025-12-11,11,1
7722,3,3,SKU-12,10,1,2025-11-26,2025-12-18,16,1
7723,5,2,SKU-05,10,1,2025-11-26,2025-12-26,22,1
7724,5,1,SKU-14,10,1,2025-11-26,2025-12-11,11,1
7725,4,2,SKU-07,10,1,2025-11-26,2025-12-15,13,1
7726,6,3,SKU-10,10,1,2025-11-26,2025-12-10,10,0
7727,4,3,SKU-07,10,1,2025-11-26,2025-12-11,11,1
7728,1,1,SKU-12,10,1,2025-11-26,2025-12-11,11,1
7729,5,2,SKU-10,10,1,2025-11-26,2025-12-17,15,1
7730,4,2,SKU-07,10,1,2025-11-26,2025-12-15,13,1
7731,6,3,SKU-11,10,1,2025-11-26,2025-12-05,7,0
7732,1,1,SKU-09,10,1,2025-11-26,2025-12-17,15,1
7733,2,3,SKU-11,10,1,2025-11-26,2025-12-11,11,1
7734,5,3,SKU-04,10,1,2025-11-26,2025-12-12,12,1
7735,2,3,SKU-02,10,1,2025-11-26,2025-12-23,19,1
7736,5,3,SKU-06,10,1,2025-11-26,2025-12-17,15,1
7737,1,2,SKU-04,10,1,2025-11-26,2025-12-16,14,1
7738,3,3,SKU-08,10,1,2025-11-26,2025-12-12,12,1
7739,4,1,SKU-12,10,1,2025-11-26,2025-12-10,10,0
7740,3,1,SKU-06,10,1,2025-11-26,2025-12-16,14,1
7741,4,2,SKU-08,10,1,2025-11-26,2025-12-17,15,1
7742,2,3,SKU-15,10,1,2025-11-26,2025-12-18,16,1
7743,2,3,SKU-09,10,1,2025-11-26,2025-12-25,21,1
7744,5,3,SKU-04,10,1,2025-11-26,2025-12-17,15,1
7745,6,3,SKU-07,10,1,2025-11-26,2025-12-11,11,1
7746,6,3,SKU-09,10,1,2025-11-26,2025-12-22,18,1
7747,6,3,SKU-01,10,1,2025-11-26,2025-12-18,16,1
7748,3,3,SKU-11,10,1,2025-11-26,2025-12-19,17,1
7749,5,3,SKU-03,10,1,2025-11-26,2025-12-12,12,1
7750,3,2,SKU-10,10,1,2025-11-26,2025-12-12,12,1
7751,1,2,SKU-13,10,1,2025-11-26,2025-12-17,15,1
7752,1,2,SKU-03,10,1,2025-11-26,2025-12-23,19,1
7753,6,1,SKU-13,10,1,2025-11-26,2025-12-24,20,1
7754,1,2,SKU-11,10,1,2025-11-26,2025-12-11,11,1
7755,4,3,SKU-06,10,1,2025-11-26,2025-12-11,11,1
7756,5,1,SKU-08,10,1,2025-11-26,2025-12-12,12,1
7757,5,1,SKU-06,10,1,2025-11-26,2025-12-15,13,1
7758,6,3,SKU-08,10,1,2025-11-26,2025-12-12,12,1
7759,4,2,SKU-07,10,1,2025-11-26,2025-12-18,16,1
7760,4,2,SKU-06,10,1,2025-11-26,2025-12-17,15,1
7761,1,1,SKU-14,10,1,2025-11-26,2025-12-12,12,1
7762,3,1,SKU-03,10,1,2025-11-26,2025-12-12,12,1
7763,2,1,SKU-06,10,1,2025-11-26,2025-12-12,12,1
7764,3,3,SKU-03,10,1,2025-11-26,2025-12-09,9,0
7765,5,3,SKU-06,10,1,2025-11-26,2025-12-08,8,0
7766,3,2,SKU-02,10,1,2025-11-26,2025-12-19,17,1
7767,5,3,SKU-05,10,1,2025-11-26,2025-12-24,20,1
7768,1,3,SKU-02,10,1,2025-11-26,2025-12-15,13,1
7769,6,1,SKU-02,10,1,2025-11-26,2025-12-15,13,1
7770,3,1,SKU-09,10,1,2025-11-26,2025-12-17,15,1
7771,5,3,SKU-14,10,1,2025-11-26,2025-12-12,12,1
7772,3,3,SKU-13,10,1,2025-11-26,2025-12-17,15,1
7773,3,3,SKU-06,10,1,2025-11-26,2025-12-16,14,1
7774,6,3,SKU-01,10,1,2025-11-26,2025-12-17,15,1
7775,1,1,SKU-10,10,1,2025-11-26,2025-12-23,19,1
7776,6,1,SKU-08,10,1,2025-11-26,2025-12-23,19,1
7777,1,1,SKU-06,10,1,2025-11-26,2025-12-15,13,1
7778,6,3,SKU-15,10,1,2025-11-26,2025-12-12,12,1
7779,1,2,SKU-11,10,1,2025-11-26,2025-12-17,15,1
7780,6,2,SKU-02,10,1,2025-11-26,2025-12-12,12,1
7781,5,3,SKU-03,10,1,2025-11-26,2025-12-17,15,1
7782,1,1,SKU-12,10,1,2025-11-26,2025-12-18,16,1
7783,3,2,SKU-03,10,1,2025-11-26,2025-12-11,11,1
7784,6,3,SKU-06,10,1,2025-11-26,2025-12-11,11,1
7785,4,1,SKU-08,10,1,2025-11-26,2025-12-15,13,1
7786,1,1,SKU-08,10,1,2025-11-26,2025-12-11,11,1
7787,3,2,SKU-12,10,1,2025-11-26,2025-12-15,13,1
7788,5,3,SKU-06,10,1,2025-11-26,2025-12-19,17,1
7789,2,1,SKU-09,10,1,2025-11-26,2025-12-23,19,1
7790,6,1,SKU-03,10,1,2025-11-26,2025-12-10,10,0
7791,2,3,SKU-12,10,1,2025-11-26,2025-12-04,6,0
7792,2,1,SKU-13,10,1,2025-11-26,2025-12-08,8,0
7793,2,3,SKU-13,10,1,2025-11-26,2025-12-11,11,1
7794,1,3,SKU-03,10,1,2025-11-26,2025-12-08,8,0
7795,1,2,SKU-01,10,1,2025-11-26,2025-12-12,12,1
7796,1,2,SKU-01,10,1,2025-11-26,2025-12-17,15,1
7797,2,2,SKU-03,10,1,2025-11-26,2025-12-26,22,1
7798,6,2,SKU-13,10,1,2025-11-26,2025-12-09,9,0
7799,6,3,SKU-07,10,1,2025-11-26,2025-12-23,19,1
7800,5,1,SKU-14,10,1,2025-11-26,2025-12-24,20,1
7801,6,3,SKU-04,10,1,2025-11-26,2025-12-11,11,1
7802,3,1,SKU-02,10,1,2025-11-26,2025-12-09,9,0
7803,2,3,SKU-01,10,1,2025-11-26,2025-12-18,16,1
7804,4,1,SKU-15,10,1,2025-11-26,2025-12-10,10,0
7805,5,1,SKU-02,10,1,2025-11-26,2025-12-12,12,1
7806,1,1,SKU-12,10,1,2025-11-26,2025-12-18,16,1
7807,6,1,SKU-03,10,1,2025-11-26,2025-12-17,15,1
7808,1,2,SKU-03,10,1,2025-11-26,2025-12-24,20,1
7809,4,1,SKU-07,10,1,2025-11-26,2025-12-16,14,1
7810,6,3,SKU-06,10,1,2025-11-26,2025-12-04,6,0
7811,5,3,SKU-09,10,1,2025-11-26,2025-12-17,15,1
7812,2,1,SKU-05,10,1,2025-11-26,2025-12-16,14,1
7813,5,3,SKU-06,10,1,2025-11-26,2025-12-12,12,1
7814,6,1,SKU-11,10,1,2025-11-26,2025-12-17,15,1
7815,3,3,SKU-01,10,1,2025-11-26,2025-12-17,15,1
7816,5,3,SKU-11,10,1,2025-11-26,2025-12-05,7,0
7817,1,3,SKU-10,10,1,2025-11-26,2025-12-15,13,1
7818,2,2,SKU-10,10,1,2025-11-26,2025-12-09,9,0
7819,5,1,SKU-09,10,1,2025-11-26,2025-12-11,11,1
7820,3,2,SKU-03,10,1,2025-11-26,2025-12-15,13,1
7821,5,3,SKU-07,10,1,2025-11-26,2025-12-15,13,1
7822,5,2,SKU-06,10,1,2025-11-26,2025-12-17,15,1
7823,6,2,SKU-13,10,1,2025-11-26,2025-12-17,15,1
7824,6,2,SKU-13,10,1,2025-11-26,2025-12-19,17,1
7825,6,1,SKU-01,10,1,2025-11-26,2025-12-11,11,1
7826,4,2,SKU-03,10,1,2025-11-26,2025-12-10,10,0
7827,4,3,SKU-05,10,1,2025-11-26,2025-12-16,14,1
7828,2,2,SKU-12,10,1,2025-11-26,2025-12-11,11,1
7829,4,2,SKU-10,10,1,2025-11-26,2025-12-10,10,0
7830,4,1,SKU-15,10,1,2025-11-26,2025-12-15,13,1
7831,6,2,SKU-11,10,1,2025-11-26,2025-12-17,15,1
7832,1,1,SKU-02,10,1,2025-11-26,2025-12-18,16,1
7833,3,3,SKU-14,10,1,2025-11-26,2025-12-15,13,1
7834,1,3,SKU-06,10,1,2025-11-26,2025-12-15,13,1
7835,1,1,SKU-05,10,1,2025-11-26,2025-12-15,13,1
7836,2,1,SKU-03,10,1,2025-11-26,2025-12-18,16,1
7837,2,2,SKU-04,10,1,2025-11-26,2025-12-16,14,1
7838,2,3,SKU-09,10,1,2025-11-26,2025-12-17,15,1
7839,1,3,SKU-12,10,1,2025-11-26,2025-12-19,17,1
7840,6,1,SKU-10,10,1,2025-11-26,2025-12-05,7,0
7841,6,3,SKU-02,10,1,2025-11-26,2025-12-15,13,1
7842,4,1,SKU-12,10,1,2025-11-26,2025-12-12,12,1
7843,1,2,SKU-04,10,1,2025-11-26,2025-12-16,14,1
7844,6,2,SKU-12,10,1,2025-11-26,2025-12-09,9,0
7845,3,3,SKU-01,10,1,2025-11-26,2025-12-24,20,1
7846,6,2,SKU-15,10,1,2025-11-26,2025-12-19,17,1
7847,5,2,SKU-05,10,1,2025-11-26,2025-12-11,11,1
7848,6,2,SKU-04,10,1,2025-11-26,2025-12-12,12,1
7849,6,1,SKU-02,10,1,2025-11-26,2025-12-24,20,1
7850,3,3,SKU-10,10,1,2025-11-26,2025-12-15,13,1
7851,4,1,SKU-09,10,1,2025-11-26,2025-12-18,16,1
7852,2,2,SKU-02,10,1,2025-11-26,2025-12-17,15,1
7853,4,3,SKU-03,10,1,2025-11-26,2025-12-16,14,1
7854,1,3,SKU-05,10,1,2025-11-26,2025-12-16,14,1
7855,2,3,SKU-08,10,1,2025-11-26,2025-12-18,16,1
7856,4,2,SKU-12,10,1,2025-11-26,2025-12-11,11,1
7857,1,2,SKU-14,10,1,2025-11-26,2025-12-24,20,1
7858,1,3,SKU-05,10,1,2025-11-26,2025-12-12,12,1
7859,5,2,SKU-15,10,1,2025-11-26,2025-12-12,12,1
7860,6,2,SKU-09,10,1,2025-11-26,2025-12-11,11,1
7861,5,3,SKU-03,10,1,2025-11-26,2025-12-18,16,1
7862,3,3,SKU-02,10,1,2025-11-26,2025-12-18,16,1
7863,3,2,SKU-11,10,1,2025-11-26,2025-12-17,15,1
7864,3,3,SKU-10,10,1,2025-11-26,2025-12-15,13,1
7865,5,1,SKU-03,10,1,2025-11-26,2025-12-08,8,0
7866,4,3,SKU-10,10,1,2025-11-26,2025-12-16,14,1
7867,5,2,SKU-12,10,1,2025-11-26,2025-12-22,18,1
7868,2,2,SKU-06,10,1,2025-11-26,2025-12-16,14,1
7869,5,2,SKU-03,10,1,2025-11-26,2025-12-12,12,1
7870,2,2,SKU-11,10,1,2025-11-26,2025-12-23,19,1
7871,6,2,SKU-08,10,1,2025-11-26,2025-12-17,15,1
7872,4,1,SKU-06,10,1,2025-11-26,2025-12-17,15,1
7873,6,1,SKU-14,10,1,2025-11-26,2025-12-11,11,1
7874,3,3,SKU-12,10,1,2025-11-26,2025-12-18,16,1
7875,5,2,SKU-13,10,1,2025-11-26,2025-12-09,9,0
7876,1,1,SKU-08,10,1,2025-11-26,2025-12-05,7,0
7877,4,1,SKU-11,10,1,2025-11-26,2025-12-18,16,1
7878,3,3,SKU-09,10,1,2025-11-26,2025-12-17,15,1
7879,6,2,SKU-15,10,1,2025-11-26,2025-12-12,12,1
7880,2,3,SKU-03,10,1,2025-11-26,2025-12-05,7,0
7881,6,2,SKU-15,10,1,2025-11-26,2025-12-22,18,1
7882,6,3,SKU-06,10,1,2025-11-26,2025-12-08,8,0
7883,5,2,SKU-15,10,1,2025-11-26,2025-12-15,13,1
7884,6,1,SKU-06,10,1,2025-11-26,2025-12-16,14,1
7885,6,3,SKU-12,10,1,2025-11-26,2025-12-16,14,1
7886,4,2,SKU-14,10,1,2025-11-26,2025-12-19,17,1
7887,6,3,SKU-10,10,1,2025-11-26,2025-12-22,18,1
7888,5,1,SKU-13,10,1,2025-11-26,2025-12-12,12,1
7889,6,2,SKU-12,10,1,2025-11-26,2025-12-17,15,1
7890,2,3,SKU-14,10,1,2025-11-26,2025-12-11,11,1
7891,2,3,SKU-08,10,1,2025-11-26,2025-12-16,14,1
7892,5,3,SKU-07,10,1,2025-11-26,2025-12-19,17,1
7893,1,3,SKU-11,10,1,2025-11-26,2025-12-17,15,1
7894,1,3,SKU-05,10,1,2025-11-26,2025-12-18,16,1
7895,5,1,SKU-11,10,1,2025-11-26,2025-12-16,14,1
7896,4,3,SKU-06,10,1,2025-11-26,2025-12-12,12,1
7897,6,2,SKU-04,10,1,2025-11-26,2025-12-12,12,1
7898,1,3,SKU-11,10,1,2025-11-26,2025-12-16,14,1
7899,5,3,SKU-07,10,1,2025-11-26,2025-12-23,19,1
7900,6,2,SKU-06,10,1,2025-11-26,2025-12-12,12,1
7901,5,2,SKU-09,10,1,2025-11-26,2025-12-05,7,0
7902,1,1,SKU-05,10,1,2025-11-26,2025-12-17,15,1
7903,2,3,SKU-15,10,1,2025-11-26,2025-12-18,16,1
7904,4,2,SKU-08,10,1,2025-11-26,2025-12-15,13,1
7905,5,3,SKU-10,10,1,2025-11-26,2025-12-10,10,0
7906,5,2,SKU-14,10,1,2025-11-26,2025-12-22,18,1
7907,2,3,SKU-11,10,1,2025-11-26,2025-12-12,12,1
7908,5,1,SKU-15,10,1,2025-11-26,2025-12-10,10,0
7909,3,2,SKU-10,10,1,2025-11-26,2025-12-19,17,1
7910,1,3,SKU-12,10,1,2025-11-26,2025-12-22,18,1
7911,6,2,SKU-06,10,1,2025-11-26,2025-12-19,17,1
7912,2,1,SKU-03,10,1,2025-11-26,2025-12-17,15,1
7913,2,3,SKU-15,10,1,2025-11-26,2025-12-19,17,1
7914,3,3,SKU-01,10,1,2025-11-26,2025-12-18,16,1
7915,6,1,SKU-11,10,1,2025-11-26,2025-12-19,17,1
7916,6,1,SKU-12,10,1,2025-11-26,2025-12-19,17,1
7917,5,3,SKU-01,10,1,2025-11-26,2025-12-16,14,1
7918,1,1,SKU-13,10,1,2025-11-26,2025-12-05,7,0
7919,5,1,SKU-11,10,1,2025-11-26,2025-12-12,12,1
7920,2,1,SKU-13,10,1,2025-11-26,2025-12-11,11,1
7921,1,1,SKU-07,10,1,2025-11-26,2025-12-17,15,1
7922,2,3,SKU-11,10,1,2025-11-26,2025-12-17,15,1
7923,3,3,SKU-07,10,1,2025-11-26,2025-12-22,18,1
7924,6,1,SKU-13,10,1,2025-11-26,2025-12-10,10,0
7925,6,2,SKU-08,10,1,2025-11-26,2025-12-11,11,1
7926,3,3,SKU-15,10,1,2025-11-26,2025-12-10,10,0
7927,5,2,SKU-12,10,1,2025-11-26,2025-12-15,13,1
7928,6,3,SKU-09,10,1,2025-11-26,2025-12-17,15,1
7929,3,1,SKU-02,10,1,2025-11-26,2025-12-10,10,0
7930,6,1,SKU-13,10,1,2025-11-26,2025-12-19,17,1
7931,5,2,SKU-10,10,1,2025-11-26,2025-12-11,11,1
7932,1,3,SKU-03,10,1,2025-11-26,2025-12-15,13,1
7933,1,2,SKU-15,10,1,2025-11-26,2025-12-16,14,1
7934,5,2,SKU-02,10,1,2025-11-26,2025-12-16,14,1
7935,3,3,SKU-12,10,1,2025-11-26,2025-12-05,7,0
7936,1,2,SKU-11,10,1,2025-11-26,2025-12-08,8,0
7937,6,1,SKU-07,10,1,2025-11-26,2025-12-18,16,1
7938,1,1,SKU-15,10,1,2025-11-26,2025-12-22,18,1
7939,1,1,SKU-05,10,1,2025-11-26,2025-12-16,14,1
7940,1,3,SKU-11,10,1,2025-11-26,2025-12-11,11,1
7941,6,3,SKU-04,10,1,2025-11-26,2025-12-12,12,1
7942,4,1,SKU-10,10,1,2025-11-26,2025-12-04,6,0
7943,4,1,SKU-11,10,1,2025-11-26,2025-12-11,11,1
7944,3,3,SKU-08,10,1,2025-11-26,2025-12-12,12,1
7945,3,1,SKU-09,10,1,2025-11-26,2025-12-17,15,1
7946,5,2,SKU-06,10,1,2025-11-26,2025-12-15,13,1
7947,5,3,SKU-04,10,1,2025-11-26,2025-12-08,8,0
7948,6,2,SKU-09,10,1,2025-11-26,2025-12-11,11,1
7949,1,2,SKU-02,10,1,2025-11-26,2025-12-05,7,0
7950,2,3,SKU-12,10,1,2025-11-26,2025-12-10,10,0
7951,3,1,SKU-02,10,1,2025-11-26,2025-12-18,16,1
7952,6,1,SKU-13,10,1,2025-11-26,2025-12-23,19,1
7953,4,1,SKU-05,10,1,2025-11-26,2025-12-15,13,1
7954,3,3,SKU-15,10,1,2025-11-26,2025-12-08,8,0
7955,4,2,SKU-12,10,1,2025-11-26,2025-12-24,20,1
7956,2,1,SKU-09,10,1,2025-11-26,2025-12-16,14,1
7957,3,1,SKU-06,10,1,2025-11-26,2025-12-16,14,1
7958,3,1,SKU-13,10,1,2025-11-26,2025-12-15,13,1
7959,3,2,SKU-03,10,1,2025-11-26,2025-12-11,11,1
7960,6,2,SKU-09,10,1,2025-11-26,2025-12-10,10,0
7961,2,2,SKU-02,10,1,2025-11-26,2025-12-09,9,0
7962,3,2,SKU-06,10,1,2025-11-26,2025-12-05,7,0
7963,2,2,SKU-11,10,1,2025-11-26,2025-12-23,19,1
7964,5,2,SKU-02,10,1,2025-11-26,2025-12-25,21,1
7965,2,2,SKU-12,10,1,2025-11-26,2025-12-16,14,1
7966,3,2,SKU-14,10,1,2025-11-26,2025-12-11,11,1
7967,4,3,SKU-08,10,1,2025-11-26,2025-12-11,11,1
7968,5,3,SKU-14,10,1,2025-11-26,2025-12-15,13,1
7969,6,3,SKU-12,10,1,2025-11-26,2025-12-17,15,1
7970,5,2,SKU-01,10,1,2025-11-26,2025-12-17,15,1
7971,3,3,SKU-11,10,1,2025-11-26,2025-12-17,15,1
7972,2,2,SKU-12,10,1,2025-11-26,2025-12-26,22,1
7973,5,3,SKU-15,10,1,2025-11-26,2025-12-15,13,1
7974,3,1,SKU-06,10,1,2025-11-26,2025-12-23,19,1
7975,5,3,SKU-06,10,1,2025-11-26,2025-12-19,17,1
7976,1,3,SKU-15,10,1,2025-11-26,2025-12-18,16,1
7977,1,1,SKU-15,10,1,2025-11-26,2025-12-16,14,1
7978,6,1,SKU-15,10,1,2025-11-26,2025-12-23,19,1
7979,5,3,SKU-07,10,1,2025-11-26,2025-12-16,14,1
7980,3,3,SKU-03,10,1,2025-11-26,2025-12-04,6,0
7981,4,3,SKU-04,10,1,2025-11-26,2025-12-15,13,1
7982,5,1,SKU-07,10,1,2025-11-26,2025-12-12,12,1
7983,3,3,SKU-04,10,1,2025-11-26,2025-12-18,16,1
7984,1,3,SKU-13,10,1,2025-11-26,2025-12-18,16,1
7985,3,1,SKU-11,10,1,2025-11-26,2025-12-10,10,0
7986,2,2,SKU-01,10,1,2025-11-26,2025-12-25,21,1
7987,6,3,SKU-04,10,1,2025-11-26,2025-12-10,10,0
7988,1,2,SKU-07,10,1,2025-11-26,2025-12-17,15,1
7989,4,3,SKU-05,10,1,2025-11-26,2025-12-18,16,1
7990,4,2,SKU-03,10,1,2025-11-26,2025-12-17,15,1
7991,3,1,SKU-12,10,1,2025-11-26,2025-12-16,14,1
7992,4,3,SKU-10,10,1,2025-11-26,2025-12-19,17,1
7993,4,3,SKU-01,10,1,2025-11-26,2025-12-18,16,1
7994,5,3,SKU-11,10,1,2025-11-26,2025-12-10,10,0
7995,4,2,SKU-05,10,1,2025-11-26,2025-12-22,18,1
7996,6,1,SKU-03,10,1,2025-11-26,2025-12-23,19,1
7997,4,2,SKU-11,10,1,2025-11-26,2025-12-15,13,1
7998,1,2,SKU-05,10,1,2025-11-26,2025-12-18,16,1
7999,1,2,SKU-05,10,1,2025-11-26,2025-12-11,11,1
8000,5,3,SKU-08,10,1,2025-11-26,2025-12-09,9,0
8001,5,1,SKU-15,10,1,2025-11-26,2025-12-11,11,1
8002,1,2,SKU-10,10,1,2025-11-26,2025-12-25,21,1
8003,2,3,SKU-06,10,1,2025-11-26,2025-12-09,9,0
8004,4,2,SKU-09,10,1,2025-11-26,2025-12-10,10,0
8005,4,1,SKU-01,10,1,2025-11-26,2025-12-12,12,1
8006,1,3,SKU-05,10,1,2025-11-26,2025-12-10,10,0
8007,1,2,SKU-10,10,1,2025-11-26,2025-12-16,14,1
8008,6,1,SKU-11,10,1,2025-11-26,2025-12-18,16,1
8009,4,3,SKU-13,10,1,2025-11-26,2025-12-17,15,1
8010,4,2,SKU-01,10,1,2025-11-26,2025-12-15,13,1
8011,6,3,SKU-04,10,1,2025-11-26,2025-12-17,15,1
8012,5,3,SKU-15,10,1,2025-11-26,2025-12-25,21,1
8013,5,2,SKU-11,10,1,2025-11-26,2025-12-18,16,1
8014,5,2,SKU-11,10,1,2025-11-27,2025-12-10,9,0
8015,4,2,SKU-10,10,1,2025-11-27,2025-12-10,9,0
8016,4,3,SKU-12,10,1,2025-11-27,2025-12-12,11,1
8017,4,3,SKU-05,10,1,2025-11-27,2025-12-18,15,1
8018,1,1,SKU-09,10,1,2025-11-27,2025-12-17,14,1
8019,6,1,SKU-11,10,1,2025-11-27,2025-12-11,10,0
8020,2,3,SKU-10,10,1,2025-11-27,2025-12-18,15,1
8021,3,3,SKU-08,10,1,2025-11-27,2025-12-10,9,0
8022,1,1,SKU-07,10,1,2025-11-27,2025-12-15,12,1
8023,3,2,SKU-01,10,1,2025-11-27,2025-12-08,7,0
8024,4,1,SKU-03,10,1,2025-11-27,2025-12-16,13,1
8025,1,3,SKU-08,10,1,2025-11-27,2025-12-15,12,1
8026,6,3,SKU-11,10,1,2025-11-27,2025-12-11,10,0
8027,3,1,SKU-01,10,1,2025-11-27,2025-12-15,12,1
8028,4,1,SKU-01,10,1,2025-11-27,2025-12-22,17,1
8029,3,1,SKU-02,10,1,2025-11-27,2025-12-15,12,1
8030,2,3,SKU-07,10,1,2025-11-27,2025-12-09,8,0
8031,2,1,SKU-02,10,1,2025-11-27,2025-12-16,13,1
8032,1,2,SKU-02,10,1,2025-11-27,2025-12-11,10,0
8033,3,2,SKU-12,10,1,2025-11-27,2025-12-16,13,1
8034,1,1,SKU-14,10,1,2025-11-27,2025-12-16,13,1
8035,1,2,SKU-10,10,1,2025-11-27,2025-12-16,13,1
8036,4,2,SKU-13,10,1,2025-11-27,2025-12-17,14,1
8037,6,3,SKU-04,10,1,2025-11-27,2025-12-17,14,1
8038,2,3,SKU-07,10,1,2025-11-27,2025-12-15,12,1
8039,2,3,SKU-14,10,1,2025-11-27,2025-12-16,13,1
8040,3,1,SKU-08,10,1,2025-11-27,2025-12-16,13,1
8041,1,2,SKU-14,10,1,2025-11-27,2025-12-12,11,1
8042,6,3,SKU-05,10,1,2025-11-27,2025-12-09,8,0
8043,3,3,SKU-07,10,1,2025-11-27,2025-12-10,9,0
8044,5,1,SKU-01,10,1,2025-11-27,2025-12-17,14,1
8045,2,2,SKU-12,10,1,2025-11-27,2025-12-17,14,1
8046,6,2,SKU-06,10,1,2025-11-27,2025-12-19,16,1
8047,4,2,SKU-05,10,1,2025-11-27,2025-12-19,16,1
8048,4,1,SKU-02,10,1,2025-11-27,2025-12-15,12,1
8049,2,2,SKU-09,10,1,2025-11-27,2025-12-10,9,0
8050,4,2,SKU-05,10,1,2025-11-27,2025-12-23,18,1
8051,4,2,SKU-05,10,1,2025-11-27,2025-12-12,11,1
8052,1,3,SKU-01,10,1,2025-11-27,2025-12-15,12,1
8053,1,1,SKU-14,10,1,2025-11-27,2025-12-16,13,1
8054,5,1,SKU-15,10,1,2025-11-27,2025-12-11,10,0
8055,6,3,SKU-10,10,1,2025-11-27,2025-12-15,12,1
8056,5,2,SKU-04,10,1,2025-11-27,2025-12-12,11,1
8057,1,1,SKU-01,10,1,2025-11-27,2025-12-23,18,1
8058,5,2,SKU-14,10,1,2025-11-27,2025-12-16,13,1
8059,1,2,SKU-07,10,1,2025-11-27,2025-12-15,12,1
8060,1,2,SKU-05,10,1,2025-11-27,2025-12-10,9,0
8061,2,2,SKU-05,10,1,2025-11-27,2025-12-23,18,1
8062,1,3,SKU-09,10,1,2025-11-27,2025-12-12,11,1
8063,3,1,SKU-08,10,1,2025-11-27,2025-12-22,17,1
8064,3,1,SKU-15,10,1,2025-11-27,2025-12-19,16,1
8065,2,3,SKU-02,10,1,2025-11-27,2025-12-19,16,1
8066,5,2,SKU-07,10,1,2025-11-27,2025-12-18,15,1
8067,5,3,SKU-13,10,1,2025-11-27,2025-12-23,18,1
8068,6,2,SKU-01,10,1,2025-11-27,2025-12-12,11,1
8069,5,3,SKU-06,10,1,2025-11-27,2025-12-12,11,1
8070,6,2,SKU-01,10,1,2025-11-27,2025-12-16,13,1
8071,4,2,SKU-04,10,1,2025-11-27,2025-12-16,13,1
8072,6,2,SKU-02,10,1,2025-11-27,2025-12-16,13,1
8073,4,3,SKU-01,10,1,2025-11-27,2025-12-25,20,1
8074,5,3,SKU-04,10,1,2025-11-27,2025-12-16,13,1
8075,1,2,SKU-07,10,1,2025-11-27,2025-12-09,8,0
8076,1,2,SKU-06,10,1,2025-11-27,2025-12-15,12,1
8077,2,3,SKU-07,10,1,2025-11-27,2025-12-09,8,0
8078,6,2,SKU-10,10,1,2025-11-27,2025-12-11,10,0
8079,4,1,SKU-10,10,1,2025-11-27,2025-12-15,12,1
8080,3,2,SKU-01,10,1,2025-11-27,2025-12-25,20,1
8081,5,1,SKU-01,10,1,2025-11-27,2025-12-10,9,0
8082,1,1,SKU-12,10,1,2025-11-27,2025-12-17,14,1
8083,1,1,SKU-01,10,1,2025-11-27,2025-12-24,19,1
8084,3,2,SKU-12,10,1,2025-11-27,2025-12-15,12,1
8085,1,1,SKU-09,10,1,2025-11-27,2025-12-18,15,1
8086,6,3,SKU-04,10,1,2025-11-27,2025-12-15,12,1
8087,1,2,SKU-05,10,1,2025-11-27,2025-12-15,12,1
8088,1,2,SKU-01,10,1,2025-11-27,2025-12-17,14,1
8089,4,1,SKU-06,10,1,2025-11-27,2025-12-15,12,1
8090,2,3,SKU-09,10,1,2025-11-27,2025-12-22,17,1
8091,6,3,SKU-08,10,1,2025-11-27,2025-12-11,10,0
8092,4,1,SKU-10,10,1,2025-11-27,2025-12-17,14,1
8093,6,1,SKU-10,10,1,2025-11-27,2025-12-19,16,1
8094,2,1,SKU-10,10,1,2025-11-27,2025-12-12,11,1
8095,5,3,SKU-04,10,1,2025-11-27,2025-12-18,15,1
8096,3,2,SKU-01,10,1,2025-11-27,2025-12-15,12,1
8097,6,2,SKU-13,10,1,2025-11-27,2025-12-15,12,1
8098,4,2,SKU-12,10,1,2025-11-27,2025-12-16,13,1
8099,4,1,SKU-01,10,1,2025-11-27,2025-12-12,11,1
8100,3,3,SKU-15,10,1,2025-11-27,2025-12-11,10,0
8101,3,3,SKU-09,10,1,2025-11-27,2025-12-16,13,1
8102,2,1,SKU-13,10,1,2025-11-27,2025-12-23,18,1
8103,1,2,SKU-11,10,1,2025-11-27,2025-12-10,9,0
8104,1,3,SKU-05,10,1,2025-11-27,2025-12-18,15,1
8105,5,1,SKU-10,10,1,2025-11-27,2025-12-22,17,1
8106,4,1,SKU-05,10,1,2025-11-27,2025-12-17,14,1
8107,4,3,SKU-13,10,1,2025-11-27,2025-12-15,12,1
8108,6,3,SKU-04,10,1,2025-11-27,2025-12-17,14,1
8109,6,1,SKU-12,10,1,2025-11-27,2025-12-15,12,1
8110,3,3,SKU-15,10,1,2025-11-27,2025-12-19,16,1
8111,6,1,SKU-03,10,1,2025-11-27,2025-12-23,18,1
8112,2,3,SKU-15,10,1,2025-11-27,2025-12-24,19,1
8113,2,3,SKU-09,10,1,2025-11-27,2025-12-09,8,0
8114,4,2,SKU-02,10,1,2025-11-27,2025-12-16,13,1
8115,2,1,SKU-06,10,1,2025-11-27,2025-12-18,15,1
8116,6,3,SKU-02,10,1,2025-11-27,2025-12-10,9,0
8117,3,1,SKU-09,10,1,2025-11-27,2025-12-19,16,1
8118,1,2,SKU-03,10,1,2025-11-27,2025-12-15,12,1
8119,3,2,SKU-08,10,1,2025-11-27,2025-12-05,6,0
8120,4,2,SKU-06,10,1,2025-11-27,2025-12-18,15,1
8121,6,1,SKU-14,10,1,2025-11-27,2025-12-15,12,1
8122,6,1,SKU-06,10,1,2025-11-27,2025-12-09,8,0
8123,1,2,SKU-04,10,1,2025-11-27,2025-12-25,20,1
8124,2,1,SKU-06,10,1,2025-11-27,2025-12-18,15,1
8125,2,3,SKU-11,10,1,2025-11-27,2025-12-15,12,1
8126,1,1,SKU-13,10,1,2025-11-27,2025-12-05,6,0
8127,3,3,SKU-06,10,1,2025-11-27,2025-12-17,14,1
8128,6,1,SKU-15,10,1,2025-11-27,2025-12-22,17,1
8129,5,3,SKU-11,10,1,2025-11-27,2025-12-22,17,1
8130,2,1,SKU-02,10,1,2025-11-27,2025-12-26,21,1
8131,1,1,SKU-10,10,1,2025-11-27,2025-12-12,11,1
8132,6,3,SKU-01,10,1,2025-11-27,2025-12-22,17,1
8133,2,3,SKU-07,10,1,2025-11-27,2025-12-17,14,1
8134,3,3,SKU-03,10,1,2025-11-27,2025-12-15,12,1
8135,5,3,SKU-01,10,1,2025-11-27,2025-12-10,9,0
8136,3,3,SKU-12,10,1,2025-11-27,2025-12-11,10,0
8137,3,1,SKU-04,10,1,2025-11-27,2025-12-22,17,1
8138,2,2,SKU-08,10,1,2025-11-27,2025-12-15,12,1
8139,5,1,SKU-09,10,1,2025-11-27,2025-12-19,16,1
8140,1,3,SKU-07,10,1,2025-11-27,2025-12-16,13,1
8141,4,3,SKU-05,10,1,2025-11-27,2025-12-19,16,1
8142,1,2,SKU-07,10,1,2025-11-27,2025-12-25,20,1
8143,2,3,SKU-13,10,1,2025-11-27,2025-12-16,13,1
8144,5,2,SKU-01,10,1,2025-11-27,2025-12-18,15,1
8145,2,1,SKU-14,10,1,2025-11-27,2025-12-15,12,1
8146,1,3,SKU-06,10,1,2025-11-27,2025-12-19,16,1
8147,4,3,SKU-02,10,1,2025-11-27,2025-12-19,16,1
8148,4,3,SKU-03,10,1,2025-11-27,2025-12-22,17,1
8149,4,2,SKU-05,10,1,2025-11-27,2025-12-23,18,1
8150,3,1,SKU-08,10,1,2025-11-27,2025-12-11,10,0
8151,1,2,SKU-02,10,1,2025-11-27,2025-12-15,12,1
8152,2,1,SKU-12,10,1,2025-11-27,2025-12-22,17,1
8153,4,3,SKU-12,10,1,2025-11-27,2025-12-11,10,0
8154,1,1,SKU-12,10,1,2025-11-27,2025-12-24,19,1
8155,4,1,SKU-05,10,1,2025-11-27,2025-12-18,15,1
8156,1,3,SKU-02,10,1,2025-11-27,2025-12-17,14,1
8157,5,2,SKU-14,10,1,2025-11-27,2025-12-23,18,1
8158,4,1,SKU-12,10,1,2025-11-27,2025-12-12,11,1
8159,3,1,SKU-12,10,1,2025-11-27,2025-12-18,15,1
8160,1,3,SKU-15,10,1,2025-11-27,2025-12-23,18,1
8161,3,1,SKU-09,10,1,2025-11-27,2025-12-16,13,1
8162,2,3,SKU-07,10,1,2025-11-27,2025-12-17,14,1
8163,3,3,SKU-14,10,1,2025-11-27,2025-12-15,12,1
8164,6,3,SKU-03,10,1,2025-11-27,2025-12-12,11,1
8165,5,1,SKU-13,10,1,2025-11-27,2025-12-16,13,1
8166,5,3,SKU-14,10,1,2025-11-27,2025-12-19,16,1
8167,3,2,SKU-15,10,1,2025-11-27,2025-12-24,19,1
8168,3,2,SKU-02,10,1,2025-11-27,2025-12-12,11,1
8169,4,3,SKU-12,10,1,2025-11-27,2025-12-24,19,1
8170,2,3,SKU-03,10,1,2025-11-27,2025-12-19,16,1
8171,4,3,SKU-12,10,1,2025-11-27,2025-12-09,8,0
8172,6,2,SKU-06,10,1,2025-11-27,2025-12-18,15,1
8173,2,3,SKU-12,10,1,2025-11-27,2025-12-10,9,0
8174,3,1,SKU-06,10,1,2025-11-27,2025-12-05,6,0
8175,5,2,SKU-14,10,1,2025-11-27,2025-12-12,11,1
8176,5,3,SKU-12,10,1,2025-11-27,2025-12-19,16,1
8177,5,3,SKU-02,10,1,2025-11-27,2025-12-10,9,0
8178,6,3,SKU-07,10,1,2025-11-27,2025-12-19,16,1
8179,2,2,SKU-02,10,1,2025-11-27,2025-12-12,11,1
8180,5,2,SKU-15,10,1,2025-11-27,2025-12-16,13,1
8181,1,1,SKU-08,10,1,2025-11-27,2025-12-10,9,0
8182,5,3,SKU-12,10,1,2025-11-27,2025-12-17,14,1
8183,4,1,SKU-10,10,1,2025-11-27,2025-12-19,16,1
8184,2,1,SKU-14,10,1,2025-11-27,2025-12-15,12,1
8185,4,3,SKU-12,10,1,2025-11-27,2025-12-19,16,1
8186,4,3,SKU-10,10,1,2025-11-27,2025-12-15,12,1
8187,3,2,SKU-08,10,1,2025-11-27,2025-12-18,15,1
8188,3,2,SKU-10,10,1,2025-11-27,2025-12-16,13,1
8189,6,1,SKU-02,10,1,2025-11-27,2025-12-22,17,1
8190,2,1,SKU-13,10,1,2025-11-27,2025-12-12,11,1
8191,2,1,SKU-02,10,1,2025-11-27,2025-12-23,18,1
8192,1,1,SKU-09,10,1,2025-11-27,2025-12-17,14,1
8193,4,3,SKU-07,10,1,2025-11-27,2025-12-15,12,1
8194,2,1,SKU-01,10,1,2025-11-27,2025-12-18,15,1
8195,4,2,SKU-12,10,1,2025-11-27,2025-12-19,16,1
8196,1,2,SKU-07,10,1,2025-11-27,2025-12-18,15,1
8197,3,2,SKU-11,10,1,2025-11-27,2025-12-18,15,1
8198,1,2,SKU-15,10,1,2025-11-27,2025-12-12,11,1
8199,3,2,SKU-12,10,1,2025-11-27,2025-12-23,18,1
8200,1,1,SKU-14,10,1,2025-11-27,2025-12-17,14,1
8201,4,1,SKU-15,10,1,2025-11-27,2025-12-12,11,1
8202,3,3,SKU-15,10,1,2025-11-27,2025-12-09,8,0
8203,2,3,SKU-02,10,1,2025-11-27,2025-12-18,15,1
8204,3,3,SKU-12,10,1,2025-11-27,2025-12-16,13,1
8205,2,3,SKU-11,10,1,2025-11-27,2025-12-19,16,1
8206,1,2,SKU-15,10,1,2025-11-27,2025-12-15,12,1
8207,2,1,SKU-11,10,1,2025-11-27,2025-12-24,19,1
8208,4,1,SKU-12,10,1,2025-11-27,2025-12-25,20,1
8209,2,2,SKU-12,10,1,2025-11-27,2025-12-17,14,1
8210,5,1,SKU-10,10,1,2025-11-27,2025-12-11,10,0
8211,3,1,SKU-04,10,1,2025-11-27,2025-12-16,13,1
8212,5,3,SKU-09,10,1,2025-11-27,2025-12-17,14,1
8213,6,3,SKU-12,10,1,2025-11-27,2025-12-19,16,1
8214,4,3,SKU-01,10,1,2025-11-27,2025-12-12,11,1
8215,4,3,SKU-10,10,1,2025-11-27,2025-12-16,13,1
8216,2,1,SKU-13,10,1,2025-11-27,2025-12-18,15,1
8217,5,2,SKU-11,10,1,2025-11-27,2025-12-15,12,1
8218,4,2,SKU-12,10,1,2025-11-27,2025-12-10,9,0
8219,6,3,SKU-08,10,1,2025-11-27,2025-12-25,20,1
8220,6,1,SKU-10,10,1,2025-11-27,2025-12-16,13,1
8221,1,1,SKU-03,10,1,2025-11-27,2025-12-09,8,0
8222,4,2,SKU-14,10,1,2025-11-27,2025-12-23,18,1
8223,2,1,SKU-14,10,1,2025-11-27,2025-12-18,15,1
8224,5,2,SKU-13,10,1,2025-11-27,2025-12-23,18,1
8225,3,3,SKU-01,10,1,2025-11-27,2025-12-18,15,1
8226,4,2,SKU-06,10,1,2025-11-27,2025-12-12,11,1
8227,4,2,SKU-08,10,1,2025-11-27,2025-12-05,6,0
8228,3,2,SKU-08,10,1,2025-11-27,2025-12-17,14,1
8229,6,1,SKU-02,10,1,2025-11-27,2025-12-05,6,0
8230,5,1,SKU-03,10,1,2025-11-27,2025-12-23,18,1
8231,3,1,SKU-04,10,1,2025-11-27,2025-12-17,14,1
8232,2,3,SKU-08,10,1,2025-11-27,2025-12-16,13,1
8233,3,3,SKU-13,10,1,2025-11-27,2025-12-25,20,1
8234,6,1,SKU-02,10,1,2025-11-27,2025-12-18,15,1
8235,6,2,SKU-03,10,1,2025-11-27,2025-12-16,13,1
8236,6,2,SKU-08,10,1,2025-11-27,2025-12-19,16,1
8237,6,1,SKU-11,10,1,2025-11-27,2025-12-10,9,0
8238,1,1,SKU-03,10,1,2025-11-27,2025-12-11,10,0
8239,3,1,SKU-11,10,1,2025-11-27,2025-12-10,9,0
8240,2,1,SKU-02,10,1,2025-11-27,2025-12-10,9,0
8241,1,2,SKU-12,10,1,2025-11-27,2025-12-17,14,1
8242,3,2,SKU-15,10,1,2025-11-27,2025-12-19,16,1
8243,1,2,SKU-13,10,1,2025-11-27,2025-12-19,16,1
8244,4,2,SKU-07,10,1,2025-11-27,2025-12-18,15,1
8245,2,2,SKU-12,10,1,2025-11-27,2025-12-26,21,1
8246,2,1,SKU-10,10,1,2025-11-27,2025-12-12,11,1
8247,6,1,SKU-03,10,1,2025-11-27,2025-12-19,16,1
8248,4,1,SKU-07,10,1,2025-11-27,2025-12-11,10,0
8249,4,1,SKU-11,10,1,2025-11-27,2025-12-25,20,1
8250,1,1,SKU-10,10,1,2025-11-27,2025-12-19,16,1
8251,3,3,SKU-07,10,1,2025-11-27,2025-12-22,17,1
8252,6,1,SKU-09,10,1,2025-11-27,2025-12-24,19,1
8253,5,3,SKU-02,10,1,2025-11-27,2025-12-12,11,1
8254,4,1,SKU-12,10,1,2025-11-27,2025-12-22,17,1
8255,4,1,SKU-02,10,1,2025-11-27,2025-12-17,14,1
8256,1,3,SKU-10,10,1,2025-11-27,2025-12-12,11,1
8257,1,2,SKU-13,10,1,2025-11-27,2025-12-16,13,1
8258,2,1,SKU-12,10,1,2025-11-27,2025-12-11,10,0
8259,4,2,SKU-14,10,1,2025-11-27,2025-12-10,9,0
8260,4,3,SKU-08,10,1,2025-11-27,2025-12-23,18,1
8261,4,1,SKU-08,10,1,2025-11-27,2025-12-15,12,1
8262,5,1,SKU-07,10,1,2025-11-27,2025-12-11,10,0
8263,4,3,SKU-08,10,1,2025-11-27,2025-12-19,16,1
8264,6,2,SKU-07,10,1,2025-11-27,2025-12-18,15,1
8265,2,3,SKU-11,10,1,2025-11-27,2025-12-11,10,0
8266,4,2,SKU-14,10,1,2025-11-27,2025-12-10,9,0
8267,1,2,SKU-06,10,1,2025-11-27,2025-12-15,12,1
8268,4,1,SKU-14,10,1,2025-11-27,2025-12-23,18,1
8269,2,1,SKU-01,10,1,2025-11-27,2025-12-15,12,1
8270,2,3,SKU-02,10,1,2025-11-27,2025-12-15,12,1
8271,5,2,SKU-06,10,1,2025-11-27,2025-12-19,16,1
8272,3,3,SKU-07,10,1,2025-11-27,2025-12-24,19,1
8273,2,2,SKU-08,10,1,2025-11-27,2025-12-16,13,1
8274,3,3,SKU-13,10,1,2025-11-27,2025-12-19,16,1
8275,2,2,SKU-10,10,1,2025-11-27,2025-12-12,11,1
8276,4,3,SKU-01,10,1,2025-11-27,2025-12-16,13,1
8277,4,2,SKU-10,10,1,2025-11-27,2025-12-17,14,1
8278,5,1,SKU-07,10,1,2025-11-27,2025-12-16,13,1
8279,4,1,SKU-01,10,1,2025-11-27,2025-12-15,12,1
8280,6,2,SKU-15,10,1,2025-11-27,2025-12-17,14,1
8281,4,3,SKU-10,10,1,2025-11-27,2025-12-15,12,1
8282,4,3,SKU-09,10,1,2025-11-27,2025-12-23,18,1
8283,1,1,SKU-08,10,1,2025-11-27,2025-12-15,12,1
8284,2,1,SKU-15,10,1,2025-11-27,2025-12-19,16,1
8285,2,2,SKU-09,10,1,2025-11-27,2025-12-10,9,0
8286,6,3,SKU-07,10,1,2025-11-27,2025-12-15,12,1
8287,6,3,SKU-12,10,1,2025-11-27,2025-12-15,12,1
8288,3,3,SKU-15,10,1,2025-11-27,2025-12-16,13,1
8289,4,1,SKU-07,10,1,2025-11-27,2025-12-17,14,1
8290,4,3,SKU-13,10,1,2025-11-27,2025-12-10,9,0
8291,5,3,SKU-08,10,1,2025-11-27,2025-12-15,12,1
8292,6,1,SKU-07,10,1,2025-11-27,2025-12-23,18,1
8293,6,3,SKU-11,10,1,2025-11-27,2025-12-17,14,1
8294,5,3,SKU-12,10,1,2025-11-27,2025-12-12,11,1
8295,2,1,SKU-04,10,1,2025-11-27,2025-12-18,15,1
8296,2,3,SKU-08,10,1,2025-11-27,2025-12-16,13,1
8297,3,1,SKU-12,10,1,2025-11-27,2025-12-05,6,0
8298,6,1,SKU-10,10,1,2025-11-27,2025-12-16,13,1
8299,2,3,SKU-03,10,1,2025-11-27,2025-12-11,10,0
8300,6,1,SKU-04,10,1,2025-11-27,2025-12-17,14,1
8301,6,3,SKU-01,10,1,2025-11-27,2025-12-19,16,1
8302,6,3,SKU-10,10,1,2025-11-27,2025-12-11,10,0
8303,2,3,SKU-11,10,1,2025-11-27,2025-12-11,10,0
8304,6,3,SKU-05,10,1,2025-11-27,2025-12-23,18,1
8305,2,3,SKU-02,10,1,2025-11-27,2025-12-16,13,1
8306,1,3,SKU-05,10,1,2025-11-27,2025-12-15,12,1
8307,5,3,SKU-04,10,1,2025-11-27,2025-12-12,11,1
8308,3,3,SKU-11,10,1,2025-11-27,2025-12-15,12,1
8309,1,1,SKU-14,10,1,2025-11-27,2025-12-15,12,1
8310,4,2,SKU-01,10,1,2025-11-27,2025-12-16,13,1
8311,1,2,SKU-08,10,1,2025-11-27,2025-12-12,11,1
8312,1,2,SKU-14,10,1,2025-11-27,2025-12-22,17,1
8313,5,1,SKU-15,10,1,2025-11-27,2025-12-16,13,1
8314,1,2,SKU-03,10,1,2025-11-27,2025-12-15,12,1
8315,6,3,SKU-08,10,1,2025-11-27,2025-12-17,14,1
8316,6,1,SKU-10,10,1,2025-11-27,2025-12-25,20,1
8317,1,3,SKU-10,10,1,2025-11-27,2025-12-23,18,1
8318,1,3,SKU-09,10,1,2025-11-27,2025-12-19,16,1
8319,6,2,SKU-04,10,1,2025-11-27,2025-12-12,11,1
8320,1,1,SKU-07,10,1,2025-11-27,2025-12-15,12,1
8321,1,3,SKU-08,10,1,2025-11-27,2025-12-15,12,1
8322,3,1,SKU-13,10,1,2025-11-27,2025-12-17,14,1
8323,6,3,SKU-14,10,1,2025-11-27,2025-12-22,17,1
8324,1,3,SKU-07,10,1,2025-11-27,2025-12-17,14,1
8325,1,2,SKU-08,10,1,2025-11-27,2025-12-22,17,1
8326,4,1,SKU-02,10,1,2025-11-27,2025-12-19,16,1
8327,3,1,SKU-11,10,1,2025-11-27,2025-12-12,11,1
8328,3,2,SKU-12,10,1,2025-11-27,2025-12-19,16,1
8329,1,2,SKU-01,10,1,2025-11-27,2025-12-19,16,1
8330,2,2,SKU-12,10,1,2025-11-27,2025-12-18,15,1
8331,4,3,SKU-12,10,1,2025-11-27,2025-12-10,9,0
8332,2,1,SKU-10,10,1,2025-11-27,2025-12-16,13,1
8333,5,1,SKU-12,10,1,2025-11-27,2025-12-15,12,1
8334,2,1,SKU-07,10,1,2025-11-27,2025-12-11,10,0
8335,3,1,SKU-06,10,1,2025-11-27,2025-12-12,11,1
8336,4,3,SKU-09,10,1,2025-11-27,2025-12-16,13,1
8337,3,1,SKU-10,10,1,2025-11-27,2025-12-17,14,1
8338,4,1,SKU-01,10,1,2025-11-27,2025-12-15,12,1
8339,1,3,SKU-03,10,1,2025-11-27,2025-12-16,13,1
8340,2,1,SKU-15,10,1,2025-11-27,2025-12-15,12,1
8341,1,3,SKU-15,10,1,2025-11-27,2025-12-10,9,0
8342,1,1,SKU-08,10,1,2025-11-27,2025-12-15,12,1
8343,3,3,SKU-05,10,1,2025-11-27,2025-12-24,19,1
8344,5,1,SKU-13,10,1,2025-11-27,2025-12-12,11,1
8345,2,2,SKU-10,10,1,2025-11-27,2025-12-23,18,1
8346,3,3,SKU-12,10,1,2025-11-27,2025-12-09,8,0
8347,5,1,SKU-01,10,1,2025-11-27,2025-12-12,11,1
8348,6,2,SKU-10,10,1,2025-11-27,2025-12-12,11,1
8349,4,3,SKU-07,10,1,2025-11-27,2025-12-16,13,1
8350,2,1,SKU-12,10,1,2025-11-27,2025-12-18,15,1
8351,3,1,SKU-15,10,1,2025-11-27,2025-12-18,15,1
8352,4,3,SKU-09,10,1,2025-11-27,2025-12-12,11,1
8353,6,2,SKU-03,10,1,2025-11-27,2025-12-18,15,1
8354,5,3,SKU-12,10,1,2025-11-27,2025-12-30,23,1
8355,4,1,SKU-15,10,1,2025-11-27,2025-12-16,13,1
8356,5,3,SKU-08,10,1,2025-11-27,2025-12-23,18,1
8357,2,2,SKU-02,10,1,2025-11-27,2025-12-15,12,1
8358,5,3,SKU-01,10,1,2025-11-27,2025-12-22,17,1
8359,2,1,SKU-09,10,1,2025-11-27,2025-12-17,14,1
8360,6,3,SKU-05,10,1,2025-11-27,2025-12-18,15,1
8361,4,1,SKU-11,10,1,2025-11-27,2025-12-19,16,1
8362,6,2,SKU-01,10,1,2025-11-27,2025-12-09,8,0
8363,1,3,SKU-11,10,1,2025-11-27,2025-12-10,9,0
8364,4,2,SKU-13,10,1,2025-11-27,2025-12-15,12,1
8365,1,3,SKU-06,10,1,2025-11-27,2025-12-16,13,1
8366,4,2,SKU-07,10,1,2025-11-27,2025-12-19,16,1
8367,3,3,SKU-08,10,1,2025-11-27,2025-12-19,16,1
8368,5,1,SKU-11,10,1,2025-11-27,2025-12-22,17,1
8369,5,2,SKU-09,10,1,2025-11-27,2025-12-19,16,1
8370,1,2,SKU-09,10,1,2025-11-27,2025-12-19,16,1
8371,4,1,SKU-10,10,1,2025-11-27,2025-12-22,17,1
8372,5,3,SKU-15,10,1,2025-11-27,2025-12-11,10,0
8373,2,1,SKU-14,10,1,2025-11-27,2025-12-22,17,1
8374,1,3,SKU-07,10,1,2025-11-27,2025-12-11,10,0
8375,1,1,SKU-11,10,1,2025-11-27,2025-12-15,12,1
8376,1,1,SKU-08,10,1,2025-11-27,2025-12-12,11,1
8377,6,3,SKU-15,10,1,2025-11-27,2025-12-22,17,1
8378,3,2,SKU-03,10,1,2025-11-27,2025-12-11,10,0
8379,1,1,SKU-12,10,1,2025-11-27,2025-12-15,12,1
8380,3,3,SKU-01,10,1,2025-11-27,2025-12-23,18,1
8381,5,2,SKU-13,10,1,2025-11-27,2025-12-19,16,1
8382,4,1,SKU-04,10,1,2025-11-27,2025-12-12,11,1
8383,2,2,SKU-08,10,1,2025-11-27,2025-12-18,15,1
8384,1,3,SKU-09,10,1,2025-11-27,2025-12-16,13,1
8385,1,2,SKU-02,10,1,2025-11-27,2025-12-18,15,1
8386,6,2,SKU-03,10,1,2025-11-27,2025-12-15,12,1
8387,2,1,SKU-14,10,1,2025-11-27,2025-12-19,16,1
8388,6,2,SKU-11,10,1,2025-11-27,2025-12-05,6,0
8389,2,1,SKU-12,10,1,2025-11-27,2025-12-18,15,1
8390,3,1,SKU-08,10,1,2025-11-27,2025-12-12,11,1
8391,4,2,SKU-07,10,1,2025-11-27,2025-12-15,12,1
8392,4,3,SKU-07,10,1,2025-11-28,2025-12-12,10,0
8393,6,1,SKU-02,10,1,2025-11-28,2025-12-17,13,1
8394,5,3,SKU-09,10,1,2025-11-28,2025-12-19,15,1
8395,6,3,SKU-13,10,1,2025-11-28,2025-12-12,10,0
8396,1,1,SKU-02,10,1,2025-11-28,2025-12-23,17,1
8397,4,3,SKU-03,10,1,2025-11-28,2025-12-22,16,1
8398,4,3,SKU-05,10,1,2025-11-28,2025-12-11,9,0
8399,5,3,SKU-02,10,1,2025-11-28,2025-12-12,10,0
8400,2,2,SKU-11,10,1,2025-11-28,2025-12-24,18,1
8401,3,2,SKU-01,10,1,2025-11-28,2025-12-22,16,1
8402,2,3,SKU-04,10,1,2025-11-28,2025-12-15,11,1
8403,1,3,SKU-02,10,1,2025-11-28,2025-12-10,8,0
8404,1,2,SKU-07,10,1,2025-11-28,2025-12-17,13,1
8405,5,1,SKU-05,10,1,2025-11-28,2025-12-17,13,1
8406,1,2,SKU-11,10,1,2025-11-28,2025-12-08,6,0
8407,2,1,SKU-11,10,1,2025-11-28,2025-12-19,15,1
8408,6,2,SKU-10,10,1,2025-11-28,2025-12-23,17,1
8409,6,3,SKU-08,10,1,2025-11-28,2025-12-15,11,1
8410,4,2,SKU-14,10,1,2025-11-28,2025-12-22,16,1
8411,5,2,SKU-11,10,1,2025-11-28,2025-12-18,14,1
8412,6,1,SKU-09,10,1,2025-11-28,2025-12-15,11,1
8413,3,2,SKU-03,10,1,2025-11-28,2025-12-17,13,1
8414,5,3,SKU-01,10,1,2025-11-28,2025-12-16,12,1
8415,5,3,SKU-04,10,1,2025-11-28,2025-12-19,15,1
8416,1,3,SKU-11,10,1,2025-11-28,2025-12-12,10,0
8417,3,2,SKU-11,10,1,2025-11-28,2025-12-19,15,1
8418,4,3,SKU-12,10,1,2025-11-28,2025-12-10,8,0
8419,5,3,SKU-14,10,1,2025-11-28,2025-12-16,12,1
8420,4,2,SKU-01,10,1,2025-11-28,2025-12-16,12,1
8421,3,1,SKU-03,10,1,2025-11-28,2025-12-19,15,1
8422,3,2,SKU-13,10,1,2025-11-28,2025-12-23,17,1
8423,2,2,SKU-09,10,1,2025-11-28,2025-12-23,17,1
8424,3,1,SKU-12,10,1,2025-11-28,2025-12-12,10,0
8425,5,1,SKU-04,10,1,2025-11-28,2025-12-24,18,1
8426,5,3,SKU-05,10,1,2025-11-28,2025-12-23,17,1
8427,5,2,SKU-10,10,1,2025-11-28,2025-12-17,13,1
8428,3,1,SKU-10,10,1,2025-11-28,2025-12-12,10,0
8429,2,2,SKU-07,10,1,2025-11-28,2025-12-16,12,1
8430,2,2,SKU-02,10,1,2025-11-28,2025-12-17,13,1
8431,1,2,SKU-06,10,1,2025-11-28,2025-12-16,12,1
8432,2,3,SKU-13,10,1,2025-11-28,2025-12-24,18,1
8433,5,1,SKU-10,10,1,2025-11-28,2025-12-12,10,0
8434,2,3,SKU-04,10,1,2025-11-28,2025-12-15,11,1
8435,4,1,SKU-06,10,1,2025-11-28,2025-12-19,15,1
8436,6,2,SKU-05,10,1,2025-11-28,2025-12-11,9,0
8437,4,1,SKU-02,10,1,2025-11-28,2025-12-24,18,1
8438,1,3,SKU-04,10,1,2025-11-28,2025-12-17,13,1
8439,1,2,SKU-13,10,1,2025-11-28,2025-12-16,12,1
8440,2,3,SKU-08,10,1,2025-11-28,2025-12-16,12,1
8441,5,2,SKU-13,10,1,2025-11-28,2025-12-16,12,1
8442,4,3,SKU-10,10,1,2025-11-28,2025-12-22,16,1
8443,2,3,SKU-01,10,1,2025-11-28,2025-12-15,11,1
8444,1,2,SKU-04,10,1,2025-11-28,2025-12-22,16,1
8445,3,3,SKU-08,10,1,2025-11-28,2025-12-08,6,0
8446,2,1,SKU-05,10,1,2025-11-28,2025-12-22,16,1
8447,2,3,SKU-11,10,1,2025-11-28,2025-12-17,13,1
8448,2,2,SKU-01,10,1,2025-11-28,2025-12-19,15,1
8449,1,1,SKU-14,10,1,2025-11-28,2025-12-17,13,1
8450,1,2,SKU-02,10,1,2025-11-28,2025-12-16,12,1
8451,3,2,SKU-04,10,1,2025-11-28,2025-12-19,15,1
8452,1,3,SKU-05,10,1,2025-11-28,2025-12-15,11,1
8453,6,1,SKU-14,10,1,2025-11-28,2025-12-17,13,1
8454,5,3,SKU-12,10,1,2025-11-28,2025-12-26,20,1
8455,1,2,SKU-12,10,1,2025-11-28,2025-12-18,14,1
8456,5,3,SKU-08,10,1,2025-11-28,2025-12-16,12,1
8457,5,2,SKU-15,10,1,2025-11-28,2025-12-17,13,1
8458,1,1,SKU-04,10,1,2025-11-28,2025-12-17,13,1
8459,1,2,SKU-13,10,1,2025-11-28,2025-12-17,13,1
8460,3,3,SKU-02,10,1,2025-11-28,2025-12-15,11,1
8461,1,3,SKU-15,10,1,2025-11-28,2025-12-18,14,1
8462,1,1,SKU-13,10,1,2025-11-28,2025-12-19,15,1
8463,6,1,SKU-04,10,1,2025-11-28,2025-12-15,11,1
8464,5,3,SKU-11,10,1,2025-11-28,2025-12-11,9,0
8465,1,3,SKU-03,10,1,2025-11-28,2025-12-19,15,1
8466,5,2,SKU-07,10,1,2025-11-28,2025-12-17,13,1
8467,4,1,SKU-03,10,1,2025-11-28,2025-12-23,17,1
8468,3,2,SKU-02,10,1,2025-11-28,2025-12-09,7,0
8469,5,2,SKU-15,10,1,2025-11-28,2025-12-15,11,1
8470,4,1,SKU-01,10,1,2025-11-28,2025-12-12,10,0
8471,6,3,SKU-09,10,1,2025-11-28,2025-12-24,18,1
8472,4,1,SKU-10,10,1,2025-11-28,2025-12-24,18,1
8473,1,1,SKU-10,10,1,2025-11-28,2025-12-22,16,1
8474,4,3,SKU-13,10,1,2025-11-28,2025-12-17,13,1
8475,2,2,SKU-03,10,1,2025-11-28,2025-12-19,15,1
8476,3,3,SKU-15,10,1,2025-11-28,2025-12-12,10,0
8477,4,2,SKU-10,10,1,2025-11-28,2025-12-12,10,0
8478,5,2,SKU-14,10,1,2025-11-28,2025-12-23,17,1
8479,1,2,SKU-08,10,1,2025-11-28,2025-12-12,10,0
8480,6,1,SKU-04,10,1,2025-11-28,2025-12-25,19,1
8481,4,2,SKU-10,10,1,2025-11-28,2025-12-18,14,1
8482,5,2,SKU-03,10,1,2025-11-28,2025-12-15,11,1
8483,3,3,SKU-12,10,1,2025-11-28,2025-12-18,14,1
8484,3,3,SKU-04,10,1,2025-11-28,2025-12-17,13,1
8485,1,3,SKU-13,10,1,2025-11-28,2025-12-24,18,1
8486,5,3,SKU-08,10,1,2025-11-28,2025-12-17,13,1
8487,5,1,SKU-05,10,1,2025-11-28,2025-12-17,13,1
8488,3,3,SKU-09,10,1,2025-11-28,2025-12-09,7,0
8489,4,3,SKU-03,10,1,2025-11-28,2025-12-16,12,1
8490,2,1,SKU-10,10,1,2025-11-28,2025-12-17,13,1
8491,3,2,SKU-12,10,1,2025-11-28,2025-12-17,13,1
8492,2,2,SKU-09,10,1,2025-11-28,2025-12-15,11,1
8493,1,2,SKU-11,10,1,2025-11-28,2025-12-19,15,1
8494,5,1,SKU-15,10,1,2025-11-28,2025-12-11,9,0
8495,5,2,SKU-06,10,1,2025-11-28,2025-12-23,17,1
8496,4,2,SKU-12,10,1,2025-11-28,2025-12-12,10,0
8497,4,3,SKU-11,10,1,2025-11-28,2025-12-22,16,1
8498,6,2,SKU-08,10,1,2025-11-28,2025-12-19,15,1
8499,4,1,SKU-15,10,1,2025-11-28,2025-12-15,11,1
8500,3,3,SKU-10,10,1,2025-11-28,2025-12-24,18,1
8501,6,2,SKU-12,10,1,2025-11-28,2025-12-24,18,1
8502,1,2,SKU-11,10,1,2025-11-28,2025-12-16,12,1
8503,3,2,SKU-15,10,1,2025-11-28,2025-12-17,13,1
8504,5,2,SKU-01,10,1,2025-11-28,2025-12-25,19,1
8505,2,1,SKU-02,10,1,2025-11-28,2025-12-19,15,1
8506,2,1,SKU-03,10,1,2025-11-28,2025-12-16,12,1
8507,3,3,SKU-07,10,1,2025-11-28,2025-12-12,10,0
8508,5,3,SKU-01,10,1,2025-11-28,2025-12-22,16,1
8509,3,2,SKU-09,10,1,2025-11-28,2025-12-18,14,1
8510,4,3,SKU-04,10,1,2025-11-28,2025-12-18,14,1
8511,4,3,SKU-07,10,1,2025-11-28,2025-12-23,17,1
8512,1,1,SKU-07,10,1,2025-11-28,2025-12-18,14,1
8513,5,3,SKU-10,10,1,2025-11-28,2025-12-17,13,1
8514,5,1,SKU-02,10,1,2025-11-28,2025-12-22,16,1
8515,6,1,SKU-06,10,1,2025-11-28,2025-12-17,13,1
8516,3,1,SKU-05,10,1,2025-11-28,2025-12-18,14,1
8517,1,3,SKU-02,10,1,2025-11-28,2025-12-18,14,1
8518,4,1,SKU-14,10,1,2025-11-28,2025-12-19,15,1
8519,4,2,SKU-06,10,1,2025-11-28,2025-12-11,9,0
8520,5,1,SKU-05,10,1,2025-11-28,2025-12-25,19,1
8521,3,2,SKU-10,10,1,2025-11-28,2025-12-17,13,1
8522,2,3,SKU-09,10,1,2025-11-28,2025-12-15,11,1
8523,1,3,SKU-11,10,1,2025-11-28,2025-12-22,16,1
8524,4,3,SKU-15,10,1,2025-11-28,2025-12-22,16,1
8525,2,2,SKU-04,10,1,2025-11-28,2025-12-12,10,0
8526,3,3,SKU-05,10,1,2025-11-28,2025-12-17,13,1
8527,1,2,SKU-02,10,1,2025-11-28,2025-12-19,15,1
8528,4,2,SKU-01,10,1,2025-11-28,2025-12-16,12,1
8529,6,3,SKU-03,10,1,2025-11-28,2025-12-18,14,1
8530,6,3,SKU-09,10,1,2025-11-28,2025-12-10,8,0
8531,2,2,SKU-01,10,1,2025-11-28,2025-12-22,16,1
8532,3,3,SKU-06,10,1,2025-11-28,2025-12-10,8,0
8533,3,2,SKU-03,10,1,2025-11-28,2025-12-25,19,1
8534,4,2,SKU-03,10,1,2025-11-28,2025-12-15,11,1
8535,3,1,SKU-05,10,1,2025-11-28,2025-12-16,12,1
8536,1,2,SKU-07,10,1,2025-11-28,2025-12-18,14,1
8537,5,1,SKU-07,10,1,2025-11-28,2025-12-22,16,1
8538,2,2,SKU-01,10,1,2025-11-28,2025-12-23,17,1
8539,2,3,SKU-12,10,1,2025-11-28,2025-12-12,10,0
8540,3,1,SKU-15,10,1,2025-11-28,2025-12-16,12,1
8541,3,1,SKU-12,10,1,2025-11-28,2025-12-19,15,1
8542,3,1,SKU-04,10,1,2025-11-28,2025-12-31,23,1
8543,3,1,SKU-07,10,1,2025-11-28,2025-12-18,14,1
8544,3,2,SKU-12,10,1,2025-11-28,2025-12-25,19,1
8545,3,1,SKU-04,10,1,2025-11-28,2025-12-24,18,1
8546,3,2,SKU-05,10,1,2025-11-28,2025-12-10,8,0
8547,6,3,SKU-15,10,1,2025-11-28,2025-12-22,16,1
8548,6,3,SKU-05,10,1,2025-11-28,2025-12-15,11,1
8549,3,1,SKU-10,10,1,2025-11-28,2025-12-17,13,1
8550,4,3,SKU-01,10,1,2025-11-28,2025-12-15,11,1
8551,4,3,SKU-07,10,1,2025-11-28,2025-12-17,13,1
8552,3,1,SKU-02,10,1,2025-11-28,2025-12-24,18,1
8553,6,1,SKU-07,10,1,2025-11-28,2025-12-17,13,1
8554,5,1,SKU-09,10,1,2025-11-28,2025-12-17,13,1
8555,1,2,SKU-04,10,1,2025-11-28,2025-12-22,16,1
8556,3,2,SKU-04,10,1,2025-11-28,2025-12-16,12,1
8557,5,3,SKU-08,10,1,2025-11-28,2025-12-08,6,0
8558,1,1,SKU-07,10,1,2025-11-28,2025-12-18,14,1
8559,1,1,SKU-10,10,1,2025-11-28,2025-12-24,18,1
8560,5,2,SKU-01,10,1,2025-11-28,2025-12-26,20,1
8561,2,2,SKU-01,10,1,2025-11-28,2025-12-19,15,1
8562,4,1,SKU-09,10,1,2025-11-28,2025-12-16,12,1
8563,5,1,SKU-05,10,1,2025-11-28,2025-12-17,13,1
8564,4,3,SKU-09,10,1,2025-11-28,2025-12-17,13,1
8565,6,1,SKU-14,10,1,2025-11-28,2025-12-19,15,1
8566,3,3,SKU-06,10,1,2025-11-28,2025-12-17,13,1
8567,3,3,SKU-05,10,1,2025-11-28,2025-12-10,8,0
8568,6,1,SKU-08,10,1,2025-11-28,2025-12-19,15,1
8569,5,3,SKU-08,10,1,2025-11-28,2025-12-17,13,1
8570,2,3,SKU-05,10,1,2025-11-28,2025-12-24,18,1
8571,3,2,SKU-05,10,1,2025-11-28,2025-12-25,19,1
8572,3,2,SKU-01,10,1,2025-11-28,2025-12-09,7,0
8573,4,1,SKU-15,10,1,2025-11-28,2025-12-18,14,1
8574,5,3,SKU-11,10,1,2025-11-28,2025-12-18,14,1
8575,3,3,SKU-08,10,1,2025-11-28,2025-12-16,12,1
8576,2,2,SKU-10,10,1,2025-11-28,2025-12-22,16,1
8577,6,3,SKU-07,10,1,2025-11-28,2025-12-18,14,1
8578,5,2,SKU-11,10,1,2025-11-28,2025-12-18,14,1
8579,5,3,SKU-08,10,1,2025-11-28,2025-12-18,14,1
8580,5,3,SKU-04,10,1,2025-11-28,2025-12-24,18,1
8581,5,2,SKU-15,10,1,2025-11-28,2025-12-24,18,1
8582,2,1,SKU-10,10,1,2025-11-28,2025-12-22,16,1
8583,1,3,SKU-02,10,1,2025-11-28,2025-12-11,9,0
8584,4,1,SKU-05,10,1,2025-11-28,2025-12-22,16,1
8585,6,3,SKU-15,10,1,2025-11-28,2025-12-23,17,1
8586,2,2,SKU-12,10,1,2025-11-28,2025-12-17,13,1
8587,1,2,SKU-04,10,1,2025-11-28,2025-12-23,17,1
8588,2,2,SKU-03,10,1,2025-11-28,2025-12-18,14,1
8589,1,1,SKU-02,10,1,2025-11-28,2025-12-16,12,1
8590,6,3,SKU-02,10,1,2025-11-28,2025-12-15,11,1
8591,1,3,SKU-15,10,1,2025-11-28,2025-12-22,16,1
8592,1,3,SKU-12,10,1,2025-11-28,2025-12-26,20,1
8593,3,1,SKU-06,10,1,2025-11-28,2025-12-17,13,1
8594,4,2,SKU-14,10,1,2025-11-28,2025-12-18,14,1
8595,1,2,SKU-12,10,1,2025-11-28,2025-12-15,11,1
8596,1,2,SKU-14,10,1,2025-11-28,2025-12-12,10,0
8597,5,1,SKU-05,10,1,2025-11-28,2025-12-10,8,0
8598,4,3,SKU-05,10,1,2025-11-28,2025-12-22,16,1
8599,3,2,SKU-13,10,1,2025-11-28,2025-12-18,14,1
8600,4,1,SKU-15,10,1,2025-11-28,2025-12-23,17,1
8601,6,2,SKU-03,10,1,2025-11-28,2025-12-24,18,1
8602,5,3,SKU-12,10,1,2025-11-28,2025-12-22,16,1
8603,6,2,SKU-06,10,1,2025-11-28,2025-12-19,15,1
8604,4,2,SKU-13,10,1,2025-11-28,2025-12-10,8,0
8605,3,1,SKU-01,10,1,2025-11-28,2025-12-12,10,0
8606,2,3,SKU-05,10,1,2025-11-28,2025-12-17,13,1
8607,2,3,SKU-06,10,1,2025-11-28,2025-12-12,10,0
8608,5,2,SKU-09,10,1,2025-11-28,2025-12-17,13,1
8609,1,1,SKU-02,10,1,2025-11-28,2025-12-12,10,0
8610,6,1,SKU-08,10,1,2025-11-28,2025-12-23,17,1
8611,4,2,SKU-03,10,1,2025-11-28,2025-12-16,12,1
8612,2,2,SKU-03,10,1,2025-11-28,2025-12-22,16,1
8613,2,2,SKU-14,10,1,2025-11-28,2025-12-12,10,0
8614,6,1,SKU-14,10,1,2025-11-28,2025-12-17,13,1
8615,5,2,SKU-10,10,1,2025-11-28,2025-12-17,13,1
8616,6,3,SKU-02,10,1,2025-11-28,2025-12-17,13,1
8617,1,3,SKU-07,10,1,2025-11-28,2025-12-19,15,1
8618,2,3,SKU-15,10,1,2025-11-28,2025-12-25,19,1
8619,6,3,SKU-08,10,1,2025-11-28,2025-12-22,16,1
8620,2,3,SKU-11,10,1,2025-11-28,2025-12-18,14,1
8621,1,1,SKU-07,10,1,2025-11-28,2025-12-16,12,1
8622,6,2,SKU-12,10,1,2025-11-28,2025-12-24,18,1
8623,6,3,SKU-14,10,1,2025-11-28,2025-12-17,13,1
8624,5,1,SKU-01,10,1,2025-11-28,2025-12-18,14,1
8625,3,2,SKU-03,10,1,2025-11-28,2025-12-18,14,1
8626,5,3,SKU-08,10,1,2025-11-28,2025-12-17,13,1
8627,6,1,SKU-13,10,1,2025-11-28,2025-12-23,17,1
8628,2,1,SKU-03,10,1,2025-11-28,2025-12-23,17,1
8629,6,2,SKU-10,10,1,2025-11-28,2025-12-16,12,1
8630,1,2,SKU-15,10,1,2025-11-28,2025-12-23,17,1
8631,6,3,SKU-14,10,1,2025-11-28,2025-12-18,14,1
8632,5,1,SKU-09,10,1,2025-11-28,2025-12-18,14,1
8633,1,3,SKU-04,10,1,2025-11-28,2025-12-22,16,1
8634,1,3,SKU-02,10,1,2025-11-28,2025-12-18,14,1
8635,6,3,SKU-15,10,1,2025-11-28,2025-12-16,12,1
8636,5,3,SKU-08,10,1,2025-11-28,2025-12-18,14,1
8637,2,3,SKU-07,10,1,2025-11-28,2025-12-10,8,0
8638,6,1,SKU-10,10,1,2025-11-28,2025-12-24,18,1
8639,6,2,SKU-06,10,1,2025-11-28,2025-12-23,17,1
8640,4,1,SKU-07,10,1,2025-11-28,2025-12-19,15,1
8641,3,2,SKU-14,10,1,2025-11-28,2025-12-12,10,0
8642,5,1,SKU-15,10,1,2025-11-28,2025-12-17,13,1
8643,4,1,SKU-08,10,1,2025-11-28,2025-12-22,16,1
8644,1,2,SKU-08,10,1,2025-11-28,2025-12-22,16,1
8645,5,2,SKU-02,10,1,2025-11-28,2025-12-10,8,0
8646,5,1,SKU-12,10,1,2025-11-28,2025-12-17,13,1
8647,2,2,SKU-14,10,1,2025-11-28,2025-12-22,16,1
8648,5,2,SKU-10,10,1,2025-11-28,2025-12-22,16,1
8649,3,2,SKU-05,10,1,2025-11-28,2025-12-18,14,1
8650,6,2,SKU-04,10,1,2025-11-28,2025-12-19,15,1
8651,6,2,SKU-03,10,1,2025-11-28,2025-12-29,21,1
8652,3,3,SKU-04,10,1,2025-11-28,2025-12-15,11,1
8653,3,2,SKU-01,10,1,2025-11-28,2025-12-18,14,1
8654,5,3,SKU-01,10,1,2025-11-28,2025-12-18,14,1
8655,1,2,SKU-15,10,1,2025-11-28,2025-12-12,10,0
8656,1,1,SKU-13,10,1,2025-11-28,2025-12-23,17,1
8657,5,3,SKU-07,10,1,2025-11-28,2025-12-22,16,1
8658,6,3,SKU-15,10,1,2025-11-28,2025-12-19,15,1
8659,1,1,SKU-02,10,1,2025-11-28,2025-12-19,15,1
8660,5,2,SKU-15,10,1,2025-11-28,2025-12-18,14,1
8661,1,3,SKU-05,10,1,2025-11-28,2025-12-18,14,1
8662,4,2,SKU-05,10,1,2025-11-28,2025-12-22,16,1
8663,3,2,SKU-03,10,1,2025-11-28,2025-12-11,9,0
8664,4,2,SKU-05,10,1,2025-11-28,2025-12-15,11,1
8665,6,3,SKU-08,10,1,2025-11-28,2025-12-08,6,0
8666,6,3,SKU-13,10,1,2025-11-28,2025-12-10,8,0
8667,6,2,SKU-15,10,1,2025-11-28,2025-12-24,18,1
8668,1,1,SKU-15,10,1,2025-11-28,2025-12-18,14,1
8669,2,1,SKU-07,10,1,2025-11-28,2025-12-15,11,1
8670,3,1,SKU-07,10,1,2025-11-28,2025-12-18,14,1
8671,4,2,SKU-13,10,1,2025-11-28,2025-12-17,13,1
8672,3,1,SKU-13,10,1,2025-11-28,2026-01-01,24,1
8673,2,2,SKU-06,10,1,2025-11-28,2025-12-23,17,1
8674,4,1,SKU-01,10,1,2025-11-28,2025-12-17,13,1
8675,1,3,SKU-14,10,1,2025-11-28,2025-12-18,14,1
8676,3,1,SKU-02,10,1,2025-11-28,2025-12-11,9,0
8677,3,2,SKU-04,10,1,2025-11-28,2025-12-09,7,0
8678,2,1,SKU-07,10,1,2025-11-28,2025-12-23,17,1
8679,6,1,SKU-03,10,1,2025-11-28,2025-12-18,14,1
8680,4,2,SKU-06,10,1,2025-11-28,2025-12-16,12,1
8681,4,2,SKU-10,10,1,2025-11-28,2025-12-22,16,1
8682,5,2,SKU-10,10,1,2025-11-28,2025-12-23,17,1
8683,1,3,SKU-10,10,1,2025-11-28,2025-12-17,13,1
8684,2,1,SKU-01,10,1,2025-11-28,2025-12-16,12,1
8685,1,1,SKU-01,10,1,2025-11-28,2025-12-18,14,1
8686,1,2,SKU-11,10,1,2025-11-28,2025-12-22,16,1
8687,6,1,SKU-05,10,1,2025-11-28,2025-12-18,14,1
8688,6,2,SKU-06,10,1,2025-11-28,2025-12-16,12,1
8689,1,1,SKU-13,10,1,2025-11-28,2025-12-22,16,1
8690,3,2,SKU-09,10,1,2025-11-28,2025-12-24,18,1
8691,6,3,SKU-02,10,1,2025-11-28,2025-12-19,15,1
8692,3,2,SKU-01,10,1,2025-11-28,2025-12-11,9,0
8693,3,2,SKU-05,10,1,2025-11-28,2025-12-12,10,0
8694,6,2,SKU-10,10,1,2025-11-28,2025-12-26,20,1
8695,6,3,SKU-08,10,1,2025-11-28,2025-12-22,16,1
8696,3,2,SKU-04,10,1,2025-11-28,2025-12-16,12,1
8697,5,2,SKU-06,10,1,2025-11-28,2025-12-18,14,1
8698,6,2,SKU-12,10,1,2025-11-28,2025-12-18,14,1
8699,5,1,SKU-12,10,1,2025-11-28,2025-12-08,6,0
8700,1,3,SKU-14,10,1,2025-11-28,2025-12-22,16,1
8701,3,2,SKU-12,10,1,2025-11-28,2025-12-29,21,1
8702,6,1,SKU-03,10,1,2025-11-28,2025-12-22,16,1
8703,4,2,SKU-08,10,1,2025-11-28,2025-12-23,17,1
8704,5,2,SKU-08,10,1,2025-11-28,2025-12-11,9,0
8705,6,1,SKU-09,10,1,2025-11-28,2025-12-24,18,1
8706,5,3,SKU-11,10,1,2025-11-28,2025-12-17,13,1
8707,2,3,SKU-12,10,1,2025-11-28,2025-12-08,6,0
8708,4,2,SKU-04,10,1,2025-11-28,2025-12-16,12,1
8709,2,2,SKU-02,10,1,2025-11-28,2025-12-22,16,1
8710,3,1,SKU-05,10,1,2025-11-28,2025-12-25,19,1
8711,1,1,SKU-09,10,1,2025-11-28,2025-12-19,15,1
8712,6,2,SKU-07,10,1,2025-11-28,2025-12-15,11,1
8713,1,2,SKU-09,10,1,2025-11-28,2025-12-16,12,1
8714,1,2,SKU-03,10,1,2025-11-28,2025-12-18,14,1
8715,5,1,SKU-10,10,1,2025-11-28,2025-12-11,9,0
8716,5,1,SKU-03,10,1,2025-11-28,2025-12-15,11,1
8717,6,1,SKU-09,10,1,2025-11-28,2025-12-24,18,1
8718,5,2,SKU-03,10,1,2025-11-28,2025-12-25,19,1
8719,5,3,SKU-09,10,1,2025-11-28,2025-12-18,14,1
8720,1,2,SKU-13,10,1,2025-11-28,2025-12-12,10,0
8721,1,3,SKU-14,10,1,2025-11-28,2025-12-10,8,0
8722,2,3,SKU-08,10,1,2025-11-28,2025-12-19,15,1
8723,5,1,SKU-07,10,1,2025-11-28,2025-12-08,6,0
8724,5,1,SKU-11,10,1,2025-11-28,2025-12-24,18,1
8725,2,3,SKU-13,10,1,2025-11-28,2025-12-15,11,1
8726,1,2,SKU-03,10,1,2025-11-28,2025-12-22,16,1
8727,2,2,SKU-04,10,1,2025-11-28,2025-12-15,11,1
8728,6,2,SKU-11,10,1,2025-11-28,2025-12-22,16,1
8729,3,2,SKU-01,10,1,2025-11-28,2025-12-12,10,0
8730,5,2,SKU-03,10,1,2025-11-28,2025-12-17,13,1
8731,3,3,SKU-15,10,1,2025-11-28,2025-12-08,6,0
8732,3,2,SKU-01,10,1,2025-11-28,2025-12-15,11,1
8733,4,1,SKU-12,10,1,2025-11-28,2025-12-24,18,1
8734,5,3,SKU-01,10,1,2025-11-28,2025-12-17,13,1
8735,5,1,SKU-12,10,1,2025-11-28,2025-12-17,13,1
8736,6,1,SKU-14,10,1,2025-11-28,2025-12-10,8,0
8737,5,3,SKU-09,10,1,2025-11-28,2025-12-22,16,1
8738,5,2,SKU-04,10,1,2025-11-28,2025-12-18,14,1
8739,5,1,SKU-12,10,1,2025-11-28,2025-12-23,17,1
8740,2,3,SKU-01,10,1,2025-11-28,2025-12-25,19,1
8741,3,2,SKU-15,10,1,2025-11-28,2025-12-17,13,1
8742,3,3,SKU-08,10,1,2025-11-28,2025-12-16,12,1
8743,1,3,SKU-14,10,1,2025-11-28,2025-12-10,8,0
8744,2,3,SKU-09,10,1,2025-11-28,2025-12-24,18,1
8745,2,3,SKU-07,10,1,2025-11-28,2025-12-09,7,0
8746,5,3,SKU-07,10,1,2025-11-28,2025-12-22,16,1
8747,6,3,SKU-12,10,1,2025-11-28,2025-12-18,14,1
8748,6,1,SKU-02,10,1,2025-11-28,2025-12-24,18,1
8749,5,1,SKU-03,10,1,2025-11-28,2025-12-22,16,1
8750,6,2,SKU-12,10,1,2025-11-28,2025-12-18,14,1
8751,3,2,SKU-08,10,1,2025-11-28,2025-12-23,17,1
8752,4,1,SKU-10,10,1,2025-11-28,2025-12-17,13,1
8753,1,3,SKU-12,10,1,2025-11-28,2025-12-12,10,0
8754,6,2,SKU-10,10,1,2025-11-28,2025-12-22,16,1
8755,5,3,SKU-06,10,1,2025-11-28,2025-12-11,9,0
8756,1,1,SKU-07,10,1,2025-11-28,2025-12-24,18,1
8757,1,2,SKU-05,10,1,2025-11-28,2025-12-19,15,1
8758,4,1,SKU-14,10,1,2025-11-28,2025-12-18,14,1
8759,6,1,SKU-04,10,1,2025-11-28,2025-12-18,14,1
8760,6,2,SKU-15,10,1,2025-11-28,2025-12-24,18,1
8761,6,3,SKU-12,10,1,2025-11-28,2025-12-12,10,0
8762,3,1,SKU-15,10,1,2025-11-28,2025-12-15,11,1
8763,6,2,SKU-11,10,1,2025-11-28,2025-12-18,14,1
8764,3,1,SKU-01,10,1,2025-11-28,2025-12-24,18,1
8765,5,3,SKU-11,10,1,2025-11-28,2025-12-17,13,1
8766,1,3,SKU-13,10,1,2025-11-28,2025-12-24,18,1
8767,3,2,SKU-10,10,1,2025-11-28,2025-12-18,14,1
8768,2,1,SKU-06,10,1,2025-11-28,2025-12-12,10,0
8769,3,2,SKU-11,10,1,2025-11-28,2025-12-23,17,1
8770,4,1,SKU-14,10,1,2025-11-28,2025-12-18,14,1
8771,6,1,SKU-07,10,1,2025-11-28,2025-12-17,13,1
8772,1,3,SKU-03,10,1,2025-11-28,2025-12-16,12,1
8773,4,2,SKU-08,10,1,2025-11-28,2025-12-15,11,1
8774,2,3,SKU-09,10,1,2025-11-28,2025-12-16,12,1
8775,5,3,SKU-10,10,1,2025-11-28,2025-12-18,14,1
8776,2,3,SKU-14,10,1,2025-11-28,2025-12-19,15,1
8777,2,1,SKU-07,10,1,2025-11-28,2025-12-18,14,1
8778,4,3,SKU-05,10,1,2025-11-28,2025-12-15,11,1
8779,1,1,SKU-13,10,1,2025-11-28,2025-12-29,21,1
8780,1,2,SKU-10,10,1,2025-11-28,2025-12-25,19,1
8781,1,1,SKU-01,10,1,2025-11-28,2025-12-15,11,1
8782,4,1,SKU-09,10,1,2025-11-28,2025-12-12,10,0
8783,4,1,SKU-03,10,1,2025-11-28,2025-12-18,14,1
8784,6,2,SKU-12,10,1,2025-11-28,2025-12-16,12,1
8785,2,1,SKU-08,10,1,2025-11-28,2025-12-17,13,1
8786,6,1,SKU-03,10,1,2025-11-28,2025-12-15,11,1
8787,2,3,SKU-03,10,1,2025-11-28,2025-12-22,16,1
8788,5,2,SKU-07,10,1,2025-11-28,2025-12-22,16,1
8789,5,1,SKU-08,10,1,2025-11-28,2025-12-17,13,1
8790,2,2,SKU-08,10,1,2025-11-28,2025-12-16,12,1
8791,1,1,SKU-09,10,1,2025-11-28,2025-12-23,17,1
8792,6,2,SKU-08,10,1,2025-11-28,2025-12-16,12,1
8793,5,2,SKU-07,10,1,2025-11-28,2025-12-18,14,1
8794,4,2,SKU-06,10,1,2025-11-28,2025-12-11,9,0
8795,3,3,SKU-06,10,1,2025-11-28,2025-12-22,16,1
8796,2,2,SKU-05,10,1,2025-11-28,2025-12-18,14,1
8797,2,3,SKU-05,10,1,2025-11-28,2025-12-17,13,1
8798,4,2,SKU-01,10,1,2025-11-28,2025-12-11,9,0
8799,2,1,SKU-12,10,1,2025-11-29,2025-12-22,16,1
8800,2,1,SKU-11,10,1,2025-11-29,2025-12-18,14,1
8801,6,2,SKU-02,10,1,2025-11-29,2025-12-15,11,1
8802,6,2,SKU-01,10,1,2025-11-29,2025-12-19,15,1
8803,2,1,SKU-07,10,1,2025-11-29,2025-12-18,14,1
8804,4,3,SKU-07,10,1,2025-11-29,2025-12-18,14,1
8805,2,1,SKU-15,10,1,2025-11-29,2025-12-16,12,1
8806,4,1,SKU-02,10,1,2025-11-29,2025-12-17,13,1
8807,6,3,SKU-06,10,1,2025-11-29,2025-12-12,10,0
8808,4,1,SKU-02,10,1,2025-11-29,2025-12-22,16,1
8809,4,3,SKU-15,10,1,2025-11-29,2025-12-11,9,0
8810,5,2,SKU-03,10,1,2025-11-29,2025-12-15,11,1
8811,4,2,SKU-01,10,1,2025-11-29,2025-12-15,11,1
8812,6,1,SKU-03,10,1,2025-11-29,2025-12-24,18,1
8813,2,1,SKU-01,10,1,2025-11-29,2025-12-19,15,1
8814,3,3,SKU-03,10,1,2025-11-29,2025-12-09,7,0
8815,4,2,SKU-07,10,1,2025-11-29,2025-12-19,15,1
8816,3,2,SKU-06,10,1,2025-11-29,2025-12-12,10,0
8817,4,3,SKU-05,10,1,2025-11-29,2025-12-09,7,0
8818,2,1,SKU-05,10,1,2025-11-29,2025-12-15,11,1
8819,2,1,SKU-12,10,1,2025-11-29,2025-12-17,13,1
8820,1,1,SKU-10,10,1,2025-11-29,2025-12-08,6,0
8821,5,3,SKU-15,10,1,2025-11-29,2025-12-15,11,1
8822,4,3,SKU-14,10,1,2025-11-29,2025-12-29,21,1
8823,3,3,SKU-09,10,1,2025-11-29,2025-12-11,9,0
8824,5,1,SKU-15,10,1,2025-11-29,2025-12-16,12,1
8825,6,1,SKU-04,10,1,2025-11-29,2025-12-12,10,0
8826,5,2,SKU-10,10,1,2025-11-29,2025-12-16,12,1
8827,2,1,SKU-13,10,1,2025-11-29,2025-12-23,17,1
8828,2,2,SKU-03,10,1,2025-11-29,2025-12-15,11,1
8829,4,1,SKU-04,10,1,2025-11-29,2025-12-22,16,1
8830,5,1,SKU-01,10,1,2025-11-29,2025-12-16,12,1
8831,6,3,SKU-06,10,1,2025-11-29,2025-12-26,20,1
8832,5,1,SKU-14,10,1,2025-11-29,2025-12-23,17,1
8833,5,3,SKU-14,10,1,2025-11-29,2025-12-16,12,1
8834,3,1,SKU-02,10,1,2025-11-29,2025-12-17,13,1
8835,2,2,SKU-08,10,1,2025-11-29,2025-12-16,12,1
8836,6,2,SKU-01,10,1,2025-11-29,2025-12-23,17,1
8837,4,3,SKU-01,10,1,2025-11-29,2025-12-15,11,1
8838,4,3,SKU-12,10,1,2025-11-29,2025-12-08,6,0
8839,6,2,SKU-04,10,1,2025-11-29,2025-12-23,17,1
8840,2,3,SKU-09,10,1,2025-11-29,2025-12-19,15,1
8841,4,1,SKU-15,10,1,2025-11-29,2025-12-16,12,1
8842,5,1,SKU-12,10,1,2025-11-29,2025-12-16,12,1
8843,2,2,SKU-10,10,1,2025-11-29,2025-12-16,12,1
8844,6,2,SKU-08,10,1,2025-11-29,2025-12-26,20,1
8845,3,2,SKU-12,10,1,2025-11-29,2025-12-16,12,1
8846,5,1,SKU-01,10,1,2025-11-29,2025-12-24,18,1
8847,1,1,SKU-09,10,1,2025-11-29,2025-12-12,10,0
8848,2,2,SKU-14,10,1,2025-11-29,2025-12-12,10,0
8849,4,1,SKU-04,10,1,2025-11-29,2025-12-17,13,1
8850,4,1,SKU-11,10,1,2025-11-29,2025-12-15,11,1
8851,2,3,SKU-11,10,1,2025-11-29,2025-12-17,13,1
8852,4,2,SKU-15,10,1,2025-11-29,2025-12-11,9,0
8853,2,2,SKU-08,10,1,2025-11-29,2025-12-17,13,1
8854,3,1,SKU-01,10,1,2025-11-29,2025-12-23,17,1
8855,2,3,SKU-02,10,1,2025-11-29,2025-12-16,12,1
8856,3,3,SKU-14,10,1,2025-11-29,2025-12-19,15,1
8857,1,2,SKU-15,10,1,2025-11-29,2025-12-10,8,0
8858,5,3,SKU-06,10,1,2025-11-29,2025-12-16,12,1
8859,3,3,SKU-02,10,1,2025-11-29,2025-12-15,11,1
8860,6,1,SKU-06,10,1,2025-11-29,2025-12-22,16,1
8861,4,1,SKU-09,10,1,2025-11-29,2025-12-19,15,1
8862,1,2,SKU-07,10,1,2025-11-29,2025-12-16,12,1
8863,2,3,SKU-05,10,1,2025-11-29,2025-12-23,17,1
8864,3,3,SKU-07,10,1,2025-11-29,2025-12-12,10,0
8865,2,2,SKU-04,10,1,2025-11-29,2025-12-23,17,1
8866,4,1,SKU-13,10,1,2025-11-29,2025-12-18,14,1
8867,1,2,SKU-08,10,1,2025-11-29,2025-12-17,13,1
8868,6,3,SKU-14,10,1,2025-11-29,2025-12-17,13,1
8869,5,3,SKU-09,10,1,2025-11-29,2025-12-29,21,1
8870,6,2,SKU-12,10,1,2025-11-29,2025-12-17,13,1
8871,5,1,SKU-06,10,1,2025-11-29,2025-12-19,15,1
8872,3,1,SKU-01,10,1,2025-11-29,2025-12-16,12,1
8873,3,1,SKU-11,10,1,2025-11-29,2025-12-09,7,0
8874,4,2,SKU-10,10,1,2025-11-29,2025-12-19,15,1
8875,1,2,SKU-02,10,1,2025-11-29,2025-12-11,9,0
8876,1,1,SKU-08,10,1,2025-11-29,2025-12-19,15,1
8877,2,1,SKU-03,10,1,2025-11-29,2025-12-16,12,1
8878,6,3,SKU-11,10,1,2025-11-29,2025-12-16,12,1
8879,2,2,SKU-08,10,1,2025-11-29,2025-12-12,10,0
8880,1,2,SKU-13,10,1,2025-11-29,2025-12-22,16,1
8881,5,1,SKU-13,10,1,2025-11-29,2025-12-17,13,1
8882,3,3,SKU-11,10,1,2025-11-29,2025-12-23,17,1
8883,4,3,SKU-03,10,1,2025-11-29,2025-12-24,18,1
8884,5,3,SKU-05,10,1,2025-11-29,2025-12-08,6,0
8885,3,2,SKU-03,10,1,2025-11-29,2025-12-19,15,1
8886,4,1,SKU-13,10,1,2025-11-29,2025-12-09,7,0
8887,5,2,SKU-08,10,1,2025-11-29,2025-12-15,11,1
8888,5,1,SKU-06,10,1,2025-11-29,2025-12-22,16,1
8889,2,1,SKU-04,10,1,2025-11-29,2025-12-19,15,1
8890,6,3,SKU-07,10,1,2025-11-29,2025-12-12,10,0
8891,2,2,SKU-07,10,1,2025-11-29,2025-12-10,8,0
8892,1,2,SKU-15,10,1,2025-11-29,2025-12-23,17,1
8893,3,1,SKU-10,10,1,2025-11-29,2025-12-18,14,1
8894,5,3,SKU-12,10,1,2025-11-29,2025-12-24,18,1
8895,3,3,SKU-01,10,1,2025-11-29,2025-12-23,17,1
8896,5,2,SKU-06,10,1,2025-11-29,2025-12-18,14,1
8897,2,1,SKU-12,10,1,2025-11-29,2025-12-12,10,0
8898,4,2,SKU-04,10,1,2025-11-29,2025-12-22,16,1
8899,1,3,SKU-11,10,1,2025-11-29,2025-12-18,14,1
8900,5,3,SKU-05,10,1,2025-11-29,2025-12-22,16,1
8901,3,1,SKU-10,10,1,2025-11-29,2025-12-16,12,1
8902,3,2,SKU-12,10,1,2025-11-29,2025-12-16,12,1
8903,3,3,SKU-08,10,1,2025-11-29,2025-12-15,11,1
8904,1,1,SKU-04,10,1,2025-11-29,2025-12-22,16,1
8905,2,3,SKU-10,10,1,2025-11-29,2025-12-16,12,1
8906,2,1,SKU-04,10,1,2025-11-29,2025-12-09,7,0
8907,5,2,SKU-10,10,1,2025-11-29,2025-12-18,14,1
8908,6,3,SKU-06,10,1,2025-11-29,2025-12-22,16,1
8909,2,3,SKU-14,10,1,2025-11-29,2025-12-22,16,1
8910,3,2,SKU-02,10,1,2025-11-29,2025-12-23,17,1
8911,3,3,SKU-07,10,1,2025-11-29,2025-12-19,15,1
8912,2,2,SKU-06,10,1,2025-11-29,2025-12-16,12,1
8913,4,1,SKU-12,10,1,2025-11-29,2025-12-18,14,1
8914,4,2,SKU-13,10,1,2025-11-29,2025-12-16,12,1
8915,1,3,SKU-09,10,1,2025-11-29,2025-12-16,12,1
8916,1,2,SKU-10,10,1,2025-11-29,2025-12-12,10,0
8917,6,3,SKU-06,10,1,2025-11-29,2025-12-16,12,1
8918,5,1,SKU-06,10,1,2025-11-29,2025-12-30,22,1
8919,6,3,SKU-01,10,1,2025-11-29,2025-12-15,11,1
8920,5,2,SKU-11,10,1,2025-11-29,2025-12-22,16,1
8921,3,2,SKU-02,10,1,2025-11-29,2025-12-12,10,0
8922,5,1,SKU-09,10,1,2025-11-29,2025-12-17,13,1
8923,4,2,SKU-05,10,1,2025-11-29,2025-12-17,13,1
8924,6,2,SKU-04,10,1,2025-11-29,2025-12-18,14,1
8925,3,3,SKU-14,10,1,2025-11-29,2025-12-23,17,1
8926,4,3,SKU-08,10,1,2025-11-29,2025-12-16,12,1
8927,2,2,SKU-13,10,1,2025-11-29,2025-12-23,17,1
8928,1,3,SKU-03,10,1,2025-11-29,2025-12-23,17,1
8929,4,3,SKU-02,10,1,2025-11-29,2025-12-12,10,0
8930,2,3,SKU-05,10,1,2025-11-29,2025-12-15,11,1
8931,4,1,SKU-06,10,1,2025-11-29,2025-12-18,14,1
8932,1,1,SKU-05,10,1,2025-11-29,2025-12-22,16,1
8933,2,1,SKU-06,10,1,2025-11-29,2025-12-09,7,0
8934,5,3,SKU-09,10,1,2025-11-29,2025-12-22,16,1
8935,2,3,SKU-11,10,1,2025-11-29,2025-12-24,18,1
8936,6,1,SKU-05,10,1,2025-11-29,2025-12-19,15,1
8937,3,1,SKU-13,10,1,2025-11-29,2025-12-19,15,1
8938,2,3,SKU-07,10,1,2025-11-29,2025-12-24,18,1
8939,2,3,SKU-11,10,1,2025-11-29,2025-12-08,6,0
8940,4,3,SKU-05,10,1,2025-11-29,2025-12-23,17,1
8941,4,1,SKU-13,10,1,2025-11-29,2025-12-19,15,1
8942,2,1,SKU-06,10,1,2025-11-29,2025-12-11,9,0
8943,2,2,SKU-05,10,1,2025-11-29,2025-12-15,11,1
8944,6,3,SKU-01,10,1,2025-11-29,2025-12-11,9,0
8945,2,1,SKU-11,10,1,2025-11-29,2025-12-25,19,1
8946,3,3,SKU-05,10,1,2025-11-29,2025-12-15,11,1
8947,4,1,SKU-04,10,1,2025-11-29,2025-12-18,14,1
8948,4,1,SKU-13,10,1,2025-11-29,2025-12-22,16,1
8949,1,3,SKU-06,10,1,2025-11-29,2025-12-17,13,1
8950,2,2,SKU-04,10,1,2025-11-29,2025-12-19,15,1
8951,2,3,SKU-09,10,1,2025-11-29,2025-12-17,13,1
8952,3,2,SKU-08,10,1,2025-11-29,2025-12-11,9,0
8953,2,2,SKU-05,10,1,2025-11-29,2025-12-22,16,1
8954,2,2,SKU-01,10,1,2025-11-29,2025-12-24,18,1
8955,4,3,SKU-05,10,1,2025-11-29,2025-12-19,15,1
8956,3,2,SKU-03,10,1,2025-11-29,2025-12-30,22,1
8957,1,2,SKU-15,10,1,2025-11-29,2025-12-23,17,1
8958,5,2,SKU-12,10,1,2025-11-29,2025-12-18,14,1
8959,3,1,SKU-06,10,1,2025-11-29,2025-12-22,16,1
8960,6,2,SKU-11,10,1,2025-11-29,2025-12-17,13,1
8961,3,2,SKU-05,10,1,2025-11-29,2025-12-19,15,1
8962,3,1,SKU-14,10,1,2025-11-29,2025-12-17,13,1
8963,1,2,SKU-13,10,1,2025-11-29,2025-12-18,14,1
8964,3,2,SKU-11,10,1,2025-11-29,2025-12-12,10,0
8965,5,3,SKU-09,10,1,2025-11-29,2025-12-17,13,1
8966,6,2,SKU-08,10,1,2025-11-29,2025-12-26,20,1
8967,6,1,SKU-11,10,1,2025-11-29,2025-12-16,12,1
8968,3,3,SKU-13,10,1,2025-11-29,2025-12-17,13,1
8969,2,2,SKU-08,10,1,2025-11-29,2025-12-18,14,1
8970,5,2,SKU-13,10,1,2025-11-29,2025-12-31,23,1
8971,4,1,SKU-08,10,1,2025-11-29,2025-12-18,14,1
8972,3,3,SKU-04,10,1,2025-11-29,2025-12-19,15,1
8973,3,3,SKU-01,10,1,2025-11-29,2025-12-18,14,1
8974,6,3,SKU-01,10,1,2025-11-29,2025-12-16,12,1
8975,1,2,SKU-01,10,1,2025-11-29,2025-12-11,9,0
8976,6,1,SKU-12,10,1,2025-11-29,2025-12-16,12,1
8977,1,2,SKU-11,10,1,2025-11-29,2025-12-19,15,1
8978,5,1,SKU-15,10,1,2025-11-29,2025-12-23,17,1
8979,6,1,SKU-10,10,1,2025-11-29,2025-12-16,12,1
8980,4,1,SKU-15,10,1,2025-11-29,2025-12-18,14,1
8981,5,3,SKU-13,10,1,2025-11-29,2025-12-17,13,1
8982,2,1,SKU-12,10,1,2025-11-29,2025-12-22,16,1
8983,2,1,SKU-02,10,1,2025-11-29,2025-12-11,9,0
8984,4,3,SKU-10,10,1,2025-11-29,2025-12-11,9,0
8985,5,2,SKU-11,10,1,2025-11-29,2025-12-17,13,1
8986,3,3,SKU-01,10,1,2025-11-29,2025-12-24,18,1
8987,4,2,SKU-08,10,1,2025-11-29,2025-12-11,9,0
8988,6,1,SKU-15,10,1,2025-11-29,2025-12-15,11,1
8989,4,3,SKU-08,10,1,2025-11-29,2025-12-19,15,1
8990,4,1,SKU-04,10,1,2025-11-29,2025-12-24,18,1
8991,1,3,SKU-05,10,1,2025-11-29,2025-12-19,15,1
8992,4,3,SKU-04,10,1,2025-11-29,2025-12-19,15,1
8993,3,2,SKU-04,10,1,2025-11-29,2025-12-16,12,1
8994,2,2,SKU-11,10,1,2025-11-29,2025-12-22,16,1
8995,6,1,SKU-01,10,1,2025-11-29,2025-12-22,16,1
8996,4,1,SKU-04,10,1,2025-11-29,2025-12-22,16,1
8997,5,2,SKU-06,10,1,2025-11-29,2025-12-19,15,1
8998,3,3,SKU-03,10,1,2025-11-29,2025-12-16,12,1
8999,6,3,SKU-01,10,1,2025-11-29,2025-12-17,13,1
9000,2,2,SKU-04,10,1,2025-11-29,2025-12-23,17,1
9001,6,1,SKU-11,10,1,2025-11-29,2025-12-18,14,1
9002,3,3,SKU-10,10,1,2025-11-29,2025-12-15,11,1
9003,5,2,SKU-07,10,1,2025-11-29,2025-12-16,12,1
9004,5,2,SKU-05,10,1,2025-11-29,2025-12-22,16,1
9005,6,2,SKU-06,10,1,2025-11-29,2025-12-17,13,1
9006,1,2,SKU-02,10,1,2025-11-29,2025-12-18,14,1
9007,4,3,SKU-03,10,1,2025-11-29,2025-12-17,13,1
9008,4,1,SKU-07,10,1,2025-11-29,2025-12-19,15,1
9009,3,1,SKU-14,10,1,2025-11-29,2025-12-16,12,1
9010,5,1,SKU-01,10,1,2025-11-29,2025-12-17,13,1
9011,3,1,SKU-07,10,1,2025-11-29,2025-12-12,10,0
9012,6,2,SKU-08,10,1,2025-11-29,2025-12-19,15,1
9013,5,2,SKU-11,10,1,2025-11-29,2025-12-19,15,1
9014,5,1,SKU-10,10,1,2025-11-29,2025-12-15,11,1
9015,5,1,SKU-07,10,1,2025-11-29,2025-12-19,15,1
9016,3,3,SKU-05,10,1,2025-11-29,2025-12-18,14,1
9017,5,1,SKU-13,10,1,2025-11-29,2025-12-15,11,1
9018,2,3,SKU-05,10,1,2025-11-29,2025-12-16,12,1
9019,3,2,SKU-11,10,1,2025-11-29,2025-12-22,16,1
9020,1,3,SKU-10,10,1,2025-11-29,2025-12-12,10,0
9021,5,3,SKU-07,10,1,2025-11-29,2025-12-12,10,0
9022,2,3,SKU-05,10,1,2025-11-29,2025-12-16,12,1
9023,3,2,SKU-13,10,1,2025-11-29,2025-12-17,13,1
9024,1,2,SKU-11,10,1,2025-11-29,2025-12-16,12,1
9025,4,2,SKU-11,10,1,2025-11-29,2025-12-18,14,1
9026,6,3,SKU-01,10,1,2025-11-29,2025-12-12,10,0
9027,6,2,SKU-10,10,1,2025-11-29,2025-12-16,12,1
9028,4,1,SKU-13,10,1,2025-11-29,2025-12-15,11,1
9029,1,3,SKU-10,10,1,2025-11-29,2025-12-23,17,1
9030,1,1,SKU-07,10,1,2025-11-29,2025-12-17,13,1
9031,1,1,SKU-07,10,1,2025-11-29,2025-12-17,13,1
9032,3,2,SKU-03,10,1,2025-11-29,2025-12-11,9,0
9033,6,1,SKU-04,10,1,2025-11-29,2025-12-26,20,1
9034,6,2,SKU-13,10,1,2025-11-29,2025-12-15,11,1
9035,4,1,SKU-12,10,1,2025-11-29,2025-12-16,12,1
9036,1,3,SKU-04,10,1,2025-11-29,2025-12-16,12,1
9037,2,3,SKU-02,10,1,2025-11-29,2025-12-19,15,1
9038,2,1,SKU-06,10,1,2025-11-29,2025-12-16,12,1
9039,3,2,SKU-15,10,1,2025-11-29,2025-12-15,11,1
9040,5,3,SKU-05,10,1,2025-11-29,2025-12-25,19,1
9041,2,3,SKU-02,10,1,2025-11-29,2025-12-11,9,0
9042,6,3,SKU-05,10,1,2025-11-29,2025-12-29,21,1
9043,6,2,SKU-01,10,1,2025-11-29,2025-12-18,14,1
9044,4,1,SKU-01,10,1,2025-11-29,2025-12-19,15,1
9045,6,1,SKU-11,10,1,2025-11-29,2025-12-17,13,1
9046,2,1,SKU-05,10,1,2025-11-29,2025-12-16,12,1
9047,6,1,SKU-13,10,1,2025-11-29,2025-12-12,10,0
9048,6,1,SKU-07,10,1,2025-11-29,2025-12-19,15,1
9049,1,3,SKU-09,10,1,2025-11-29,2025-12-08,6,0
9050,4,2,SKU-10,10,1,2025-11-29,2025-12-19,15,1
9051,3,3,SKU-05,10,1,2025-11-29,2025-12-16,12,1
9052,6,3,SKU-02,10,1,2025-11-29,2025-12-18,14,1
9053,5,3,SKU-02,10,1,2025-11-29,2025-12-12,10,0
9054,5,2,SKU-06,10,1,2025-11-29,2025-12-22,16,1
9055,3,3,SKU-15,10,1,2025-11-29,2025-12-22,16,1
9056,5,3,SKU-13,10,1,2025-11-29,2025-12-24,18,1
9057,2,1,SKU-08,10,1,2025-11-29,2025-12-16,12,1
9058,3,3,SKU-11,10,1,2025-11-29,2025-12-22,16,1
9059,4,2,SKU-03,10,1,2025-11-29,2025-12-12,10,0
9060,1,2,SKU-11,10,1,2025-11-29,2025-12-16,12,1
9061,5,3,SKU-08,10,1,2025-11-29,2025-12-12,10,0
9062,5,2,SKU-14,10,1,2025-11-29,2025-12-23,17,1
9063,3,2,SKU-04,10,1,2025-11-29,2025-12-25,19,1
9064,6,1,SKU-15,10,1,2025-11-29,2025-12-22,16,1
9065,3,2,SKU-07,10,1,2025-11-29,2025-12-25,19,1
9066,4,3,SKU-14,10,1,2025-11-29,2025-12-18,14,1
9067,2,2,SKU-11,10,1,2025-11-29,2025-12-18,14,1
9068,1,2,SKU-06,10,1,2025-11-29,2025-12-22,16,1
9069,6,3,SKU-10,10,1,2025-11-29,2025-12-10,8,0
9070,5,1,SKU-09,10,1,2025-11-29,2025-12-19,15,1
9071,6,2,SKU-01,10,1,2025-11-29,2025-12-18,14,1
9072,6,3,SKU-13,10,1,2025-11-29,2025-12-18,14,1
9073,2,3,SKU-09,10,1,2025-11-29,2025-12-19,15,1
9074,4,3,SKU-10,10,1,2025-11-29,2025-12-17,13,1
9075,3,3,SKU-06,10,1,2025-11-29,2025-12-18,14,1
9076,6,3,SKU-12,10,1,2025-11-29,2025-12-11,9,0
9077,2,1,SKU-11,10,1,2025-11-29,2025-12-17,13,1
9078,1,3,SKU-05,10,1,2025-11-29,2025-12-11,9,0
9079,6,3,SKU-12,10,1,2025-11-29,2025-12-09,7,0
9080,4,2,SKU-10,10,1,2025-11-29,2025-12-11,9,0
9081,4,2,SKU-04,10,1,2025-11-29,2025-12-18,14,1
9082,5,2,SKU-12,10,1,2025-11-29,2025-12-19,15,1
9083,2,3,SKU-03,10,1,2025-11-29,2025-12-19,15,1
9084,1,3,SKU-13,10,1,2025-11-29,2025-12-19,15,1
9085,3,3,SKU-03,10,1,2025-11-29,2025-12-17,13,1
9086,3,3,SKU-05,10,1,2025-11-29,2025-12-18,14,1
9087,6,2,SKU-04,10,1,2025-11-29,2025-12-23,17,1
9088,2,2,SKU-09,10,1,2025-11-29,2025-12-16,12,1
9089,3,2,SKU-09,10,1,2025-11-29,2025-12-16,12,1
9090,3,1,SKU-08,10,1,2025-11-29,2025-12-25,19,1
9091,3,3,SKU-02,10,1,2025-11-29,2025-12-17,13,1
9092,5,3,SKU-11,10,1,2025-11-29,2025-12-18,14,1
9093,5,2,SKU-11,10,1,2025-11-29,2025-12-17,13,1
9094,4,1,SKU-04,10,1,2025-11-29,2025-12-15,11,1
9095,2,3,SKU-11,10,1,2025-11-29,2025-12-12,10,0
9096,6,3,SKU-05,10,1,2025-11-29,2025-12-19,15,1
9097,4,1,SKU-12,10,1,2025-11-29,2025-12-23,17,1
9098,4,3,SKU-07,10,1,2025-11-29,2025-12-17,13,1
9099,6,3,SKU-05,10,1,2025-11-29,2025-12-22,16,1
9100,5,2,SKU-07,10,1,2025-11-29,2025-12-22,16,1
9101,1,1,SKU-15,10,1,2025-11-29,2025-12-19,15,1
9102,5,2,SKU-07,10,1,2025-11-29,2025-12-23,17,1
9103,4,2,SKU-08,10,1,2025-11-29,2025-12-16,12,1
9104,1,1,SKU-04,10,1,2025-11-29,2025-12-17,13,1
9105,5,1,SKU-11,10,1,2025-11-29,2025-12-23,17,1
9106,5,3,SKU-10,10,1,2025-11-29,2025-12-19,15,1
9107,3,1,SKU-15,10,1,2025-11-29,2025-12-15,11,1
9108,2,1,SKU-15,10,1,2025-11-29,2025-12-16,12,1
9109,1,2,SKU-07,10,1,2025-11-29,2025-12-26,20,1
9110,5,1,SKU-14,10,1,2025-11-29,2025-12-17,13,1
9111,5,2,SKU-01,10,1,2025-11-29,2025-12-11,9,0
9112,1,1,SKU-07,10,1,2025-11-29,2025-12-18,14,1
9113,2,1,SKU-12,10,1,2025-11-29,2025-12-18,14,1
9114,2,1,SKU-05,10,1,2025-11-29,2025-12-15,11,1
9115,2,1,SKU-13,10,1,2025-11-29,2025-12-15,11,1
9116,1,2,SKU-14,10,1,2025-11-29,2025-12-19,15,1
9117,3,1,SKU-04,10,1,2025-11-29,2025-12-24,18,1
9118,4,3,SKU-01,10,1,2025-11-29,2025-12-10,8,0
9119,2,2,SKU-03,10,1,2025-11-29,2025-12-16,12,1
9120,3,2,SKU-01,10,1,2025-11-29,2025-12-15,11,1
9121,3,3,SKU-09,10,1,2025-11-29,2025-12-19,15,1
9122,6,1,SKU-12,10,1,2025-11-29,2025-12-23,17,1
9123,3,2,SKU-05,10,1,2025-11-29,2025-12-23,17,1
9124,5,2,SKU-14,10,1,2025-11-29,2025-12-16,12,1
9125,2,3,SKU-05,10,1,2025-11-29,2025-12-16,12,1
9126,4,3,SKU-06,10,1,2025-11-29,2025-12-17,13,1
9127,6,1,SKU-01,10,1,2025-11-29,2025-12-22,16,1
9128,1,3,SKU-09,10,1,2025-11-29,2025-12-16,12,1
9129,6,1,SKU-12,10,1,2025-11-29,2025-12-17,13,1
9130,5,3,SKU-15,10,1,2025-11-29,2025-12-18,14,1
9131,5,1,SKU-01,10,1,2025-11-29,2025-12-15,11,1
9132,3,2,SKU-09,10,1,2025-11-29,2025-12-17,13,1
9133,2,1,SKU-15,10,1,2025-11-29,2025-12-24,18,1
9134,4,1,SKU-10,10,1,2025-11-29,2025-12-22,16,1
9135,6,3,SKU-04,10,1,2025-11-29,2025-12-26,20,1
9136,1,1,SKU-04,10,1,2025-11-29,2025-12-18,14,1
9137,5,1,SKU-09,10,1,2025-11-29,2025-12-22,16,1
9138,3,3,SKU-14,10,1,2025-11-29,2025-12-18,14,1
9139,2,1,SKU-05,10,1,2025-11-29,2025-12-25,19,1
9140,3,1,SKU-03,10,1,2025-11-29,2025-12-19,15,1
9141,4,3,SKU-11,10,1,2025-11-29,2025-12-19,15,1
9142,2,2,SKU-12,10,1,2025-11-29,2025-12-18,14,1
9143,6,2,SKU-05,10,1,2025-11-29,2025-12-22,16,1
9144,4,1,SKU-10,10,1,2025-11-29,2025-12-16,12,1
9145,4,2,SKU-09,10,1,2025-11-29,2025-12-24,18,1
9146,2,1,SKU-06,10,1,2025-11-29,2025-12-17,13,1
9147,6,1,SKU-10,10,1,2025-11-29,2025-12-12,10,0
9148,6,2,SKU-05,10,1,2025-11-29,2025-12-19,15,1
9149,1,1,SKU-04,10,1,2025-11-29,2025-12-25,19,1
9150,6,3,SKU-13,10,1,2025-11-29,2025-12-19,15,1
9151,2,2,SKU-10,10,1,2025-11-29,2025-12-23,17,1
9152,6,2,SKU-13,10,1,2025-11-29,2025-12-12,10,0
9153,4,3,SKU-02,10,1,2025-11-29,2025-12-08,6,0
9154,4,1,SKU-02,10,1,2025-11-29,2025-12-23,17,1
9155,5,3,SKU-09,10,1,2025-11-29,2025-12-17,13,1
9156,6,3,SKU-13,10,1,2025-11-29,2025-12-17,13,1
9157,5,1,SKU-15,10,1,2025-11-29,2025-12-17,13,1
9158,3,3,SKU-02,10,1,2025-11-29,2025-12-16,12,1
9159,2,3,SKU-15,10,1,2025-11-29,2025-12-18,14,1
9160,4,3,SKU-14,10,1,2025-11-29,2025-12-12,10,0
9161,1,2,SKU-13,10,1,2025-11-29,2025-12-16,12,1
9162,1,3,SKU-07,10,1,2025-11-29,2025-12-16,12,1
9163,5,3,SKU-02,10,1,2025-11-29,2025-12-22,16,1
9164,6,3,SKU-15,10,1,2025-11-29,2025-12-16,12,1
9165,3,3,SKU-11,10,1,2025-11-29,2025-12-12,10,0
9166,1,1,SKU-05,10,1,2025-11-29,2025-12-18,14,1
9167,2,1,SKU-12,10,1,2025-11-29,2025-12-18,14,1
9168,2,1,SKU-11,10,1,2025-11-29,2025-12-15,11,1
9169,5,1,SKU-04,10,1,2025-11-29,2025-12-12,10,0
9170,4,2,SKU-13,10,1,2025-11-29,2025-12-19,15,1
9171,3,2,SKU-08,10,1,2025-11-29,2025-12-22,16,1
9172,3,2,SKU-03,10,1,2025-11-29,2025-12-18,14,1
9173,2,2,SKU-04,10,1,2025-11-29,2025-12-08,6,0
9174,1,1,SKU-01,10,1,2025-11-29,2025-12-15,11,1
9175,3,1,SKU-04,10,1,2025-11-29,2025-12-19,15,1
9176,5,2,SKU-11,10,1,2025-11-29,2025-12-12,10,0
9177,6,1,SKU-07,10,1,2025-11-29,2025-12-24,18,1
9178,5,1,SKU-05,10,1,2025-11-29,2025-12-17,13,1
9179,5,2,SKU-06,10,1,2025-11-29,2025-12-15,11,1
9180,6,3,SKU-07,10,1,2025-11-29,2025-12-17,13,1
9181,4,3,SKU-01,10,1,2025-11-30,2025-12-18,14,1
9182,2,3,SKU-02,10,1,2025-11-30,2025-12-16,12,1
9183,4,2,SKU-09,10,1,2025-11-30,2025-12-17,13,1
9184,2,3,SKU-09,10,1,2025-11-30,2025-12-18,14,1
9185,6,2,SKU-02,10,1,2025-11-30,2025-12-17,13,1
9186,6,3,SKU-08,10,1,2025-11-30,2025-12-19,15,1
9187,6,1,SKU-11,10,1,2025-11-30,2025-12-15,11,1
9188,4,1,SKU-09,10,1,2025-11-30,2025-12-24,18,1
9189,4,2,SKU-08,10,1,2025-11-30,2025-12-16,12,1
9190,2,1,SKU-09,10,1,2025-11-30,2025-12-18,14,1
9191,5,2,SKU-01,10,1,2025-11-30,2025-12-18,14,1
9192,1,3,SKU-08,10,1,2025-11-30,2025-12-15,11,1
9193,2,3,SKU-11,10,1,2025-11-30,2025-12-17,13,1
9194,2,2,SKU-13,10,1,2025-11-30,2025-12-18,14,1
9195,3,1,SKU-10,10,1,2025-11-30,2025-12-18,14,1
9196,2,1,SKU-14,10,1,2025-11-30,2025-12-25,19,1
9197,1,2,SKU-11,10,1,2025-11-30,2025-12-11,9,0
9198,6,3,SKU-15,10,1,2025-11-30,2025-12-19,15,1
9199,3,2,SKU-02,10,1,2025-11-30,2025-12-23,17,1
9200,5,1,SKU-03,10,1,2025-11-30,2025-12-24,18,1
9201,6,2,SKU-03,10,1,2025-11-30,2025-12-17,13,1
9202,1,2,SKU-05,10,1,2025-11-30,2025-12-16,12,1
9203,5,3,SKU-15,10,1,2025-11-30,2025-12-23,17,1
9204,5,3,SKU-07,10,1,2025-11-30,2025-12-10,8,0
9205,6,2,SKU-07,10,1,2025-11-30,2025-12-19,15,1
9206,6,3,SKU-10,10,1,2025-11-30,2025-12-15,11,1
9207,1,1,SKU-06,10,1,2025-11-30,2025-12-25,19,1
9208,2,1,SKU-11,10,1,2025-11-30,2025-12-19,15,1
9209,1,3,SKU-07,10,1,2025-11-30,2025-12-10,8,0
9210,3,1,SKU-10,10,1,2025-11-30,2025-12-18,14,1
9211,4,2,SKU-03,10,1,2025-11-30,2025-12-12,10,0
9212,3,1,SKU-13,10,1,2025-11-30,2025-12-22,16,1
9213,3,2,SKU-11,10,1,2025-11-30,2025-12-24,18,1
9214,4,3,SKU-11,10,1,2025-11-30,2025-12-24,18,1
9215,6,2,SKU-02,10,1,2025-11-30,2025-12-17,13,1
9216,4,2,SKU-02,10,1,2025-11-30,2025-12-17,13,1
9217,4,2,SKU-05,10,1,2025-11-30,2025-12-26,20,1
9218,5,2,SKU-03,10,1,2025-11-30,2025-12-11,9,0
9219,1,3,SKU-12,10,1,2025-11-30,2025-12-16,12,1
9220,3,2,SKU-13,10,1,2025-11-30,2025-12-24,18,1
9221,1,2,SKU-07,10,1,2025-11-30,2025-12-18,14,1
9222,4,2,SKU-01,10,1,2025-11-30,2025-12-25,19,1
9223,5,3,SKU-04,10,1,2025-11-30,2025-12-15,11,1
9224,1,3,SKU-11,10,1,2025-11-30,2025-12-19,15,1
9225,5,2,SKU-11,10,1,2025-11-30,2025-12-18,14,1
9226,2,2,SKU-02,10,1,2025-11-30,2025-12-16,12,1
9227,1,3,SKU-01,10,1,2025-11-30,2025-12-18,14,1
9228,6,2,SKU-10,10,1,2025-11-30,2025-12-11,9,0
9229,2,1,SKU-10,10,1,2025-11-30,2025-12-18,14,1
9230,5,2,SKU-09,10,1,2025-11-30,2025-12-16,12,1
9231,1,3,SKU-02,10,1,2025-11-30,2025-12-29,21,1
9232,3,3,SKU-04,10,1,2025-11-30,2025-12-24,18,1
9233,2,1,SKU-09,10,1,2025-11-30,2025-12-12,10,0
9234,3,3,SKU-05,10,1,2025-11-30,2025-12-15,11,1
9235,3,1,SKU-14,10,1,2025-11-30,2025-12-17,13,1
9236,4,2,SKU-11,10,1,2025-11-30,2025-12-18,14,1
9237,1,2,SKU-11,10,1,2025-11-30,2025-12-18,14,1
9238,4,1,SKU-09,10,1,2025-11-30,2025-12-25,19,1
9239,3,2,SKU-07,10,1,2025-11-30,2025-12-22,16,1
9240,5,2,SKU-01,10,1,2025-11-30,2025-12-19,15,1
9241,1,3,SKU-03,10,1,2025-11-30,2025-12-24,18,1
9242,4,2,SKU-07,10,1,2025-11-30,2025-12-15,11,1
9243,5,2,SKU-02,10,1,2025-11-30,2025-12-25,19,1
9244,2,2,SKU-01,10,1,2025-11-30,2025-12-16,12,1
9245,4,3,SKU-12,10,1,2025-11-30,2025-12-17,13,1
9246,4,3,SKU-15,10,1,2025-11-30,2025-12-17,13,1
9247,5,3,SKU-13,10,1,2025-11-30,2025-12-17,13,1
9248,5,3,SKU-08,10,1,2025-11-30,2025-12-09,7,0
9249,2,3,SKU-08,10,1,2025-11-30,2025-12-18,14,1
9250,1,2,SKU-07,10,1,2025-11-30,2025-12-16,12,1
9251,5,1,SKU-01,10,1,2025-11-30,2025-12-18,14,1
9252,4,3,SKU-03,10,1,2025-11-30,2025-12-15,11,1
9253,1,3,SKU-11,10,1,2025-11-30,2025-12-18,14,1
9254,1,3,SKU-06,10,1,2025-11-30,2025-12-16,12,1
9255,5,1,SKU-15,10,1,2025-11-30,2025-12-17,13,1
9256,6,1,SKU-15,10,1,2025-11-30,2025-12-17,13,1
9257,4,1,SKU-13,10,1,2025-11-30,2025-12-19,15,1
9258,5,2,SKU-14,10,1,2025-11-30,2025-12-16,12,1
9259,1,3,SKU-01,10,1,2025-11-30,2025-12-12,10,0
9260,1,1,SKU-12,10,1,2025-11-30,2025-12-19,15,1
9261,6,1,SKU-02,10,1,2025-11-30,2025-12-25,19,1
9262,4,1,SKU-12,10,1,2025-11-30,2025-12-19,15,1
9263,2,1,SKU-11,10,1,2025-11-30,2025-12-23,17,1
9264,6,2,SKU-13,10,1,2025-11-30,2025-12-17,13,1
9265,5,3,SKU-07,10,1,2025-11-30,2025-12-22,16,1
9266,6,3,SKU-10,10,1,2025-11-30,2025-12-19,15,1
9267,6,1,SKU-09,10,1,2025-11-30,2025-12-19,15,1
9268,3,1,SKU-05,10,1,2025-11-30,2025-12-17,13,1
9269,6,3,SKU-02,10,1,2025-11-30,2025-12-23,17,1
9270,6,3,SKU-13,10,1,2025-11-30,2025-12-12,10,0
9271,6,1,SKU-15,10,1,2025-11-30,2025-12-22,16,1
9272,6,1,SKU-11,10,1,2025-11-30,2025-12-29,21,1
9273,4,2,SKU-15,10,1,2025-11-30,2025-12-16,12,1
9274,4,2,SKU-03,10,1,2025-11-30,2025-12-19,15,1
9275,1,3,SKU-04,10,1,2025-11-30,2025-12-25,19,1
9276,3,1,SKU-04,10,1,2025-11-30,2025-12-22,16,1
9277,5,2,SKU-02,10,1,2025-11-30,2025-12-16,12,1
9278,5,1,SKU-05,10,1,2025-11-30,2025-12-22,16,1
9279,5,1,SKU-11,10,1,2025-11-30,2025-12-19,15,1
9280,3,2,SKU-07,10,1,2025-11-30,2025-12-18,14,1
9281,2,2,SKU-06,10,1,2025-11-30,2025-12-09,7,0
9282,2,2,SKU-11,10,1,2025-11-30,2025-12-23,17,1
9283,1,1,SKU-08,10,1,2025-11-30,2025-12-24,18,1
9284,2,3,SKU-15,10,1,2025-11-30,2025-12-10,8,0
9285,4,3,SKU-12,10,1,2025-11-30,2025-12-11,9,0
9286,5,1,SKU-01,10,1,2025-11-30,2025-12-16,12,1
9287,5,1,SKU-09,10,1,2025-11-30,2025-12-16,12,1
9288,5,3,SKU-13,10,1,2025-11-30,2025-12-17,13,1
9289,6,2,SKU-03,10,1,2025-11-30,2025-12-12,10,0
9290,2,3,SKU-06,10,1,2025-11-30,2025-12-18,14,1
9291,2,2,SKU-02,10,1,2025-11-30,2025-12-12,10,0
9292,2,1,SKU-03,10,1,2025-11-30,2025-12-12,10,0
9293,3,3,SKU-07,10,1,2025-11-30,2025-12-17,13,1
9294,4,3,SKU-15,10,1,2025-11-30,2025-12-15,11,1
9295,3,3,SKU-09,10,1,2025-11-30,2025-12-11,9,0
9296,3,3,SKU-06,10,1,2025-11-30,2025-12-12,10,0
9297,3,1,SKU-01,10,1,2025-11-30,2025-12-16,12,1
9298,3,2,SKU-09,10,1,2025-11-30,2025-12-16,12,1
9299,3,1,SKU-09,10,1,2025-11-30,2025-12-16,12,1
9300,3,1,SKU-14,10,1,2025-11-30,2025-12-23,17,1
9301,1,1,SKU-09,10,1,2025-11-30,2025-12-15,11,1
9302,1,3,SKU-12,10,1,2025-11-30,2025-12-19,15,1
9303,6,3,SKU-15,10,1,2025-11-30,2025-12-18,14,1
9304,6,1,SKU-12,10,1,2025-11-30,2025-12-11,9,0
9305,1,2,SKU-08,10,1,2025-11-30,2025-12-19,15,1
9306,3,3,SKU-01,10,1,2025-11-30,2025-12-12,10,0
9307,6,3,SKU-11,10,1,2025-11-30,2025-12-17,13,1
9308,5,3,SKU-05,10,1,2025-11-30,2025-12-16,12,1
9309,5,2,SKU-05,10,1,2025-11-30,2025-12-24,18,1
9310,3,3,SKU-05,10,1,2025-11-30,2025-12-17,13,1
9311,5,2,SKU-04,10,1,2025-11-30,2025-12-16,12,1
9312,3,1,SKU-10,10,1,2025-11-30,2025-12-16,12,1
9313,4,3,SKU-05,10,1,2025-11-30,2025-12-23,17,1
9314,3,1,SKU-04,10,1,2025-11-30,2025-12-11,9,0
9315,6,1,SKU-01,10,1,2025-11-30,2025-12-16,12,1
9316,3,1,SKU-09,10,1,2025-11-30,2025-12-24,18,1
9317,4,1,SKU-12,10,1,2025-11-30,2025-12-29,21,1
9318,5,3,SKU-13,10,1,2025-11-30,2025-12-25,19,1
9319,4,1,SKU-03,10,1,2025-11-30,2025-12-25,19,1
9320,3,2,SKU-15,10,1,2025-11-30,2025-12-17,13,1
9321,2,1,SKU-12,10,1,2025-11-30,2025-12-24,18,1
9322,5,1,SKU-01,10,1,2025-11-30,2025-12-18,14,1
9323,4,3,SKU-07,10,1,2025-11-30,2025-12-23,17,1
9324,6,2,SKU-01,10,1,2025-11-30,2025-12-17,13,1
9325,5,2,SKU-01,10,1,2025-11-30,2025-12-17,13,1
9326,2,1,SKU-04,10,1,2025-11-30,2025-12-15,11,1
9327,6,2,SKU-08,10,1,2025-11-30,2025-12-24,18,1
9328,2,3,SKU-11,10,1,2025-11-30,2025-12-10,8,0
9329,5,2,SKU-10,10,1,2025-11-30,2025-12-23,17,1
9330,1,1,SKU-13,10,1,2025-11-30,2025-12-19,15,1
9331,5,2,SKU-05,10,1,2025-11-30,2025-12-09,7,0
9332,1,1,SKU-03,10,1,2025-11-30,2025-12-17,13,1
9333,6,3,SKU-12,10,1,2025-11-30,2025-12-15,11,1
9334,2,1,SKU-02,10,1,2025-11-30,2025-12-24,18,1
9335,2,2,SKU-04,10,1,2025-11-30,2025-12-19,15,1
9336,3,3,SKU-13,10,1,2025-11-30,2025-12-17,13,1
9337,3,3,SKU-07,10,1,2025-11-30,2025-12-25,19,1
9338,6,3,SKU-04,10,1,2025-11-30,2025-12-19,15,1
9339,3,3,SKU-05,10,1,2025-11-30,2025-12-19,15,1
9340,2,3,SKU-13,10,1,2025-11-30,2025-12-18,14,1
9341,5,1,SKU-13,10,1,2025-11-30,2025-12-16,12,1
9342,3,1,SKU-09,10,1,2025-11-30,2025-12-22,16,1
9343,4,1,SKU-09,10,1,2025-11-30,2025-12-22,16,1
9344,2,2,SKU-03,10,1,2025-11-30,2025-12-17,13,1
9345,2,3,SKU-08,10,1,2025-11-30,2025-12-16,12,1
9346,4,3,SKU-06,10,1,2025-11-30,2025-12-17,13,1
9347,4,3,SKU-15,10,1,2025-11-30,2025-12-12,10,0
9348,1,2,SKU-02,10,1,2025-11-30,2025-12-19,15,1
9349,3,1,SKU-10,10,1,2025-11-30,2025-12-15,11,1
9350,1,2,SKU-12,10,1,2025-11-30,2025-12-19,15,1
9351,1,2,SKU-15,10,1,2025-11-30,2025-12-22,16,1
9352,5,1,SKU-03,10,1,2025-11-30,2025-12-19,15,1
9353,4,3,SKU-09,10,1,2025-11-30,2025-12-22,16,1
9354,2,2,SKU-11,10,1,2025-11-30,2025-12-16,12,1
9355,3,3,SKU-10,10,1,2025-11-30,2025-12-24,18,1
9356,1,2,SKU-12,10,1,2025-11-30,2025-12-25,19,1
9357,3,1,SKU-08,10,1,2025-11-30,2025-12-22,16,1
9358,3,3,SKU-03,10,1,2025-11-30,2025-12-19,15,1
9359,3,2,SKU-09,10,1,2025-11-30,2025-12-29,21,1
9360,3,1,SKU-15,10,1,2025-11-30,2025-12-22,16,1
9361,1,2,SKU-04,10,1,2025-11-30,2025-12-16,12,1
9362,4,3,SKU-14,10,1,2025-11-30,2025-12-18,14,1
9363,6,1,SKU-07,10,1,2025-11-30,2025-12-15,11,1
9364,3,2,SKU-08,10,1,2025-11-30,2025-12-18,14,1
9365,1,2,SKU-12,10,1,2025-11-30,2025-12-22,16,1
9366,1,1,SKU-13,10,1,2025-11-30,2025-12-24,18,1
9367,1,1,SKU-09,10,1,2025-11-30,2025-12-12,10,0
9368,5,3,SKU-11,10,1,2025-11-30,2025-12-19,15,1
9369,3,1,SKU-03,10,1,2025-11-30,2025-12-24,18,1
9370,6,3,SKU-06,10,1,2025-11-30,2025-12-11,9,0
9371,4,2,SKU-09,10,1,2025-11-30,2025-12-18,14,1
9372,1,1,SKU-03,10,1,2025-11-30,2025-12-16,12,1
9373,6,1,SKU-06,10,1,2025-11-30,2025-12-16,12,1
9374,1,3,SKU-05,10,1,2025-11-30,2025-12-17,13,1
9375,1,3,SKU-07,10,1,2025-11-30,2025-12-16,12,1
9376,3,1,SKU-14,10,1,2025-11-30,2025-12-19,15,1
9377,4,3,SKU-15,10,1,2025-11-30,2025-12-25,19,1
9378,6,3,SKU-09,10,1,2025-11-30,2025-12-22,16,1
9379,3,3,SKU-11,10,1,2025-11-30,2025-12-16,12,1
9380,5,2,SKU-02,10,1,2025-11-30,2025-12-16,12,1
9381,4,2,SKU-15,10,1,2025-11-30,2025-12-19,15,1
9382,2,1,SKU-13,10,1,2025-11-30,2025-12-19,15,1
9383,2,3,SKU-15,10,1,2025-11-30,2025-12-23,17,1
9384,1,3,SKU-10,10,1,2025-11-30,2025-12-19,15,1
9385,5,3,SKU-02,10,1,2025-11-30,2025-12-19,15,1
9386,3,3,SKU-05,10,1,2025-11-30,2025-12-12,10,0
9387,3,3,SKU-14,10,1,2025-11-30,2025-12-11,9,0
9388,5,1,SKU-07,10,1,2025-11-30,2025-12-24,18,1
9389,2,2,SKU-10,10,1,2025-11-30,2025-12-19,15,1
9390,2,2,SKU-12,10,1,2025-11-30,2025-12-24,18,1
9391,5,2,SKU-14,10,1,2025-11-30,2025-12-22,16,1
9392,2,3,SKU-09,10,1,2025-11-30,2025-12-18,14,1
9393,5,1,SKU-15,10,1,2025-11-30,2025-12-19,15,1
9394,6,2,SKU-01,10,1,2025-11-30,2025-12-23,17,1
9395,3,2,SKU-05,10,1,2025-11-30,2025-12-16,12,1
9396,3,3,SKU-05,10,1,2025-11-30,2025-12-09,7,0
9397,6,2,SKU-03,10,1,2025-11-30,2025-12-17,13,1
9398,2,3,SKU-07,10,1,2025-11-30,2025-12-15,11,1
9399,1,2,SKU-10,10,1,2025-11-30,2025-12-12,10,0
9400,3,2,SKU-15,10,1,2025-11-30,2025-12-24,18,1
9401,4,1,SKU-14,10,1,2025-11-30,2025-12-10,8,0
9402,5,3,SKU-11,10,1,2025-11-30,2025-12-16,12,1
9403,1,3,SKU-14,10,1,2025-11-30,2025-12-16,12,1
9404,5,3,SKU-05,10,1,2025-11-30,2025-12-18,14,1
9405,4,1,SKU-15,10,1,2025-11-30,2025-12-18,14,1
9406,5,1,SKU-12,10,1,2025-11-30,2025-12-16,12,1
9407,1,2,SKU-15,10,1,2025-11-30,2025-12-12,10,0
9408,6,2,SKU-04,10,1,2025-11-30,2025-12-16,12,1
9409,5,3,SKU-07,10,1,2025-11-30,2025-12-18,14,1
9410,6,2,SKU-11,10,1,2025-11-30,2025-12-18,14,1
9411,2,1,SKU-05,10,1,2025-11-30,2025-12-18,14,1
9412,6,3,SKU-10,10,1,2025-11-30,2025-12-15,11,1
9413,1,2,SKU-15,10,1,2025-11-30,2025-12-10,8,0
9414,1,2,SKU-09,10,1,2025-11-30,2025-12-19,15,1
9415,2,3,SKU-01,10,1,2025-11-30,2025-12-12,10,0
9416,2,3,SKU-04,10,1,2025-11-30,2025-12-17,13,1
9417,4,1,SKU-03,10,1,2025-11-30,2025-12-22,16,1
9418,2,1,SKU-07,10,1,2025-11-30,2025-12-22,16,1
9419,4,3,SKU-01,10,1,2025-11-30,2025-12-22,16,1
9420,5,2,SKU-06,10,1,2025-11-30,2025-12-11,9,0
9421,1,1,SKU-04,10,1,2025-11-30,2025-12-16,12,1
9422,1,3,SKU-11,10,1,2025-11-30,2025-12-23,17,1
9423,4,2,SKU-15,10,1,2025-11-30,2025-12-26,20,1
9424,2,3,SKU-02,10,1,2025-11-30,2025-12-29,21,1
9425,3,2,SKU-14,10,1,2025-11-30,2025-12-25,19,1
9426,1,2,SKU-08,10,1,2025-11-30,2025-12-24,18,1
9427,2,3,SKU-12,10,1,2025-11-30,2025-12-16,12,1
9428,3,1,SKU-01,10,1,2025-11-30,2025-12-22,16,1
9429,4,2,SKU-08,10,1,2025-11-30,2025-12-22,16,1
9430,4,3,SKU-04,10,1,2025-11-30,2025-12-17,13,1
9431,4,1,SKU-14,10,1,2025-11-30,2025-12-16,12,1
9432,2,3,SKU-03,10,1,2025-11-30,2025-12-22,16,1
9433,6,3,SKU-13,10,1,2025-11-30,2025-12-22,16,1
9434,1,3,SKU-10,10,1,2025-11-30,2025-12-18,14,1
9435,5,2,SKU-13,10,1,2025-11-30,2025-12-12,10,0
9436,4,2,SKU-09,10,1,2025-11-30,2025-12-16,12,1
9437,5,3,SKU-12,10,1,2025-11-30,2025-12-25,19,1
9438,3,2,SKU-15,10,1,2025-11-30,2025-12-17,13,1
9439,1,1,SKU-05,10,1,2025-11-30,2025-12-18,14,1
9440,6,3,SKU-01,10,1,2025-11-30,2025-12-09,7,0
9441,4,3,SKU-05,10,1,2025-11-30,2025-12-12,10,0
9442,5,1,SKU-02,10,1,2025-11-30,2025-12-12,10,0
9443,5,3,SKU-06,10,1,2025-11-30,2025-12-12,10,0
9444,1,1,SKU-07,10,1,2025-11-30,2025-12-23,17,1
9445,1,3,SKU-01,10,1,2025-11-30,2025-12-16,12,1
9446,2,3,SKU-11,10,1,2025-11-30,2025-12-25,19,1
9447,1,3,SKU-13,10,1,2025-11-30,2025-12-18,14,1
9448,5,1,SKU-03,10,1,2025-11-30,2025-12-19,15,1
9449,1,1,SKU-04,10,1,2025-11-30,2025-12-19,15,1
9450,2,3,SKU-15,10,1,2025-11-30,2025-12-11,9,0
9451,2,2,SKU-02,10,1,2025-11-30,2025-12-24,18,1
9452,4,2,SKU-10,10,1,2025-11-30,2025-12-18,14,1
9453,4,1,SKU-04,10,1,2025-11-30,2025-12-17,13,1
9454,2,2,SKU-05,10,1,2025-11-30,2025-12-17,13,1
9455,6,3,SKU-14,10,1,2025-11-30,2025-12-17,13,1
9456,5,1,SKU-13,10,1,2025-11-30,2025-12-16,12,1
9457,6,3,SKU-13,10,1,2025-11-30,2025-12-19,15,1
9458,1,2,SKU-12,10,1,2025-11-30,2025-12-16,12,1
9459,4,3,SKU-14,10,1,2025-11-30,2025-12-15,11,1
9460,5,1,SKU-01,10,1,2025-11-30,2025-12-19,15,1
9461,6,2,SKU-12,10,1,2025-11-30,2025-12-12,10,0
9462,5,2,SKU-09,10,1,2025-11-30,2025-12-18,14,1
9463,4,3,SKU-08,10,1,2025-11-30,2025-12-22,16,1
9464,5,2,SKU-11,10,1,2025-11-30,2025-12-15,11,1
9465,1,3,SKU-10,10,1,2025-11-30,2025-12-18,14,1
9466,4,3,SKU-04,10,1,2025-11-30,2025-12-18,14,1
9467,5,3,SKU-08,10,1,2025-11-30,2025-12-17,13,1
9468,2,3,SKU-10,10,1,2025-11-30,2025-12-22,16,1
9469,5,3,SKU-11,10,1,2025-11-30,2025-12-16,12,1
9470,3,1,SKU-10,10,1,2025-11-30,2025-12-18,14,1
9471,1,3,SKU-15,10,1,2025-11-30,2025-12-22,16,1
9472,5,1,SKU-07,10,1,2025-11-30,2025-12-10,8,0
9473,4,3,SKU-03,10,1,2025-11-30,2025-12-17,13,1
9474,1,3,SKU-07,10,1,2025-11-30,2025-12-19,15,1
9475,5,1,SKU-10,10,1,2025-11-30,2025-12-19,15,1
9476,2,1,SKU-01,10,1,2025-11-30,2025-12-17,13,1
9477,3,1,SKU-14,10,1,2025-11-30,2025-12-23,17,1
9478,5,3,SKU-07,10,1,2025-11-30,2025-12-30,22,1
9479,5,1,SKU-12,10,1,2025-11-30,2025-12-18,14,1
9480,6,3,SKU-11,10,1,2025-11-30,2025-12-22,16,1
9481,2,2,SKU-11,10,1,2025-11-30,2025-12-17,13,1
9482,1,1,SKU-01,10,1,2025-11-30,2025-12-11,9,0
9483,2,1,SKU-07,10,1,2025-11-30,2025-12-16,12,1
9484,2,1,SKU-15,10,1,2025-11-30,2025-12-26,20,1
9485,6,1,SKU-01,10,1,2025-11-30,2025-12-19,15,1
9486,3,2,SKU-05,10,1,2025-11-30,2025-12-22,16,1
9487,2,3,SKU-12,10,1,2025-11-30,2025-12-19,15,1
9488,5,1,SKU-02,10,1,2025-11-30,2025-12-17,13,1
9489,3,3,SKU-12,10,1,2025-11-30,2025-12-22,16,1
9490,2,3,SKU-05,10,1,2025-11-30,2025-12-16,12,1
9491,6,1,SKU-13,10,1,2025-11-30,2025-12-18,14,1
9492,2,3,SKU-14,10,1,2025-11-30,2025-12-25,19,1
9493,6,3,SKU-12,10,1,2025-11-30,2025-12-16,12,1
9494,1,1,SKU-10,10,1,2025-11-30,2025-12-16,12,1
9495,2,1,SKU-14,10,1,2025-11-30,2025-12-23,17,1
9496,2,1,SKU-07,10,1,2025-11-30,2025-12-25,19,1
9497,3,2,SKU-12,10,1,2025-11-30,2025-12-18,14,1
9498,1,3,SKU-14,10,1,2025-11-30,2025-12-16,12,1
9499,6,3,SKU-05,10,1,2025-11-30,2025-12-19,15,1
9500,6,3,SKU-11,10,1,2025-11-30,2025-12-16,12,1
9501,6,1,SKU-04,10,1,2025-11-30,2025-12-19,15,1
9502,1,3,SKU-04,10,1,2025-11-30,2025-12-19,15,1
9503,1,1,SKU-07,10,1,2025-11-30,2025-12-16,12,1
9504,2,2,SKU-13,10,1,2025-11-30,2025-12-22,16,1
9505,4,3,SKU-09,10,1,2025-11-30,2025-12-18,14,1
9506,3,3,SKU-08,10,1,2025-11-30,2025-12-17,13,1
9507,2,1,SKU-01,10,1,2025-11-30,2025-12-23,17,1
9508,6,3,SKU-08,10,1,2025-11-30,2025-12-23,17,1
9509,1,1,SKU-05,10,1,2025-11-30,2025-12-19,15,1
9510,2,1,SKU-07,10,1,2025-11-30,2025-12-10,8,0
9511,3,3,SKU-03,10,1,2025-11-30,2025-12-22,16,1
9512,5,1,SKU-11,10,1,2025-11-30,2025-12-23,17,1
9513,4,2,SKU-10,10,1,2025-11-30,2025-12-18,14,1
9514,6,3,SKU-10,10,1,2025-11-30,2025-12-22,16,1
9515,3,3,SKU-04,10,1,2025-11-30,2025-12-19,15,1
9516,4,1,SKU-03,10,1,2025-11-30,2025-12-17,13,1
9517,4,2,SKU-06,10,1,2025-11-30,2025-12-11,9,0
9518,1,2,SKU-11,10,1,2025-11-30,2025-12-23,17,1
9519,4,3,SKU-07,10,1,2025-11-30,2025-12-08,6,0
9520,2,1,SKU-13,10,1,2025-11-30,2025-12-19,15,1
9521,1,3,SKU-02,10,1,2025-11-30,2025-12-18,14,1
9522,4,2,SKU-15,10,1,2025-11-30,2025-12-22,16,1
9523,3,2,SKU-05,10,1,2025-11-30,2025-12-17,13,1
9524,2,1,SKU-04,10,1,2025-11-30,2025-12-22,16,1
9525,2,2,SKU-12,10,1,2025-11-30,2025-12-08,6,0
9526,2,1,SKU-02,10,1,2025-11-30,2025-12-22,16,1
9527,4,2,SKU-04,10,1,2025-11-30,2025-12-18,14,1
9528,1,3,SKU-08,10,1,2025-11-30,2025-12-18,14,1
9529,3,3,SKU-11,10,1,2025-11-30,2025-12-17,13,1
9530,5,1,SKU-01,10,1,2025-11-30,2025-12-15,11,1
9531,4,3,SKU-08,10,1,2025-11-30,2025-12-16,12,1
9532,1,1,SKU-14,10,1,2025-11-30,2025-12-16,12,1
9533,3,2,SKU-02,10,1,2025-11-30,2025-12-12,10,0
9534,2,1,SKU-02,10,1,2025-11-30,2025-12-22,16,1
9535,2,3,SKU-06,10,1,2025-11-30,2025-12-18,14,1
9536,5,3,SKU-01,10,1,2025-11-30,2025-12-16,12,1
9537,1,1,SKU-06,10,1,2025-11-30,2025-12-19,15,1
9538,3,3,SKU-12,10,1,2025-11-30,2025-12-17,13,1
9539,2,3,SKU-03,10,1,2025-11-30,2025-12-17,13,1
9540,3,3,SKU-12,10,1,2025-11-30,2025-12-22,16,1
9541,1,1,SKU-05,10,1,2025-11-30,2025-12-24,18,1
9542,6,3,SKU-01,10,1,2025-11-30,2025-12-19,15,1
9543,6,1,SKU-08,10,1,2025-11-30,2025-12-22,16,1
9544,6,2,SKU-04,10,1,2025-11-30,2025-12-08,6,0
9545,3,3,SKU-07,10,1,2025-11-30,2025-12-16,12,1
9546,1,3,SKU-07,10,1,2025-11-30,2025-12-11,9,0
9547,2,1,SKU-15,10,1,2025-11-30,2025-12-24,18,1
9548,1,3,SKU-01,10,1,2025-11-30,2025-12-19,15,1
9549,3,1,SKU-11,10,1,2025-11-30,2025-12-23,17,1
9550,1,3,SKU-02,10,1,2025-11-30,2025-12-17,13,1
9551,1,1,SKU-15,10,1,2025-11-30,2025-12-09,7,0
9552,4,3,SKU-11,10,1,2025-11-30,2025-12-15,11,1
9553,5,3,SKU-04,10,1,2025-11-30,2025-12-25,19,1
9554,3,2,SKU-06,10,1,2025-11-30,2025-12-30,22,1
9555,3,2,SKU-04,10,1,2025-11-30,2025-12-12,10,0
9556,5,3,SKU-14,10,1,2025-11-30,2025-12-18,14,1
9557,5,1,SKU-01,10,1,2025-11-30,2025-12-10,8,0
9558,4,2,SKU-13,10,1,2025-11-30,2025-12-11,9,0
9559,5,3,SKU-04,10,1,2025-11-30,2025-12-17,13,1
9560,3,3,SKU-13,10,1,2025-11-30,2025-12-10,8,0
9561,1,1,SKU-12,10,1,2025-11-30,2025-12-15,11,1
9562,1,2,SKU-08,10,1,2025-11-30,2025-12-15,11,1
9563,6,2,SKU-06,10,1,2025-11-30,2025-12-18,14,1
9564,4,2,SKU-07,10,1,2025-11-30,2025-12-19,15,1
9565,6,3,SKU-10,10,1,2025-11-30,2025-12-18,14,1
9566,1,1,SKU-04,11,1,2025-12-01,2025-12-16,11,1
9567,3,2,SKU-14,11,1,2025-12-01,2025-12-18,13,1
9568,3,2,SKU-07,11,1,2025-12-01,2025-12-16,11,1
9569,1,2,SKU-11,11,1,2025-12-01,2025-12-23,16,1
9570,1,3,SKU-06,11,1,2025-12-01,2025-12-19,14,1
9571,1,3,SKU-01,11,1,2025-12-01,2025-12-17,12,1
9572,5,3,SKU-07,11,1,2025-12-01,2025-12-24,17,1
9573,4,1,SKU-15,11,1,2025-12-01,2025-12-12,9,0
9574,2,2,SKU-03,11,1,2025-12-01,2025-12-26,19,1
9575,2,3,SKU-11,11,1,2025-12-01,2025-12-25,18,1
9576,6,2,SKU-03,11,1,2025-12-01,2025-12-17,12,1
9577,3,3,SKU-11,11,1,2025-12-01,2025-12-11,8,0
9578,1,1,SKU-13,11,1,2025-12-01,2025-12-15,10,0
9579,1,3,SKU-13,11,1,2025-12-01,2025-12-19,14,1
9580,1,1,SKU-06,11,1,2025-12-01,2025-12-18,13,1
9581,1,1,SKU-07,11,1,2025-12-01,2025-12-18,13,1
9582,6,1,SKU-15,11,1,2025-12-01,2025-12-10,7,0
9583,6,1,SKU-04,11,1,2025-12-01,2025-12-19,14,1
9584,4,3,SKU-05,11,1,2025-12-01,2025-12-23,16,1
9585,3,3,SKU-14,11,1,2025-12-01,2025-12-16,11,1
9586,1,1,SKU-10,11,1,2025-12-01,2025-12-24,17,1
9587,3,3,SKU-07,11,1,2025-12-01,2025-12-19,14,1
9588,3,2,SKU-07,11,1,2025-12-01,2025-12-12,9,0
9589,3,2,SKU-07,11,1,2025-12-01,2025-12-17,12,1
9590,1,3,SKU-15,11,1,2025-12-01,2025-12-22,15,1
9591,6,1,SKU-10,11,1,2025-12-01,2025-12-16,11,1
9592,2,2,SKU-07,11,1,2025-12-01,2025-12-30,21,1
9593,6,2,SKU-13,11,1,2025-12-01,2025-12-12,9,0
9594,4,1,SKU-08,11,1,2025-12-01,2025-12-19,14,1
9595,2,3,SKU-11,11,1,2025-12-01,2025-12-16,11,1
9596,1,2,SKU-01,11,1,2025-12-01,2025-12-25,18,1
9597,1,2,SKU-09,11,1,2025-12-01,2025-12-25,18,1
9598,5,1,SKU-06,11,1,2025-12-01,2025-12-22,15,1
9599,5,2,SKU-07,11,1,2025-12-01,2025-12-22,15,1
9600,5,2,SKU-04,11,1,2025-12-01,2025-12-17,12,1
9601,5,3,SKU-02,11,1,2025-12-01,2025-12-23,16,1
9602,4,1,SKU-09,11,1,2025-12-01,2025-12-22,15,1
9603,2,3,SKU-08,11,1,2025-12-01,2025-12-16,11,1
9604,6,3,SKU-10,11,1,2025-12-01,2025-12-18,13,1
9605,5,2,SKU-01,11,1,2025-12-01,2025-12-30,21,1
9606,4,1,SKU-09,11,1,2025-12-01,2025-12-17,12,1
9607,2,3,SKU-10,11,1,2025-12-01,2025-12-22,15,1
9608,4,1,SKU-15,11,1,2025-12-01,2025-12-22,15,1
9609,1,2,SKU-06,11,1,2025-12-01,2025-12-17,12,1
9610,4,3,SKU-05,11,1,2025-12-01,2025-12-24,17,1
9611,6,1,SKU-09,11,1,2025-12-01,2025-12-22,15,1
9612,3,1,SKU-09,11,1,2025-12-01,2025-12-12,9,0
9613,4,2,SKU-07,11,1,2025-12-01,2025-12-23,16,1
9614,2,1,SKU-07,11,1,2025-12-01,2025-12-25,18,1
9615,5,1,SKU-05,11,1,2025-12-01,2025-12-15,10,0
9616,3,1,SKU-01,11,1,2025-12-01,2025-12-17,12,1
9617,2,2,SKU-15,11,1,2025-12-01,2025-12-24,17,1
9618,5,2,SKU-15,11,1,2025-12-01,2025-12-17,12,1
9619,4,1,SKU-01,11,1,2025-12-01,2025-12-26,19,1
9620,6,3,SKU-07,11,1,2025-12-01,2025-12-23,16,1
9621,1,1,SKU-03,11,1,2025-12-01,2025-12-17,12,1
9622,1,1,SKU-12,11,1,2025-12-01,2025-12-17,12,1
9623,4,3,SKU-06,11,1,2025-12-01,2025-12-19,14,1
9624,5,3,SKU-11,11,1,2025-12-01,2025-12-18,13,1
9625,5,1,SKU-07,11,1,2025-12-01,2025-12-10,7,0
9626,5,1,SKU-14,11,1,2025-12-01,2025-12-19,14,1
9627,2,3,SKU-08,11,1,2025-12-01,2025-12-23,16,1
9628,1,1,SKU-03,11,1,2025-12-01,2025-12-23,16,1
9629,3,3,SKU-02,11,1,2025-12-01,2025-12-12,9,0
9630,6,2,SKU-07,11,1,2025-12-01,2025-12-18,13,1
9631,5,2,SKU-12,11,1,2025-12-01,2025-12-15,10,0
9632,3,2,SKU-09,11,1,2025-12-01,2025-12-23,16,1
9633,4,1,SKU-02,11,1,2025-12-01,2025-12-12,9,0
9634,4,3,SKU-14,11,1,2025-12-01,2025-12-26,19,1
9635,3,3,SKU-04,11,1,2025-12-01,2025-12-22,15,1
9636,1,1,SKU-05,11,1,2025-12-01,2025-12-15,10,0
9637,1,1,SKU-07,11,1,2025-12-01,2025-12-26,19,1
9638,3,2,SKU-02,11,1,2025-12-01,2025-12-25,18,1
9639,1,1,SKU-14,11,1,2025-12-01,2025-12-22,15,1
9640,3,3,SKU-10,11,1,2025-12-01,2025-12-19,14,1
9641,3,3,SKU-08,11,1,2025-12-01,2025-12-26,19,1
9642,1,1,SKU-06,11,1,2025-12-01,2025-12-19,14,1
9643,3,2,SKU-15,11,1,2025-12-01,2025-12-10,7,0
9644,2,1,SKU-03,11,1,2025-12-01,2025-12-19,14,1
9645,1,2,SKU-08,11,1,2025-12-01,2025-12-18,13,1
9646,2,3,SKU-10,11,1,2025-12-01,2025-12-18,13,1
9647,4,2,SKU-07,11,1,2025-12-01,2025-12-30,21,1
9648,1,1,SKU-05,11,1,2025-12-01,2025-12-23,16,1
9649,3,1,SKU-15,11,1,2025-12-01,2025-12-12,9,0
9650,2,2,SKU-06,11,1,2025-12-01,2025-12-19,14,1
9651,3,3,SKU-04,11,1,2025-12-01,2025-12-23,16,1
9652,6,2,SKU-04,11,1,2025-12-01,2025-12-24,17,1
9653,5,2,SKU-05,11,1,2025-12-01,2025-12-18,13,1
9654,2,1,SKU-15,11,1,2025-12-01,2025-12-12,9,0
9655,3,1,SKU-05,11,1,2025-12-01,2025-12-19,14,1
9656,4,2,SKU-15,11,1,2025-12-01,2025-12-22,15,1
9657,1,2,SKU-02,11,1,2025-12-01,2025-12-25,18,1
9658,2,2,SKU-06,11,1,2025-12-01,2025-12-12,9,0
9659,2,2,SKU-13,11,1,2025-12-01,2025-12-18,13,1
9660,3,2,SKU-04,11,1,2025-12-01,2025-12-09,6,0
9661,1,2,SKU-03,11,1,2025-12-01,2025-12-22,15,1
9662,3,3,SKU-03,11,1,2025-12-01,2025-12-22,15,1
9663,6,3,SKU-08,11,1,2025-12-01,2025-12-10,7,0
9664,6,1,SKU-11,11,1,2025-12-01,2025-12-18,13,1
9665,1,3,SKU-02,11,1,2025-12-01,2025-12-19,14,1
9666,6,3,SKU-10,11,1,2025-12-01,2025-12-15,10,0
9667,6,1,SKU-13,11,1,2025-12-01,2025-12-17,12,1
9668,1,2,SKU-10,11,1,2025-12-01,2025-12-17,12,1
9669,2,2,SKU-05,11,1,2025-12-01,2025-12-23,16,1
9670,6,2,SKU-06,11,1,2025-12-01,2025-12-23,16,1
9671,2,2,SKU-13,11,1,2025-12-01,2025-12-11,8,0
9672,5,2,SKU-06,11,1,2025-12-01,2025-12-18,13,1
9673,2,3,SKU-10,11,1,2025-12-01,2025-12-18,13,1
9674,6,3,SKU-03,11,1,2025-12-01,2025-12-17,12,1
9675,2,1,SKU-03,11,1,2025-12-01,2025-12-29,20,1
9676,6,3,SKU-01,11,1,2025-12-01,2025-12-15,10,0
9677,4,2,SKU-09,11,1,2025-12-01,2025-12-16,11,1
9678,3,1,SKU-14,11,1,2025-12-01,2025-12-18,13,1
9679,2,1,SKU-11,11,1,2025-12-01,2025-12-23,16,1
9680,3,1,SKU-13,11,1,2025-12-01,2025-12-19,14,1
9681,3,2,SKU-09,11,1,2025-12-01,2025-12-12,9,0
9682,2,1,SKU-05,11,1,2025-12-01,2025-12-15,10,0
9683,5,2,SKU-13,11,1,2025-12-01,2025-12-18,13,1
9684,6,2,SKU-03,11,1,2025-12-01,2025-12-19,14,1
9685,2,2,SKU-04,11,1,2025-12-01,2025-12-19,14,1
9686,3,1,SKU-03,11,1,2025-12-01,2025-12-17,12,1
9687,3,3,SKU-03,11,1,2025-12-01,2025-12-11,8,0
9688,1,3,SKU-01,11,1,2025-12-01,2025-12-22,15,1
9689,1,1,SKU-04,11,1,2025-12-01,2025-12-09,6,0
9690,2,3,SKU-12,11,1,2025-12-01,2026-01-01,23,1
9691,6,3,SKU-01,11,1,2025-12-01,2025-12-11,8,0
9692,6,3,SKU-06,11,1,2025-12-01,2025-12-15,10,0
9693,6,3,SKU-07,11,1,2025-12-01,2025-12-16,11,1
9694,5,3,SKU-01,11,1,2025-12-01,2025-12-10,7,0
9695,4,1,SKU-01,11,1,2025-12-01,2025-12-19,14,1
9696,3,1,SKU-13,11,1,2025-12-01,2025-12-15,10,0
9697,6,3,SKU-05,11,1,2025-12-01,2025-12-10,7,0
9698,3,2,SKU-10,11,1,2025-12-01,2025-12-19,14,1
9699,5,3,SKU-14,11,1,2025-12-01,2025-12-22,15,1
9700,2,1,SKU-03,11,1,2025-12-01,2025-12-18,13,1
9701,5,2,SKU-04,11,1,2025-12-01,2025-12-17,12,1
9702,2,2,SKU-11,11,1,2025-12-01,2025-12-25,18,1
9703,2,2,SKU-05,11,1,2025-12-01,2025-12-18,13,1
9704,1,1,SKU-04,11,1,2025-12-01,2025-12-15,10,0
9705,5,2,SKU-08,11,1,2025-12-01,2025-12-16,11,1
9706,1,3,SKU-01,11,1,2025-12-01,2025-12-19,14,1
9707,2,1,SKU-12,11,1,2025-12-01,2025-12-12,9,0
9708,5,3,SKU-10,11,1,2025-12-01,2025-12-19,14,1
9709,1,1,SKU-07,11,1,2025-12-01,2025-12-19,14,1
9710,5,3,SKU-05,11,1,2025-12-01,2025-12-17,12,1
9711,1,3,SKU-14,11,1,2025-12-01,2025-12-24,17,1
9712,1,1,SKU-08,11,1,2025-12-01,2025-12-19,14,1
9713,1,1,SKU-11,11,1,2025-12-01,2025-12-18,13,1
9714,3,3,SKU-14,11,1,2025-12-01,2025-12-23,16,1
9715,4,3,SKU-12,11,1,2025-12-01,2025-12-16,11,1
9716,6,1,SKU-09,11,1,2025-12-01,2025-12-18,13,1
9717,3,1,SKU-15,11,1,2025-12-01,2025-12-12,9,0
9718,1,3,SKU-10,11,1,2025-12-01,2025-12-12,9,0
9719,3,2,SKU-01,11,1,2025-12-01,2025-12-16,11,1
9720,1,2,SKU-02,11,1,2025-12-01,2025-12-23,16,1
9721,4,2,SKU-07,11,1,2025-12-01,2025-12-15,10,0
9722,2,2,SKU-08,11,1,2025-12-01,2025-12-18,13,1
9723,5,3,SKU-08,11,1,2025-12-01,2025-12-19,14,1
9724,4,2,SKU-13,11,1,2025-12-01,2025-12-16,11,1
9725,5,1,SKU-05,11,1,2025-12-01,2025-12-23,16,1
9726,5,3,SKU-01,11,1,2025-12-01,2025-12-25,18,1
9727,2,2,SKU-11,11,1,2025-12-01,2025-12-19,14,1
9728,6,3,SKU-13,11,1,2025-12-01,2025-12-17,12,1
9729,6,2,SKU-10,11,1,2025-12-01,2025-12-17,12,1
9730,3,1,SKU-01,11,1,2025-12-01,2025-12-18,13,1
9731,4,2,SKU-04,11,1,2025-12-01,2025-12-17,12,1
9732,2,3,SKU-08,11,1,2025-12-01,2025-12-15,10,0
9733,2,3,SKU-01,11,1,2025-12-01,2025-12-22,15,1
9734,4,3,SKU-15,11,1,2025-12-01,2025-12-16,11,1
9735,4,2,SKU-12,11,1,2025-12-01,2025-12-19,14,1
9736,3,1,SKU-07,11,1,2025-12-01,2025-12-23,16,1
9737,3,1,SKU-03,11,1,2025-12-01,2025-12-22,15,1
9738,1,2,SKU-08,11,1,2025-12-01,2025-12-19,14,1
9739,3,1,SKU-10,11,1,2025-12-01,2025-12-24,17,1
9740,1,3,SKU-13,11,1,2025-12-01,2025-12-24,17,1
9741,5,3,SKU-05,11,1,2025-12-01,2025-12-16,11,1
9742,4,3,SKU-06,11,1,2025-12-01,2025-12-17,12,1
9743,4,1,SKU-04,11,1,2025-12-01,2025-12-11,8,0
9744,6,3,SKU-05,11,1,2025-12-01,2025-12-12,9,0
9745,6,2,SKU-07,11,1,2025-12-01,2025-12-16,11,1
9746,5,2,SKU-03,11,1,2025-12-01,2025-12-18,13,1
9747,5,2,SKU-10,11,1,2025-12-01,2025-12-16,11,1
9748,1,2,SKU-15,11,1,2025-12-01,2025-12-11,8,0
9749,5,2,SKU-03,11,1,2025-12-01,2025-12-19,14,1
9750,6,3,SKU-12,11,1,2025-12-01,2025-12-16,11,1
9751,6,1,SKU-06,11,1,2025-12-01,2025-12-18,13,1
9752,4,1,SKU-08,11,1,2025-12-01,2025-12-23,16,1
9753,3,2,SKU-06,11,1,2025-12-01,2025-12-23,16,1
9754,1,3,SKU-04,11,1,2025-12-01,2025-12-17,12,1
9755,1,2,SKU-06,11,1,2025-12-01,2025-12-15,10,0
9756,3,1,SKU-04,11,1,2025-12-01,2025-12-19,14,1
9757,5,1,SKU-12,11,1,2025-12-01,2025-12-24,17,1
9758,2,3,SKU-07,11,1,2025-12-01,2025-12-19,14,1
9759,2,2,SKU-08,11,1,2025-12-01,2025-12-29,20,1
9760,5,3,SKU-14,11,1,2025-12-01,2025-12-18,13,1
9761,4,2,SKU-15,11,1,2025-12-01,2025-12-18,13,1
9762,5,2,SKU-04,11,1,2025-12-01,2025-12-09,6,0
9763,6,3,SKU-09,11,1,2025-12-01,2025-12-22,15,1
9764,6,3,SKU-03,11,1,2025-12-01,2025-12-23,16,1
9765,6,2,SKU-08,11,1,2025-12-01,2025-12-10,7,0
9766,3,3,SKU-04,11,1,2025-12-01,2025-12-16,11,1
9767,6,1,SKU-06,11,1,2025-12-01,2025-12-18,13,1
9768,6,1,SKU-10,11,1,2025-12-01,2025-12-19,14,1
9769,4,3,SKU-15,11,1,2025-12-01,2025-12-15,10,0
9770,3,1,SKU-09,11,1,2025-12-01,2025-12-22,15,1
9771,5,1,SKU-06,11,1,2025-12-01,2025-12-18,13,1
9772,4,2,SKU-09,11,1,2025-12-01,2025-12-18,13,1
9773,4,2,SKU-06,11,1,2025-12-01,2025-12-19,14,1
9774,5,1,SKU-11,11,1,2025-12-01,2025-12-15,10,0
9775,1,1,SKU-08,11,1,2025-12-01,2025-12-23,16,1
9776,6,3,SKU-15,11,1,2025-12-01,2025-12-18,13,1
9777,1,1,SKU-04,11,1,2025-12-01,2025-12-19,14,1
9778,3,3,SKU-07,11,1,2025-12-01,2025-12-16,11,1
9779,6,1,SKU-13,11,1,2025-12-01,2025-12-19,14,1
9780,3,1,SKU-03,11,1,2025-12-01,2025-12-12,9,0
9781,4,3,SKU-10,11,1,2025-12-01,2025-12-16,11,1
9782,5,1,SKU-14,11,1,2025-12-01,2025-12-17,12,1
9783,4,3,SKU-15,11,1,2025-12-01,2025-12-18,13,1
9784,6,1,SKU-09,11,1,2025-12-01,2025-12-16,11,1
9785,6,2,SKU-09,11,1,2025-12-02,2025-12-15,9,0
9786,2,1,SKU-06,11,1,2025-12-02,2025-12-23,15,1
9787,4,1,SKU-03,11,1,2025-12-02,2025-12-15,9,0
9788,1,2,SKU-05,11,1,2025-12-02,2025-12-15,9,0
9789,1,3,SKU-08,11,1,2025-12-02,2025-12-18,12,1
9790,2,2,SKU-01,11,1,2025-12-02,2025-12-29,19,1
9791,3,3,SKU-02,11,1,2025-12-02,2026-01-01,22,1
9792,2,1,SKU-11,11,1,2025-12-02,2025-12-22,14,1
9793,4,2,SKU-14,11,1,2025-12-02,2025-12-16,10,0
9794,3,3,SKU-15,11,1,2025-12-02,2025-12-19,13,1
9795,3,1,SKU-08,11,1,2025-12-02,2025-12-19,13,1
9796,4,2,SKU-02,11,1,2025-12-02,2025-12-15,9,0
9797,2,3,SKU-09,11,1,2025-12-02,2025-12-22,14,1
9798,2,3,SKU-04,11,1,2025-12-02,2025-12-16,10,0
9799,2,2,SKU-14,11,1,2025-12-02,2025-12-19,13,1
9800,2,1,SKU-15,11,1,2025-12-02,2025-12-24,16,1
9801,1,3,SKU-11,11,1,2025-12-02,2025-12-12,8,0
9802,6,2,SKU-14,11,1,2025-12-02,2025-12-12,8,0
9803,1,3,SKU-01,11,1,2025-12-02,2025-12-22,14,1
9804,1,3,SKU-08,11,1,2025-12-02,2025-12-17,11,1
9805,4,1,SKU-12,11,1,2025-12-02,2025-12-19,13,1
9806,4,3,SKU-11,11,1,2025-12-02,2025-12-19,13,1
9807,4,2,SKU-15,11,1,2025-12-02,2025-12-11,7,0
9808,3,3,SKU-01,11,1,2025-12-02,2025-12-19,13,1
9809,3,3,SKU-14,11,1,2025-12-02,2025-12-22,14,1
9810,5,3,SKU-03,11,1,2025-12-02,2025-12-18,12,1
9811,6,1,SKU-08,11,1,2025-12-02,2025-12-11,7,0
9812,5,3,SKU-13,11,1,2025-12-02,2025-12-22,14,1
9813,6,1,SKU-08,11,1,2025-12-02,2025-12-23,15,1
9814,2,1,SKU-08,11,1,2025-12-02,2025-12-17,11,1
9815,1,2,SKU-14,11,1,2025-12-02,2025-12-29,19,1
9816,4,3,SKU-10,11,1,2025-12-02,2025-12-22,14,1
9817,2,2,SKU-06,11,1,2025-12-02,2025-12-23,15,1
9818,2,2,SKU-02,11,1,2025-12-02,2025-12-25,17,1
9819,1,1,SKU-12,11,1,2025-12-02,2025-12-23,15,1
9820,1,3,SKU-11,11,1,2025-12-02,2025-12-23,15,1
9821,4,2,SKU-01,11,1,2025-12-02,2025-12-16,10,0
9822,1,3,SKU-04,11,1,2025-12-02,2025-12-23,15,1
9823,2,2,SKU-11,11,1,2025-12-02,2025-12-17,11,1
9824,6,2,SKU-11,11,1,2025-12-02,2025-12-25,17,1
9825,5,3,SKU-06,11,1,2025-12-02,2025-12-22,14,1
9826,2,1,SKU-09,11,1,2025-12-02,2025-12-25,17,1
9827,3,3,SKU-03,11,1,2025-12-02,2025-12-22,14,1
9828,2,3,SKU-03,11,1,2025-12-02,2025-12-23,15,1
9829,6,2,SKU-05,11,1,2025-12-02,2025-12-24,16,1
9830,3,3,SKU-04,11,1,2025-12-02,2025-12-16,10,0
9831,2,1,SKU-01,11,1,2025-12-02,2025-12-19,13,1
9832,6,2,SKU-10,11,1,2025-12-02,2025-12-26,18,1
9833,3,3,SKU-03,11,1,2025-12-02,2025-12-22,14,1
9834,4,2,SKU-02,11,1,2025-12-02,2025-12-18,12,1
9835,6,1,SKU-08,11,1,2025-12-02,2025-12-22,14,1
9836,4,2,SKU-12,11,1,2025-12-02,2025-12-22,14,1
9837,6,2,SKU-14,11,1,2025-12-02,2025-12-17,11,1
9838,1,2,SKU-13,11,1,2025-12-02,2025-12-19,13,1
9839,2,1,SKU-08,11,1,2025-12-02,2025-12-29,19,1
9840,5,3,SKU-15,11,1,2025-12-02,2025-12-25,17,1
9841,1,1,SKU-03,11,1,2025-12-02,2025-12-26,18,1
9842,4,3,SKU-01,11,1,2025-12-02,2025-12-17,11,1
9843,2,1,SKU-15,11,1,2025-12-02,2025-12-16,10,0
9844,6,1,SKU-10,11,1,2025-12-02,2025-12-24,16,1
9845,5,1,SKU-13,11,1,2025-12-02,2025-12-26,18,1
9846,3,3,SKU-09,11,1,2025-12-02,2025-12-18,12,1
9847,3,3,SKU-04,11,1,2025-12-02,2025-12-23,15,1
9848,5,2,SKU-07,11,1,2025-12-02,2025-12-19,13,1
9849,1,3,SKU-09,11,1,2025-12-02,2025-12-12,8,0
9850,1,1,SKU-01,11,1,2025-12-02,2025-12-11,7,0
9851,5,2,SKU-02,11,1,2025-12-02,2025-12-12,8,0
9852,6,3,SKU-03,11,1,2025-12-02,2025-12-30,20,1
9853,1,3,SKU-02,11,1,2025-12-02,2025-12-24,16,1
9854,3,3,SKU-01,11,1,2025-12-02,2025-12-25,17,1
9855,6,3,SKU-03,11,1,2025-12-02,2025-12-22,14,1
9856,4,3,SKU-09,11,1,2025-12-02,2025-12-25,17,1
9857,5,3,SKU-06,11,1,2025-12-02,2025-12-15,9,0
9858,2,1,SKU-08,11,1,2025-12-02,2025-12-12,8,0
9859,2,2,SKU-08,11,1,2025-12-02,2025-12-25,17,1
9860,1,1,SKU-15,11,1,2025-12-02,2025-12-19,13,1
9861,3,3,SKU-05,11,1,2025-12-02,2025-12-22,14,1
9862,6,1,SKU-07,11,1,2025-12-02,2025-12-23,15,1
9863,4,1,SKU-03,11,1,2025-12-02,2025-12-17,11,1
9864,3,2,SKU-07,11,1,2025-12-02,2025-12-10,6,0
9865,2,2,SKU-08,11,1,2025-12-02,2025-12-25,17,1
9866,6,1,SKU-12,11,1,2025-12-02,2025-12-25,17,1
9867,3,2,SKU-06,11,1,2025-12-02,2025-12-25,17,1
9868,5,2,SKU-15,11,1,2025-12-02,2025-12-18,12,1
9869,3,3,SKU-13,11,1,2025-12-02,2025-12-22,14,1
9870,3,3,SKU-11,11,1,2025-12-02,2025-12-22,14,1
9871,1,1,SKU-12,11,1,2025-12-02,2025-12-23,15,1
9872,5,2,SKU-03,11,1,2025-12-02,2025-12-19,13,1
9873,6,3,SKU-06,11,1,2025-12-02,2025-12-25,17,1
9874,2,3,SKU-06,11,1,2025-12-02,2025-12-17,11,1
9875,5,1,SKU-02,11,1,2025-12-02,2025-12-18,12,1
9876,5,3,SKU-05,11,1,2025-12-02,2025-12-22,14,1
9877,2,1,SKU-01,11,1,2025-12-02,2025-12-22,14,1
9878,3,2,SKU-15,11,1,2025-12-02,2025-12-22,14,1
9879,5,3,SKU-09,11,1,2025-12-02,2025-12-18,12,1
9880,4,2,SKU-03,11,1,2025-12-02,2025-12-23,15,1
9881,3,2,SKU-11,11,1,2025-12-02,2025-12-31,21,1
9882,2,1,SKU-03,11,1,2025-12-02,2025-12-24,16,1
9883,5,2,SKU-06,11,1,2025-12-02,2025-12-12,8,0
9884,5,1,SKU-08,11,1,2025-12-02,2025-12-19,13,1
9885,6,2,SKU-08,11,1,2025-12-02,2025-12-19,13,1
9886,4,2,SKU-09,11,1,2025-12-02,2025-12-24,16,1
9887,3,2,SKU-12,11,1,2025-12-02,2025-12-16,10,0
9888,6,1,SKU-06,11,1,2025-12-02,2025-12-19,13,1
9889,1,1,SKU-07,11,1,2025-12-02,2025-12-23,15,1
9890,1,3,SKU-08,11,1,2025-12-02,2025-12-23,15,1
9891,5,1,SKU-06,11,1,2025-12-02,2025-12-23,15,1
9892,3,1,SKU-13,11,1,2025-12-02,2025-12-19,13,1
9893,5,1,SKU-03,11,1,2025-12-02,2025-12-24,16,1
9894,6,1,SKU-10,11,1,2025-12-02,2025-12-25,17,1
9895,4,1,SKU-03,11,1,2025-12-02,2025-12-22,14,1
9896,2,1,SKU-03,11,1,2025-12-02,2025-12-24,16,1
9897,6,2,SKU-07,11,1,2025-12-02,2025-12-26,18,1
9898,5,2,SKU-10,11,1,2025-12-02,2025-12-15,9,0
9899,5,2,SKU-10,11,1,2025-12-02,2025-12-29,19,1
9900,1,2,SKU-01,11,1,2025-12-02,2025-12-22,14,1
9901,4,1,SKU-01,11,1,2025-12-02,2025-12-29,19,1
9902,6,1,SKU-12,11,1,2025-12-02,2025-12-19,13,1
9903,2,2,SKU-03,11,1,2025-12-02,2025-12-23,15,1
9904,3,1,SKU-06,11,1,2025-12-02,2025-12-18,12,1
9905,5,2,SKU-08,11,1,2025-12-02,2025-12-23,15,1
9906,5,1,SKU-05,11,1,2025-12-02,2025-12-23,15,1
9907,5,3,SKU-01,11,1,2025-12-02,2025-12-15,9,0
9908,4,1,SKU-14,11,1,2025-12-02,2025-12-17,11,1
9909,1,1,SKU-04,11,1,2025-12-02,2025-12-18,12,1
9910,6,1,SKU-04,11,1,2025-12-02,2025-12-17,11,1
9911,1,2,SKU-03,11,1,2025-12-02,2025-12-12,8,0
9912,4,3,SKU-05,11,1,2025-12-02,2025-12-22,14,1
9913,3,2,SKU-08,11,1,2025-12-02,2025-12-10,6,0
9914,6,2,SKU-02,11,1,2025-12-02,2025-12-22,14,1
9915,3,2,SKU-01,11,1,2025-12-02,2025-12-24,16,1
9916,2,3,SKU-02,11,1,2025-12-02,2025-12-25,17,1
9917,2,3,SKU-07,11,1,2025-12-02,2025-12-23,15,1
9918,6,2,SKU-09,11,1,2025-12-02,2025-12-19,13,1
9919,3,3,SKU-02,11,1,2025-12-02,2025-12-24,16,1
9920,1,1,SKU-10,11,1,2025-12-02,2025-12-19,13,1
9921,6,1,SKU-09,11,1,2025-12-02,2025-12-19,13,1
9922,6,3,SKU-10,11,1,2025-12-02,2025-12-22,14,1
9923,3,2,SKU-04,11,1,2025-12-02,2025-12-11,7,0
9924,1,1,SKU-01,11,1,2025-12-02,2025-12-25,17,1
9925,6,1,SKU-08,11,1,2025-12-02,2025-12-18,12,1
9926,4,1,SKU-13,11,1,2025-12-02,2025-12-29,19,1
9927,4,3,SKU-09,11,1,2025-12-02,2025-12-19,13,1
9928,2,2,SKU-13,11,1,2025-12-02,2025-12-16,10,0
9929,3,2,SKU-04,11,1,2025-12-02,2025-12-12,8,0
9930,1,2,SKU-03,11,1,2025-12-02,2025-12-24,16,1
9931,2,2,SKU-11,11,1,2025-12-02,2025-12-22,14,1
9932,5,2,SKU-09,11,1,2025-12-02,2025-12-18,12,1
9933,4,1,SKU-15,11,1,2025-12-02,2025-12-11,7,0
9934,5,2,SKU-08,11,1,2025-12-02,2025-12-17,11,1
9935,4,1,SKU-14,11,1,2025-12-02,2025-12-22,14,1
9936,6,3,SKU-10,11,1,2025-12-02,2025-12-22,14,1
9937,4,2,SKU-15,11,1,2025-12-02,2025-12-17,11,1
9938,3,3,SKU-12,11,1,2025-12-02,2025-12-18,12,1
9939,3,2,SKU-13,11,1,2025-12-02,2025-12-23,15,1
9940,3,3,SKU-15,11,1,2025-12-02,2025-12-26,18,1
9941,1,1,SKU-12,11,1,2025-12-02,2025-12-24,16,1
9942,5,3,SKU-10,11,1,2025-12-02,2025-12-23,15,1
9943,1,1,SKU-10,11,1,2025-12-02,2025-12-19,13,1
9944,1,3,SKU-07,11,1,2025-12-02,2025-12-29,19,1
9945,1,1,SKU-11,11,1,2025-12-02,2025-12-22,14,1
9946,2,2,SKU-13,11,1,2025-12-02,2025-12-23,15,1
9947,5,3,SKU-02,11,1,2025-12-02,2025-12-15,9,0
9948,4,3,SKU-14,11,1,2025-12-02,2025-12-16,10,0
9949,3,2,SKU-15,11,1,2025-12-02,2025-12-24,16,1
9950,3,3,SKU-05,11,1,2025-12-02,2025-12-19,13,1
9951,5,1,SKU-11,11,1,2025-12-02,2025-12-16,10,0
9952,3,2,SKU-02,11,1,2025-12-02,2025-12-18,12,1
9953,5,2,SKU-05,11,1,2025-12-02,2025-12-15,9,0
9954,2,3,SKU-01,11,1,2025-12-02,2025-12-18,12,1
9955,1,3,SKU-07,11,1,2025-12-02,2025-12-18,12,1
9956,6,3,SKU-01,11,1,2025-12-02,2025-12-25,17,1
9957,5,1,SKU-08,11,1,2025-12-02,2025-12-30,20,1
9958,4,2,SKU-04,11,1,2025-12-02,2025-12-25,17,1
9959,1,1,SKU-01,11,1,2025-12-02,2025-12-19,13,1
9960,6,1,SKU-14,11,1,2025-12-02,2025-12-24,16,1
9961,2,2,SKU-11,11,1,2025-12-02,2025-12-22,14,1
9962,3,1,SKU-12,11,1,2025-12-02,2025-12-10,6,0
9963,3,3,SKU-14,11,1,2025-12-02,2025-12-18,12,1
9964,1,2,SKU-10,11,1,2025-12-02,2025-12-18,12,1
9965,6,1,SKU-11,11,1,2025-12-02,2025-12-29,19,1
9966,5,1,SKU-06,11,1,2025-12-02,2025-12-22,14,1
9967,4,2,SKU-15,11,1,2025-12-02,2025-12-17,11,1
9968,1,3,SKU-07,11,1,2025-12-02,2025-12-16,10,0
9969,4,3,SKU-15,11,1,2025-12-02,2025-12-19,13,1
9970,1,2,SKU-02,11,1,2025-12-02,2026-01-05,24,1
9971,5,1,SKU-06,11,1,2025-12-02,2025-12-19,13,1
9972,4,2,SKU-03,11,1,2025-12-02,2025-12-24,16,1
9973,3,1,SKU-01,11,1,2025-12-02,2025-12-31,21,1
9974,4,3,SKU-07,11,1,2025-12-02,2025-12-23,15,1
9975,5,1,SKU-15,11,1,2025-12-02,2025-12-18,12,1
9976,1,3,SKU-13,11,1,2025-12-02,2025-12-18,12,1
9977,6,3,SKU-07,11,1,2025-12-02,2025-12-23,15,1
9978,5,1,SKU-15,11,1,2025-12-02,2025-12-18,12,1
9979,3,3,SKU-05,11,1,2025-12-02,2025-12-18,12,1
9980,5,3,SKU-04,11,1,2025-12-02,2025-12-17,11,1
9981,5,2,SKU-03,11,1,2025-12-02,2025-12-26,18,1
9982,1,2,SKU-09,11,1,2025-12-02,2025-12-24,16,1
9983,2,1,SKU-09,11,1,2025-12-02,2025-12-17,11,1
9984,2,1,SKU-05,11,1,2025-12-02,2025-12-19,13,1
9985,1,3,SKU-02,11,1,2025-12-02,2025-12-22,14,1
9986,6,2,SKU-13,11,1,2025-12-02,2025-12-26,18,1
9987,3,3,SKU-13,11,1,2025-12-02,2025-12-18,12,1
9988,2,2,SKU-05,11,1,2025-12-02,2025-12-23,15,1
9989,6,3,SKU-01,11,1,2025-12-02,2025-12-22,14,1
9990,4,3,SKU-09,11,1,2025-12-02,2025-12-23,15,1
9991,6,1,SKU-02,11,1,2025-12-02,2025-12-23,15,1
9992,6,1,SKU-14,11,1,2025-12-02,2025-12-16,10,0
9993,3,1,SKU-10,11,1,2025-12-02,2025-12-17,11,1
9994,3,1,SKU-02,11,1,2025-12-02,2025-12-17,11,1
9995,2,3,SKU-06,11,1,2025-12-02,2025-12-19,13,1
9996,4,3,SKU-12,11,1,2025-12-02,2025-12-23,15,1
9997,3,3,SKU-05,11,1,2025-12-02,2025-12-17,11,1
9998,3,3,SKU-12,11,1,2025-12-02,2025-12-22,14,1
9999,3,3,SKU-03,11,1,2025-12-02,2025-12-17,11,1
10000,5,2,SKU-05,11,1,2025-12-02,2025-12-19,13,1
10001,2,3,SKU-13,11,1,2025-12-02,2025-12-15,9,0
10002,4,3,SKU-05,11,1,2025-12-02,2025-12-16,10,0
10003,6,1,SKU-15,11,1,2025-12-02,2025-12-26,18,1
10004,3,3,SKU-04,11,1,2025-12-02,2025-12-23,15,1
10005,5,1,SKU-12,11,1,2025-12-02,2025-12-18,12,1
10006,1,2,SKU-13,11,1,2025-12-02,2025-12-18,12,1
10007,1,3,SKU-15,11,1,2025-12-02,2025-12-17,11,1
10008,4,1,SKU-13,11,1,2025-12-03,2025-12-24,15,1
10009,6,3,SKU-02,11,1,2025-12-03,2025-12-16,9,0
10010,2,1,SKU-09,11,1,2025-12-03,2025-12-24,15,1
10011,1,3,SKU-05,11,1,2025-12-03,2025-12-19,12,1
10012,6,2,SKU-04,11,1,2025-12-03,2025-12-22,13,1
10013,2,3,SKU-10,11,1,2025-12-03,2025-12-16,9,0
10014,6,2,SKU-12,11,1,2025-12-03,2025-12-24,15,1
10015,5,2,SKU-07,11,1,2025-12-03,2025-12-31,20,1
10016,1,2,SKU-10,11,1,2025-12-03,2025-12-23,14,1
10017,6,3,SKU-03,11,1,2025-12-03,2025-12-25,16,1
10018,2,1,SKU-11,11,1,2025-12-03,2025-12-19,12,1
10019,4,3,SKU-05,11,1,2025-12-03,2025-12-17,10,0
10020,4,3,SKU-14,11,1,2025-12-03,2025-12-23,14,1
10021,1,1,SKU-06,11,1,2025-12-03,2025-12-17,10,0
10022,4,1,SKU-06,11,1,2025-12-03,2025-12-17,10,0
10023,3,2,SKU-12,11,1,2025-12-03,2025-12-25,16,1
10024,1,3,SKU-07,11,1,2025-12-03,2025-12-26,17,1
10025,1,3,SKU-13,11,1,2025-12-03,2025-12-31,20,1
10026,4,3,SKU-15,11,1,2025-12-03,2025-12-22,13,1
10027,6,3,SKU-12,11,1,2025-12-03,2025-12-29,18,1
10028,5,1,SKU-04,11,1,2025-12-03,2025-12-19,12,1
10029,4,3,SKU-15,11,1,2025-12-03,2025-12-18,11,1
10030,6,1,SKU-03,11,1,2025-12-03,2025-12-15,8,0
10031,4,3,SKU-02,11,1,2025-12-03,2025-12-22,13,1
10032,1,1,SKU-05,11,1,2025-12-03,2025-12-31,20,1
10033,1,3,SKU-09,11,1,2025-12-03,2025-12-11,6,0
10034,2,1,SKU-04,11,1,2025-12-03,2025-12-18,11,1
10035,2,3,SKU-13,11,1,2025-12-03,2025-12-23,14,1
10036,3,2,SKU-14,11,1,2025-12-03,2025-12-25,16,1
10037,5,2,SKU-11,11,1,2025-12-03,2025-12-19,12,1
10038,6,1,SKU-12,11,1,2025-12-03,2025-12-23,14,1
10039,3,2,SKU-15,11,1,2025-12-03,2025-12-30,19,1
10040,6,3,SKU-05,11,1,2025-12-03,2025-12-24,15,1
10041,6,1,SKU-12,11,1,2025-12-03,2025-12-19,12,1
10042,1,1,SKU-08,11,1,2025-12-03,2025-12-23,14,1
10043,5,3,SKU-06,11,1,2025-12-03,2025-12-23,14,1
10044,1,2,SKU-01,11,1,2025-12-03,2025-12-24,15,1
10045,2,3,SKU-01,11,1,2025-12-03,2025-12-16,9,0
10046,5,2,SKU-05,11,1,2025-12-03,2025-12-22,13,1
10047,1,1,SKU-15,11,1,2025-12-03,2025-12-25,16,1
10048,2,3,SKU-07,11,1,2025-12-03,2025-12-18,11,1
10049,6,1,SKU-04,11,1,2025-12-03,2025-12-24,15,1
10050,6,1,SKU-08,11,1,2025-12-03,2025-12-24,15,1
10051,5,3,SKU-01,11,1,2025-12-03,2025-12-23,14,1
10052,5,1,SKU-14,11,1,2025-12-03,2025-12-29,18,1
10053,3,3,SKU-11,11,1,2025-12-03,2025-12-25,16,1
10054,6,1,SKU-06,11,1,2025-12-03,2025-12-19,12,1
10055,3,2,SKU-09,11,1,2025-12-03,2025-12-19,12,1
10056,5,1,SKU-13,11,1,2025-12-03,2025-12-23,14,1
10057,5,2,SKU-03,11,1,2025-12-03,2025-12-23,14,1
10058,1,1,SKU-09,11,1,2025-12-03,2025-12-22,13,1
10059,5,3,SKU-08,11,1,2025-12-03,2025-12-24,15,1
10060,3,2,SKU-14,11,1,2025-12-03,2025-12-22,13,1
10061,3,1,SKU-02,11,1,2025-12-03,2025-12-29,18,1
10062,3,3,SKU-03,11,1,2025-12-03,2025-12-18,11,1
10063,1,1,SKU-12,11,1,2025-12-03,2025-12-24,15,1
10064,6,3,SKU-10,11,1,2025-12-03,2025-12-18,11,1
10065,5,1,SKU-04,11,1,2025-12-03,2025-12-22,13,1
10066,4,3,SKU-11,11,1,2025-12-03,2025-12-19,12,1
10067,1,2,SKU-15,11,1,2025-12-03,2025-12-17,10,0
10068,4,1,SKU-02,11,1,2025-12-03,2026-01-01,21,1
10069,5,3,SKU-06,11,1,2025-12-03,2025-12-23,14,1
10070,3,2,SKU-12,11,1,2025-12-03,2025-12-24,15,1
10071,2,3,SKU-13,11,1,2025-12-03,2025-12-19,12,1
10072,6,2,SKU-15,11,1,2025-12-03,2025-12-17,10,0
10073,5,1,SKU-08,11,1,2025-12-03,2025-12-17,10,0
10074,3,3,SKU-09,11,1,2025-12-03,2025-12-22,13,1
10075,6,1,SKU-02,11,1,2025-12-03,2025-12-25,16,1
10076,1,1,SKU-02,11,1,2025-12-03,2025-12-16,9,0
10077,6,3,SKU-05,11,1,2025-12-03,2025-12-22,13,1
10078,1,1,SKU-01,11,1,2025-12-03,2025-12-25,16,1
10079,5,2,SKU-06,11,1,2025-12-03,2025-12-15,8,0
10080,2,2,SKU-11,11,1,2025-12-03,2025-12-26,17,1
10081,6,3,SKU-03,11,1,2025-12-03,2025-12-17,10,0
10082,6,2,SKU-10,11,1,2025-12-03,2025-12-24,15,1
10083,4,1,SKU-04,11,1,2025-12-03,2025-12-17,10,0
10084,1,1,SKU-13,11,1,2025-12-03,2025-12-22,13,1
10085,3,1,SKU-04,11,1,2025-12-03,2025-12-23,14,1
10086,6,2,SKU-06,11,1,2025-12-03,2025-12-30,19,1
10087,5,3,SKU-04,11,1,2025-12-03,2025-12-25,16,1
10088,6,1,SKU-15,11,1,2025-12-03,2025-12-18,11,1
10089,6,3,SKU-14,11,1,2025-12-03,2025-12-26,17,1
10090,6,2,SKU-07,11,1,2025-12-03,2025-12-22,13,1
10091,4,1,SKU-12,11,1,2025-12-03,2025-12-22,13,1
10092,6,1,SKU-14,11,1,2025-12-03,2026-01-01,21,1
10093,6,1,SKU-04,11,1,2025-12-03,2025-12-26,17,1
10094,2,1,SKU-12,11,1,2025-12-03,2025-12-24,15,1
10095,1,1,SKU-09,11,1,2025-12-03,2025-12-22,13,1
10096,3,1,SKU-11,11,1,2025-12-03,2025-12-26,17,1
10097,2,2,SKU-13,11,1,2025-12-03,2026-01-01,21,1
10098,1,1,SKU-03,11,1,2025-12-03,2025-12-29,18,1
10099,2,3,SKU-05,11,1,2025-12-03,2025-12-18,11,1
10100,1,2,SKU-09,11,1,2025-12-03,2025-12-25,16,1
10101,6,1,SKU-04,11,1,2025-12-03,2025-12-19,12,1
10102,1,2,SKU-06,11,1,2025-12-03,2025-12-17,10,0
10103,2,2,SKU-12,11,1,2025-12-03,2025-12-19,12,1
10104,1,1,SKU-12,11,1,2025-12-03,2025-12-22,13,1
10105,6,1,SKU-10,11,1,2025-12-03,2025-12-30,19,1
10106,2,3,SKU-12,11,1,2025-12-03,2025-12-25,16,1
10107,4,1,SKU-03,11,1,2025-12-03,2025-12-17,10,0
10108,6,1,SKU-13,11,1,2025-12-03,2025-12-17,10,0
10109,6,2,SKU-03,11,1,2025-12-03,2025-12-22,13,1
10110,3,1,SKU-15,11,1,2025-12-03,2025-12-15,8,0
10111,1,1,SKU-11,11,1,2025-12-03,2025-12-29,18,1
10112,6,3,SKU-04,11,1,2025-12-03,2025-12-18,11,1
10113,2,2,SKU-15,11,1,2025-12-03,2025-12-17,10,0
10114,6,1,SKU-01,11,1,2025-12-03,2025-12-17,10,0
10115,3,3,SKU-13,11,1,2025-12-03,2025-12-24,15,1
10116,1,1,SKU-05,11,1,2025-12-03,2025-12-30,19,1
10117,6,2,SKU-07,11,1,2025-12-03,2025-12-15,8,0
10118,4,1,SKU-14,11,1,2025-12-03,2025-12-25,16,1
10119,1,3,SKU-11,11,1,2025-12-03,2025-12-18,11,1
10120,3,3,SKU-06,11,1,2025-12-03,2025-12-19,12,1
10121,2,1,SKU-06,11,1,2025-12-03,2025-12-11,6,0
10122,3,3,SKU-10,11,1,2025-12-03,2025-12-25,16,1
10123,4,3,SKU-01,11,1,2025-12-03,2025-12-29,18,1
10124,2,1,SKU-09,11,1,2025-12-03,2025-12-25,16,1
10125,1,2,SKU-12,11,1,2025-12-03,2025-12-26,17,1
10126,2,1,SKU-09,11,1,2025-12-03,2025-12-19,12,1
10127,3,1,SKU-10,11,1,2025-12-03,2025-12-24,15,1
10128,1,3,SKU-13,11,1,2025-12-03,2025-12-30,19,1
10129,5,1,SKU-07,11,1,2025-12-03,2025-12-23,14,1
10130,3,2,SKU-10,11,1,2025-12-03,2025-12-23,14,1
10131,2,2,SKU-15,11,1,2025-12-03,2025-12-19,12,1
10132,6,1,SKU-05,11,1,2025-12-03,2025-12-29,18,1
10133,3,2,SKU-05,11,1,2025-12-03,2025-12-19,12,1
10134,3,3,SKU-13,11,1,2025-12-03,2025-12-25,16,1
10135,1,1,SKU-02,11,1,2025-12-03,2025-12-24,15,1
10136,3,3,SKU-12,11,1,2025-12-03,2025-12-17,10,0
10137,2,3,SKU-06,11,1,2025-12-03,2025-12-23,14,1
10138,4,3,SKU-04,11,1,2025-12-03,2025-12-12,7,0
10139,2,2,SKU-12,11,1,2025-12-03,2025-12-19,12,1
10140,3,1,SKU-12,11,1,2025-12-03,2025-12-18,11,1
10141,4,3,SKU-01,11,1,2025-12-03,2025-12-15,8,0
10142,6,1,SKU-05,11,1,2025-12-03,2025-12-19,12,1
10143,4,2,SKU-04,11,1,2025-12-03,2025-12-25,16,1
10144,1,1,SKU-10,11,1,2025-12-03,2025-12-23,14,1
10145,5,2,SKU-12,11,1,2025-12-03,2025-12-22,13,1
10146,6,3,SKU-15,11,1,2025-12-03,2025-12-22,13,1
10147,3,3,SKU-05,11,1,2025-12-03,2025-12-19,12,1
10148,6,2,SKU-02,11,1,2025-12-03,2025-12-11,6,0
10149,5,2,SKU-04,11,1,2025-12-03,2025-12-24,15,1
10150,4,2,SKU-06,11,1,2025-12-03,2025-12-22,13,1
10151,5,2,SKU-07,11,1,2025-12-03,2025-12-29,18,1
10152,4,3,SKU-10,11,1,2025-12-03,2025-12-26,17,1
10153,2,2,SKU-15,11,1,2025-12-03,2025-12-23,14,1
10154,6,2,SKU-12,11,1,2025-12-03,2025-12-19,12,1
10155,6,1,SKU-13,11,1,2025-12-03,2025-12-31,20,1
10156,6,2,SKU-12,11,1,2025-12-03,2025-12-25,16,1
10157,1,1,SKU-10,11,1,2025-12-03,2025-12-11,6,0
10158,5,2,SKU-04,11,1,2025-12-03,2025-12-16,9,0
10159,1,1,SKU-13,11,1,2025-12-03,2025-12-18,11,1
10160,5,1,SKU-14,11,1,2025-12-03,2025-12-16,9,0
10161,3,1,SKU-06,11,1,2025-12-03,2025-12-29,18,1
10162,2,1,SKU-15,11,1,2025-12-03,2025-12-17,10,0
10163,4,2,SKU-10,11,1,2025-12-03,2025-12-18,11,1
10164,5,1,SKU-12,11,1,2025-12-03,2025-12-18,11,1
10165,6,2,SKU-03,11,1,2025-12-03,2025-12-19,12,1
10166,5,3,SKU-07,11,1,2025-12-03,2025-12-19,12,1
10167,2,2,SKU-13,11,1,2025-12-03,2025-12-23,14,1
10168,5,3,SKU-10,11,1,2025-12-03,2025-12-29,18,1
10169,4,3,SKU-14,11,1,2025-12-03,2025-12-19,12,1
10170,3,3,SKU-01,11,1,2025-12-03,2025-12-22,13,1
10171,4,1,SKU-13,11,1,2025-12-03,2025-12-19,12,1
10172,2,2,SKU-12,11,1,2025-12-03,2025-12-23,14,1
10173,2,2,SKU-02,11,1,2025-12-03,2025-12-18,11,1
10174,6,3,SKU-11,11,1,2025-12-03,2025-12-24,15,1
10175,6,2,SKU-04,11,1,2025-12-03,2025-12-17,10,0
10176,5,1,SKU-06,11,1,2025-12-03,2025-12-23,14,1
10177,1,3,SKU-02,11,1,2025-12-03,2025-12-24,15,1
10178,5,2,SKU-15,11,1,2025-12-03,2025-12-24,15,1
10179,1,1,SKU-12,11,1,2025-12-03,2025-12-22,13,1
10180,4,1,SKU-10,11,1,2025-12-03,2025-12-24,15,1
10181,6,1,SKU-06,11,1,2025-12-03,2025-12-26,17,1
10182,3,1,SKU-14,11,1,2025-12-03,2025-12-22,13,1
10183,5,1,SKU-02,11,1,2025-12-03,2025-12-19,12,1
10184,4,2,SKU-11,11,1,2025-12-03,2025-12-23,14,1
10185,4,2,SKU-04,11,1,2025-12-03,2025-12-25,16,1
10186,3,3,SKU-10,11,1,2025-12-03,2025-12-25,16,1
10187,1,1,SKU-01,11,1,2025-12-03,2025-12-25,16,1
10188,1,3,SKU-03,11,1,2025-12-03,2025-12-30,19,1
10189,3,3,SKU-07,11,1,2025-12-03,2025-12-18,11,1
10190,5,3,SKU-08,11,1,2025-12-03,2025-12-26,17,1
10191,5,3,SKU-08,11,1,2025-12-03,2025-12-24,15,1
10192,4,2,SKU-05,11,1,2025-12-03,2025-12-18,11,1
10193,4,1,SKU-06,11,1,2025-12-03,2025-12-18,11,1
10194,3,2,SKU-07,11,1,2025-12-03,2025-12-23,14,1
10195,3,2,SKU-05,11,1,2025-12-03,2025-12-18,11,1
10196,6,2,SKU-04,11,1,2025-12-03,2025-12-23,14,1
10197,5,2,SKU-06,11,1,2025-12-03,2025-12-24,15,1
10198,6,1,SKU-15,11,1,2025-12-03,2025-12-15,8,0
10199,3,1,SKU-09,11,1,2025-12-03,2025-12-30,19,1
10200,1,2,SKU-08,11,1,2025-12-03,2025-12-24,15,1
10201,1,3,SKU-05,11,1,2025-12-03,2025-12-30,19,1
10202,4,1,SKU-02,11,1,2025-12-03,2025-12-17,10,0
10203,5,3,SKU-01,11,1,2025-12-03,2025-12-25,16,1
10204,2,1,SKU-10,11,1,2025-12-03,2025-12-18,11,1
10205,4,3,SKU-04,11,1,2025-12-03,2025-12-16,9,0
10206,1,3,SKU-13,11,1,2025-12-03,2025-12-25,16,1
10207,1,3,SKU-11,11,1,2025-12-03,2025-12-19,12,1
10208,2,2,SKU-10,11,1,2025-12-03,2025-12-24,15,1
10209,3,3,SKU-09,11,1,2025-12-03,2025-12-22,13,1
10210,1,3,SKU-09,11,1,2025-12-03,2025-12-22,13,1
10211,6,2,SKU-04,11,1,2025-12-03,2025-12-24,15,1
10212,2,2,SKU-12,11,1,2025-12-03,2025-12-24,15,1
10213,3,1,SKU-07,11,1,2025-12-03,2025-12-25,16,1
10214,1,2,SKU-03,11,1,2025-12-03,2025-12-26,17,1
10215,5,2,SKU-01,11,1,2025-12-03,2025-12-26,17,1
10216,3,1,SKU-08,11,1,2025-12-03,2025-12-22,13,1
10217,1,1,SKU-11,11,1,2025-12-03,2025-12-22,13,1
10218,5,1,SKU-04,11,1,2025-12-03,2025-12-22,13,1
10219,6,1,SKU-09,11,1,2025-12-03,2025-12-25,16,1
10220,6,3,SKU-10,11,1,2025-12-03,2025-12-12,7,0
10221,2,1,SKU-13,11,1,2025-12-03,2025-12-19,12,1
10222,1,2,SKU-15,11,1,2025-12-03,2025-12-30,19,1
10223,2,1,SKU-01,11,1,2025-12-03,2025-12-16,9,0
10224,5,2,SKU-05,11,1,2025-12-03,2025-12-23,14,1
10225,2,2,SKU-07,11,1,2025-12-03,2025-12-26,17,1
10226,1,1,SKU-09,11,1,2025-12-03,2025-12-25,16,1
10227,3,2,SKU-08,11,1,2025-12-03,2025-12-29,18,1
10228,4,1,SKU-10,11,1,2025-12-03,2025-12-26,17,1
10229,4,1,SKU-12,11,1,2025-12-03,2025-12-22,13,1
10230,5,2,SKU-12,11,1,2025-12-03,2025-12-22,13,1
10231,2,2,SKU-03,11,1,2025-12-03,2025-12-23,14,1
10232,3,2,SKU-09,11,1,2025-12-03,2025-12-18,11,1
10233,5,2,SKU-08,11,1,2025-12-03,2025-12-12,7,0
10234,5,2,SKU-01,11,1,2025-12-03,2025-12-16,9,0
10235,3,2,SKU-02,11,1,2025-12-03,2025-12-18,11,1
10236,4,1,SKU-06,11,1,2025-12-03,2025-12-17,10,0
10237,6,3,SKU-09,11,1,2025-12-03,2025-12-25,16,1
10238,2,1,SKU-09,11,1,2025-12-03,2025-12-15,8,0
10239,2,2,SKU-06,11,1,2025-12-03,2025-12-22,13,1
10240,4,2,SKU-10,11,1,2025-12-03,2025-12-22,13,1
10241,6,3,SKU-11,11,1,2025-12-03,2025-12-19,12,1
10242,4,1,SKU-09,11,1,2025-12-03,2025-12-18,11,1
10243,1,1,SKU-14,11,1,2025-12-03,2025-12-17,10,0
10244,6,2,SKU-11,11,1,2025-12-03,2025-12-22,13,1
10245,6,3,SKU-04,11,1,2025-12-03,2025-12-22,13,1
10246,3,1,SKU-05,11,1,2025-12-03,2025-12-18,11,1
10247,2,2,SKU-13,11,1,2025-12-03,2025-12-18,11,1
10248,3,1,SKU-11,11,1,2025-12-03,2025-12-16,9,0
10249,6,2,SKU-11,11,1,2025-12-03,2025-12-11,6,0
10250,2,2,SKU-04,11,1,2025-12-03,2025-12-12,7,0
10251,2,2,SKU-13,11,1,2025-12-03,2025-12-24,15,1
10252,3,2,SKU-03,11,1,2025-12-03,2025-12-23,14,1
10253,3,2,SKU-07,11,1,2025-12-03,2025-12-30,19,1
10254,2,2,SKU-10,11,1,2025-12-03,2025-12-19,12,1
10255,1,1,SKU-10,11,1,2025-12-03,2025-12-24,15,1
10256,6,3,SKU-09,11,1,2025-12-03,2025-12-30,19,1
10257,3,1,SKU-09,11,1,2025-12-03,2025-12-23,14,1
10258,1,3,SKU-13,11,1,2025-12-03,2025-12-15,8,0
10259,5,1,SKU-15,11,1,2025-12-03,2025-12-17,10,0
10260,3,3,SKU-02,11,1,2025-12-04,2025-12-24,14,1
10261,4,3,SKU-05,11,1,2025-12-04,2025-12-31,19,1
10262,3,2,SKU-06,11,1,2025-12-04,2025-12-24,14,1
10263,4,3,SKU-12,11,1,2025-12-04,2025-12-23,13,1
10264,6,2,SKU-05,11,1,2025-12-04,2025-12-24,14,1
10265,4,3,SKU-14,11,1,2025-12-04,2025-12-22,12,1
10266,6,2,SKU-13,11,1,2025-12-04,2025-12-22,12,1
10267,6,3,SKU-01,11,1,2025-12-04,2025-12-30,18,1
10268,1,2,SKU-14,11,1,2025-12-04,2025-12-24,14,1
10269,1,2,SKU-12,11,1,2025-12-04,2025-12-12,6,0
10270,6,1,SKU-02,11,1,2025-12-04,2025-12-24,14,1
10271,6,2,SKU-09,11,1,2025-12-04,2025-12-31,19,1
10272,6,2,SKU-02,11,1,2025-12-04,2025-12-23,13,1
10273,4,3,SKU-14,11,1,2025-12-04,2025-12-17,9,0
10274,1,2,SKU-03,11,1,2025-12-04,2025-12-26,16,1
10275,2,3,SKU-03,11,1,2025-12-04,2025-12-19,11,1
10276,5,1,SKU-13,11,1,2025-12-04,2025-12-25,15,1
10277,2,2,SKU-15,11,1,2025-12-04,2025-12-22,12,1
10278,6,3,SKU-07,11,1,2025-12-04,2025-12-25,15,1
10279,4,2,SKU-06,11,1,2025-12-04,2025-12-26,16,1
10280,2,2,SKU-12,11,1,2025-12-04,2025-12-29,17,1
10281,2,1,SKU-11,11,1,2025-12-04,2025-12-23,13,1
10282,1,2,SKU-12,11,1,2025-12-04,2025-12-25,15,1
10283,5,1,SKU-10,11,1,2025-12-04,2025-12-31,19,1
10284,2,1,SKU-07,11,1,2025-12-04,2025-12-23,13,1
10285,2,2,SKU-10,11,1,2025-12-04,2025-12-25,15,1
10286,3,2,SKU-06,11,1,2025-12-04,2025-12-22,12,1
10287,4,2,SKU-13,11,1,2025-12-04,2025-12-24,14,1
10288,5,1,SKU-09,11,1,2025-12-04,2025-12-26,16,1
10289,5,3,SKU-01,11,1,2025-12-04,2025-12-18,10,0
10290,2,1,SKU-03,11,1,2025-12-04,2025-12-31,19,1
10291,4,3,SKU-15,11,1,2025-12-04,2025-12-25,15,1
10292,1,2,SKU-14,11,1,2025-12-04,2025-12-18,10,0
10293,5,1,SKU-07,11,1,2025-12-04,2025-12-24,14,1
10294,2,3,SKU-14,11,1,2025-12-04,2025-12-24,14,1
10295,3,3,SKU-10,11,1,2025-12-04,2025-12-24,14,1
10296,5,1,SKU-15,11,1,2025-12-04,2025-12-16,8,0
10297,3,1,SKU-14,11,1,2025-12-04,2025-12-17,9,0
10298,1,1,SKU-05,11,1,2025-12-04,2025-12-24,14,1
10299,1,3,SKU-03,11,1,2025-12-04,2025-12-31,19,1
10300,1,3,SKU-13,11,1,2025-12-04,2025-12-17,9,0
10301,5,1,SKU-04,11,1,2025-12-04,2025-12-26,16,1
10302,3,3,SKU-13,11,1,2025-12-04,2025-12-22,12,1
10303,4,3,SKU-11,11,1,2025-12-04,2025-12-19,11,1
10304,1,3,SKU-01,11,1,2025-12-04,2025-12-25,15,1
10305,2,3,SKU-02,11,1,2025-12-04,2025-12-30,18,1
10306,1,3,SKU-13,11,1,2025-12-04,2025-12-26,16,1
10307,6,3,SKU-10,11,1,2025-12-04,2025-12-23,13,1
10308,4,1,SKU-15,11,1,2025-12-04,2025-12-18,10,0
10309,1,3,SKU-01,11,1,2025-12-04,2025-12-24,14,1
10310,3,3,SKU-13,11,1,2025-12-04,2025-12-24,14,1
10311,3,3,SKU-10,11,1,2025-12-04,2025-12-26,16,1
10312,6,1,SKU-09,11,1,2025-12-04,2025-12-24,14,1
10313,1,3,SKU-01,11,1,2025-12-04,2025-12-23,13,1
10314,2,3,SKU-04,11,1,2025-12-04,2025-12-31,19,1
10315,2,3,SKU-12,11,1,2025-12-04,2025-12-23,13,1
10316,6,2,SKU-05,11,1,2025-12-04,2025-12-25,15,1
10317,4,3,SKU-03,11,1,2025-12-04,2025-12-23,13,1
10318,6,1,SKU-05,11,1,2025-12-04,2025-12-30,18,1
10319,1,2,SKU-13,11,1,2025-12-04,2025-12-19,11,1
10320,3,3,SKU-02,11,1,2025-12-04,2025-12-29,17,1
10321,4,3,SKU-02,11,1,2025-12-04,2025-12-18,10,0
10322,2,3,SKU-02,11,1,2025-12-04,2025-12-25,15,1
10323,1,2,SKU-05,11,1,2025-12-04,2025-12-24,14,1
10324,3,1,SKU-04,11,1,2025-12-04,2025-12-23,13,1
10325,1,3,SKU-09,11,1,2025-12-04,2025-12-23,13,1
10326,2,2,SKU-12,11,1,2025-12-04,2025-12-24,14,1
10327,3,3,SKU-05,11,1,2025-12-04,2025-12-29,17,1
10328,6,2,SKU-08,11,1,2025-12-04,2025-12-26,16,1
10329,2,2,SKU-12,11,1,2025-12-04,2025-12-24,14,1
10330,4,1,SKU-03,11,1,2025-12-04,2025-12-23,13,1
10331,5,1,SKU-04,11,1,2025-12-04,2025-12-29,17,1
10332,5,3,SKU-04,11,1,2025-12-04,2025-12-25,15,1
10333,6,3,SKU-04,11,1,2025-12-04,2026-01-01,20,1
10334,3,1,SKU-02,11,1,2025-12-04,2025-12-29,17,1
10335,5,2,SKU-12,11,1,2025-12-04,2025-12-18,10,0
10336,4,1,SKU-02,11,1,2025-12-04,2025-12-17,9,0
10337,6,1,SKU-14,11,1,2025-12-04,2026-01-01,20,1
10338,6,2,SKU-12,11,1,2025-12-04,2025-12-17,9,0
10339,5,1,SKU-02,11,1,2025-12-04,2025-12-30,18,1
10340,5,3,SKU-02,11,1,2025-12-04,2025-12-16,8,0
10341,3,2,SKU-11,11,1,2025-12-04,2025-12-19,11,1
10342,6,2,SKU-13,11,1,2025-12-04,2025-12-23,13,1
10343,3,1,SKU-08,11,1,2025-12-04,2025-12-30,18,1
10344,5,3,SKU-05,11,1,2025-12-04,2025-12-24,14,1
10345,6,3,SKU-12,11,1,2025-12-04,2025-12-29,17,1
10346,4,3,SKU-12,11,1,2025-12-04,2025-12-22,12,1
10347,2,3,SKU-02,11,1,2025-12-04,2025-12-30,18,1
10348,2,1,SKU-10,11,1,2025-12-04,2025-12-23,13,1
10349,1,1,SKU-08,11,1,2025-12-04,2025-12-22,12,1
10350,2,3,SKU-05,11,1,2025-12-04,2025-12-22,12,1
10351,5,3,SKU-15,11,1,2025-12-04,2025-12-23,13,1
10352,3,1,SKU-08,11,1,2025-12-04,2025-12-24,14,1
10353,3,1,SKU-02,11,1,2025-12-04,2025-12-30,18,1
10354,1,3,SKU-15,11,1,2025-12-04,2025-12-25,15,1
10355,2,2,SKU-07,11,1,2025-12-04,2025-12-22,12,1
10356,2,3,SKU-12,11,1,2025-12-04,2025-12-22,12,1
10357,1,3,SKU-08,11,1,2025-12-04,2025-12-31,19,1
10358,3,3,SKU-14,11,1,2025-12-04,2025-12-18,10,0
10359,2,1,SKU-11,11,1,2025-12-04,2025-12-24,14,1
10360,5,2,SKU-08,11,1,2025-12-04,2025-12-22,12,1
10361,4,3,SKU-15,11,1,2025-12-04,2025-12-19,11,1
10362,6,1,SKU-15,11,1,2025-12-04,2025-12-19,11,1
10363,5,3,SKU-04,11,1,2025-12-04,2025-12-19,11,1
10364,1,2,SKU-05,11,1,2025-12-04,2025-12-22,12,1
10365,3,1,SKU-06,11,1,2025-12-04,2025-12-24,14,1
10366,5,1,SKU-02,11,1,2025-12-04,2025-12-18,10,0
10367,5,3,SKU-10,11,1,2025-12-04,2025-12-23,13,1
10368,1,3,SKU-06,11,1,2025-12-04,2025-12-24,14,1
10369,5,3,SKU-14,11,1,2025-12-04,2025-12-19,11,1
10370,5,2,SKU-06,11,1,2025-12-04,2025-12-29,17,1
10371,6,1,SKU-01,11,1,2025-12-04,2025-12-19,11,1
10372,3,1,SKU-14,11,1,2025-12-04,2025-12-24,14,1
10373,5,1,SKU-14,11,1,2025-12-04,2025-12-24,14,1
10374,3,1,SKU-08,11,1,2025-12-04,2025-12-22,12,1
10375,2,2,SKU-10,11,1,2025-12-04,2025-12-12,6,0
10376,1,3,SKU-03,11,1,2025-12-04,2025-12-25,15,1
10377,5,3,SKU-03,11,1,2025-12-04,2025-12-22,12,1
10378,1,3,SKU-06,11,1,2025-12-04,2025-12-22,12,1
10379,1,3,SKU-01,11,1,2025-12-04,2025-12-19,11,1
10380,5,2,SKU-01,11,1,2025-12-04,2025-12-25,15,1
10381,3,2,SKU-13,11,1,2025-12-04,2025-12-23,13,1
10382,3,1,SKU-09,11,1,2025-12-04,2025-12-19,11,1
10383,1,2,SKU-05,11,1,2025-12-04,2025-12-23,13,1
10384,2,2,SKU-02,11,1,2025-12-04,2025-12-17,9,0
10385,5,3,SKU-09,11,1,2025-12-04,2025-12-22,12,1
10386,1,2,SKU-11,11,1,2025-12-04,2025-12-29,17,1
10387,5,1,SKU-06,11,1,2025-12-04,2025-12-19,11,1
10388,3,3,SKU-03,11,1,2025-12-04,2025-12-19,11,1
10389,5,2,SKU-14,11,1,2025-12-04,2025-12-23,13,1
10390,6,1,SKU-11,11,1,2025-12-04,2025-12-25,15,1
10391,1,2,SKU-09,11,1,2025-12-04,2025-12-19,11,1
10392,6,3,SKU-06,11,1,2025-12-04,2026-01-01,20,1
10393,5,1,SKU-08,11,1,2025-12-04,2025-12-29,17,1
10394,3,1,SKU-01,11,1,2025-12-04,2025-12-25,15,1
10395,4,1,SKU-04,11,1,2025-12-04,2025-12-26,16,1
10396,4,2,SKU-03,11,1,2025-12-04,2025-12-29,17,1
10397,1,3,SKU-07,11,1,2025-12-04,2025-12-29,17,1
10398,5,1,SKU-02,11,1,2025-12-04,2025-12-25,15,1
10399,5,2,SKU-12,11,1,2025-12-04,2025-12-24,14,1
10400,5,1,SKU-01,11,1,2025-12-04,2025-12-19,11,1
10401,6,2,SKU-07,11,1,2025-12-04,2025-12-25,15,1
10402,1,3,SKU-09,11,1,2025-12-04,2025-12-16,8,0
10403,5,3,SKU-13,11,1,2025-12-04,2025-12-23,13,1
10404,4,2,SKU-09,11,1,2025-12-04,2025-12-24,14,1
10405,6,2,SKU-15,11,1,2025-12-04,2025-12-22,12,1
10406,6,1,SKU-05,11,1,2025-12-04,2025-12-29,17,1
10407,4,2,SKU-09,11,1,2025-12-04,2025-12-24,14,1
10408,6,3,SKU-02,11,1,2025-12-04,2025-12-23,13,1
10409,6,3,SKU-14,11,1,2025-12-04,2025-12-30,18,1
10410,4,1,SKU-15,11,1,2025-12-04,2025-12-26,16,1
10411,3,3,SKU-02,11,1,2025-12-04,2025-12-18,10,0
10412,4,3,SKU-05,11,1,2025-12-04,2025-12-26,16,1
10413,2,2,SKU-10,11,1,2025-12-04,2026-01-05,22,1
10414,3,2,SKU-12,11,1,2025-12-04,2025-12-18,10,0
10415,5,3,SKU-07,11,1,2025-12-04,2025-12-22,12,1
10416,6,3,SKU-04,11,1,2025-12-04,2025-12-18,10,0
10417,6,3,SKU-13,11,1,2025-12-04,2025-12-24,14,1
10418,5,3,SKU-07,11,1,2025-12-04,2025-12-24,14,1
10419,5,3,SKU-12,11,1,2025-12-04,2025-12-25,15,1
10420,1,2,SKU-06,11,1,2025-12-04,2025-12-18,10,0
10421,4,2,SKU-14,11,1,2025-12-04,2025-12-24,14,1
10422,5,2,SKU-10,11,1,2025-12-04,2025-12-26,16,1
10423,1,1,SKU-06,11,1,2025-12-04,2025-12-25,15,1
10424,2,2,SKU-02,11,1,2025-12-04,2025-12-16,8,0
10425,5,3,SKU-03,11,1,2025-12-04,2025-12-18,10,0
10426,6,3,SKU-03,11,1,2025-12-04,2025-12-16,8,0
10427,1,2,SKU-09,11,1,2025-12-04,2025-12-23,13,1
10428,4,2,SKU-15,11,1,2025-12-04,2025-12-29,17,1
10429,1,3,SKU-03,11,1,2025-12-04,2025-12-24,14,1
10430,5,2,SKU-14,11,1,2025-12-04,2025-12-23,13,1
10431,6,1,SKU-07,11,1,2025-12-04,2025-12-30,18,1
10432,5,2,SKU-02,11,1,2025-12-04,2025-12-23,13,1
10433,6,1,SKU-03,11,1,2025-12-04,2025-12-22,12,1
10434,5,2,SKU-08,11,1,2025-12-04,2025-12-25,15,1
10435,3,3,SKU-04,11,1,2025-12-04,2025-12-25,15,1
10436,5,1,SKU-05,11,1,2025-12-04,2025-12-17,9,0
10437,5,1,SKU-13,11,1,2025-12-04,2025-12-22,12,1
10438,6,1,SKU-04,11,1,2025-12-04,2025-12-29,17,1
10439,2,1,SKU-01,11,1,2025-12-04,2025-12-24,14,1
10440,3,1,SKU-08,11,1,2025-12-04,2025-12-19,11,1
10441,5,3,SKU-08,11,1,2025-12-04,2025-12-23,13,1
10442,3,1,SKU-06,11,1,2025-12-04,2025-12-30,18,1
10443,1,1,SKU-03,11,1,2025-12-04,2025-12-23,13,1
10444,1,2,SKU-05,11,1,2025-12-04,2025-12-23,13,1
10445,3,3,SKU-06,11,1,2025-12-04,2025-12-18,10,0
10446,3,1,SKU-12,11,1,2025-12-04,2025-12-17,9,0
10447,5,3,SKU-11,11,1,2025-12-04,2025-12-24,14,1
10448,1,1,SKU-01,11,1,2025-12-04,2025-12-29,17,1
10449,6,3,SKU-15,11,1,2025-12-04,2025-12-23,13,1
10450,2,1,SKU-07,11,1,2025-12-04,2025-12-19,11,1
10451,1,3,SKU-01,11,1,2025-12-04,2025-12-19,11,1
10452,5,3,SKU-05,11,1,2025-12-04,2025-12-16,8,0
10453,4,3,SKU-07,11,1,2025-12-04,2025-12-26,16,1
10454,4,1,SKU-10,11,1,2025-12-04,2025-12-31,19,1
10455,2,2,SKU-14,11,1,2025-12-04,2025-12-29,17,1
10456,2,1,SKU-02,11,1,2025-12-04,2026-01-01,20,1
10457,1,3,SKU-15,11,1,2025-12-04,2025-12-18,10,0
10458,3,3,SKU-05,11,1,2025-12-04,2025-12-24,14,1
10459,2,1,SKU-06,11,1,2025-12-04,2025-12-18,10,0
10460,6,3,SKU-06,11,1,2025-12-04,2025-12-24,14,1
10461,4,1,SKU-13,11,1,2025-12-04,2026-01-01,20,1
10462,3,3,SKU-13,11,1,2025-12-04,2025-12-26,16,1
10463,1,1,SKU-06,11,1,2025-12-04,2025-12-30,18,1
10464,1,2,SKU-08,11,1,2025-12-04,2025-12-23,13,1
10465,5,1,SKU-05,11,1,2025-12-04,2025-12-29,17,1
10466,1,1,SKU-07,11,1,2025-12-04,2025-12-29,17,1
10467,6,2,SKU-06,11,1,2025-12-04,2025-12-22,12,1
10468,5,1,SKU-11,11,1,2025-12-04,2025-12-15,7,0
10469,4,1,SKU-02,11,1,2025-12-04,2025-12-22,12,1
10470,6,1,SKU-07,11,1,2025-12-04,2025-12-25,15,1
10471,3,3,SKU-03,11,1,2025-12-04,2025-12-23,13,1
10472,4,1,SKU-07,11,1,2025-12-04,2025-12-19,11,1
10473,6,2,SKU-08,11,1,2025-12-04,2025-12-18,10,0
10474,4,3,SKU-03,11,1,2025-12-04,2025-12-25,15,1
10475,6,2,SKU-11,11,1,2025-12-04,2025-12-16,8,0
10476,5,1,SKU-15,11,1,2025-12-04,2025-12-23,13,1
10477,5,1,SKU-12,11,1,2025-12-04,2025-12-29,17,1
10478,2,3,SKU-10,11,1,2025-12-04,2025-12-26,16,1
10479,2,1,SKU-14,11,1,2025-12-04,2025-12-18,10,0
10480,1,3,SKU-14,11,1,2025-12-04,2025-12-23,13,1
10481,4,3,SKU-14,11,1,2025-12-04,2025-12-30,18,1
10482,1,3,SKU-08,11,1,2025-12-04,2025-12-18,10,0
10483,3,1,SKU-04,11,1,2025-12-04,2025-12-17,9,0
10484,5,3,SKU-08,11,1,2025-12-04,2025-12-17,9,0
10485,2,1,SKU-11,11,1,2025-12-04,2026-01-01,20,1
10486,4,3,SKU-08,11,1,2025-12-04,2025-12-31,19,1
10487,1,1,SKU-12,11,1,2025-12-04,2025-12-29,17,1
10488,2,2,SKU-02,11,1,2025-12-05,2025-12-26,15,1
10489,5,1,SKU-14,11,1,2025-12-05,2025-12-17,8,0
10490,1,1,SKU-12,11,1,2025-12-05,2025-12-19,10,0
10491,4,1,SKU-15,11,1,2025-12-05,2025-12-29,16,1
10492,4,1,SKU-06,11,1,2025-12-05,2025-12-22,11,1
10493,2,1,SKU-08,11,1,2025-12-05,2025-12-15,6,0
10494,1,1,SKU-10,11,1,2025-12-05,2025-12-24,13,1
10495,5,3,SKU-09,11,1,2025-12-05,2025-12-29,16,1
10496,4,2,SKU-14,11,1,2025-12-05,2025-12-24,13,1
10497,4,1,SKU-03,11,1,2025-12-05,2025-12-24,13,1
10498,4,1,SKU-13,11,1,2025-12-05,2025-12-19,10,0
10499,3,1,SKU-06,11,1,2025-12-05,2025-12-26,15,1
10500,2,3,SKU-14,11,1,2025-12-05,2025-12-25,14,1
10501,2,2,SKU-06,11,1,2025-12-05,2025-12-16,7,0
10502,3,1,SKU-05,11,1,2025-12-05,2025-12-19,10,0
10503,6,3,SKU-03,11,1,2025-12-05,2025-12-23,12,1
10504,3,3,SKU-03,11,1,2025-12-05,2026-01-01,19,1
10505,4,1,SKU-10,11,1,2025-12-05,2025-12-29,16,1
10506,5,3,SKU-15,11,1,2025-12-05,2025-12-22,11,1
10507,2,1,SKU-12,11,1,2025-12-05,2025-12-29,16,1
10508,1,2,SKU-03,11,1,2025-12-05,2025-12-31,18,1
10509,2,3,SKU-09,11,1,2025-12-05,2025-12-25,14,1
10510,3,3,SKU-08,11,1,2025-12-05,2025-12-19,10,0
10511,3,1,SKU-06,11,1,2025-12-05,2025-12-23,12,1
10512,1,3,SKU-11,11,1,2025-12-05,2025-12-23,12,1
10513,4,2,SKU-09,11,1,2025-12-05,2025-12-24,13,1
10514,3,1,SKU-03,11,1,2025-12-05,2025-12-25,14,1
10515,3,1,SKU-05,11,1,2025-12-05,2025-12-29,16,1
10516,2,1,SKU-02,11,1,2025-12-05,2025-12-25,14,1
10517,1,1,SKU-10,11,1,2025-12-05,2025-12-29,16,1
10518,5,3,SKU-15,11,1,2025-12-05,2025-12-25,14,1
10519,4,2,SKU-01,11,1,2025-12-05,2025-12-23,12,1
10520,5,1,SKU-01,11,1,2025-12-05,2025-12-17,8,0
10521,3,1,SKU-07,11,1,2025-12-05,2025-12-15,6,0
10522,6,1,SKU-11,11,1,2025-12-05,2025-12-16,7,0
10523,3,3,SKU-04,11,1,2025-12-05,2025-12-26,15,1
10524,1,3,SKU-14,11,1,2025-12-05,2025-12-25,14,1
10525,6,2,SKU-14,11,1,2025-12-05,2025-12-24,13,1
10526,3,3,SKU-12,11,1,2025-12-05,2025-12-19,10,0
10527,4,1,SKU-14,11,1,2025-12-05,2025-12-26,15,1
10528,1,3,SKU-15,11,1,2025-12-05,2025-12-25,14,1
10529,5,2,SKU-11,11,1,2025-12-05,2025-12-26,15,1
10530,6,3,SKU-11,11,1,2025-12-05,2026-01-01,19,1
10531,4,3,SKU-13,11,1,2025-12-05,2025-12-29,16,1
10532,3,2,SKU-13,11,1,2025-12-05,2025-12-26,15,1
10533,5,2,SKU-15,11,1,2025-12-05,2025-12-22,11,1
10534,6,1,SKU-12,11,1,2025-12-05,2025-12-30,17,1
10535,2,2,SKU-06,11,1,2025-12-05,2025-12-23,12,1
10536,1,2,SKU-03,11,1,2025-12-05,2025-12-29,16,1
10537,3,2,SKU-12,11,1,2025-12-05,2025-12-22,11,1
10538,2,1,SKU-14,11,1,2025-12-05,2025-12-29,16,1
10539,2,1,SKU-10,11,1,2025-12-05,2025-12-30,17,1
10540,6,2,SKU-10,11,1,2025-12-05,2025-12-23,12,1
10541,2,3,SKU-08,11,1,2025-12-05,2025-12-30,17,1
10542,2,2,SKU-11,11,1,2025-12-05,2025-12-22,11,1
10543,6,1,SKU-03,11,1,2025-12-05,2025-12-25,14,1
10544,4,3,SKU-04,11,1,2025-12-05,2025-12-22,11,1
10545,1,3,SKU-12,11,1,2025-12-05,2025-12-26,15,1
10546,3,2,SKU-14,11,1,2025-12-05,2025-12-23,12,1
10547,4,2,SKU-06,11,1,2025-12-05,2025-12-25,14,1
10548,2,2,SKU-03,11,1,2025-12-05,2025-12-24,13,1
10549,4,1,SKU-08,11,1,2025-12-05,2025-12-24,13,1
10550,4,3,SKU-09,11,1,2025-12-05,2025-12-30,17,1
10551,6,1,SKU-13,11,1,2025-12-05,2025-12-19,10,0
10552,6,2,SKU-01,11,1,2025-12-05,2025-12-29,16,1
10553,4,1,SKU-01,11,1,2025-12-05,2025-12-19,10,0
10554,6,3,SKU-08,11,1,2025-12-05,2025-12-24,13,1
10555,1,2,SKU-13,11,1,2025-12-05,2025-12-26,15,1
10556,6,3,SKU-01,11,1,2025-12-05,2025-12-25,14,1
10557,2,1,SKU-05,11,1,2025-12-05,2025-12-29,16,1
10558,1,2,SKU-14,11,1,2025-12-05,2025-12-31,18,1
10559,5,2,SKU-07,11,1,2025-12-05,2025-12-24,13,1
10560,2,1,SKU-06,11,1,2025-12-05,2025-12-25,14,1
10561,3,3,SKU-11,11,1,2025-12-05,2025-12-26,15,1
10562,1,2,SKU-13,11,1,2025-12-05,2025-12-29,16,1
10563,1,2,SKU-13,11,1,2025-12-05,2025-12-24,13,1
10564,1,2,SKU-01,11,1,2025-12-05,2025-12-23,12,1
10565,4,3,SKU-01,11,1,2025-12-05,2025-12-24,13,1
10566,6,1,SKU-07,11,1,2025-12-05,2025-12-22,11,1
10567,5,1,SKU-11,11,1,2025-12-05,2025-12-24,13,1
10568,1,1,SKU-01,11,1,2025-12-05,2025-12-22,11,1
10569,2,1,SKU-05,11,1,2025-12-05,2025-12-23,12,1
10570,4,2,SKU-13,11,1,2025-12-05,2025-12-30,17,1
10571,6,3,SKU-04,11,1,2025-12-05,2026-01-02,20,1
10572,2,3,SKU-07,11,1,2025-12-05,2025-12-25,14,1
10573,1,2,SKU-08,11,1,2025-12-05,2025-12-16,7,0
10574,6,1,SKU-02,11,1,2025-12-05,2025-12-30,17,1
10575,6,1,SKU-13,11,1,2025-12-05,2025-12-25,14,1
10576,4,2,SKU-08,11,1,2025-12-05,2025-12-17,8,0
10577,6,1,SKU-09,11,1,2025-12-05,2026-01-01,19,1
10578,4,2,SKU-15,11,1,2025-12-05,2025-12-31,18,1
10579,1,3,SKU-12,11,1,2025-12-05,2025-12-29,16,1
10580,5,2,SKU-06,11,1,2025-12-05,2025-12-18,9,0
10581,6,2,SKU-06,11,1,2025-12-05,2025-12-26,15,1
10582,3,1,SKU-13,11,1,2025-12-05,2025-12-19,10,0
10583,1,2,SKU-05,11,1,2025-12-05,2025-12-24,13,1
10584,1,3,SKU-04,11,1,2025-12-05,2025-12-25,14,1
10585,6,3,SKU-08,11,1,2025-12-05,2026-01-01,19,1
10586,3,2,SKU-14,11,1,2025-12-05,2025-12-29,16,1
10587,5,1,SKU-13,11,1,2025-12-05,2025-12-19,10,0
10588,2,2,SKU-08,11,1,2025-12-05,2025-12-31,18,1
10589,6,1,SKU-06,11,1,2025-12-05,2025-12-29,16,1
10590,2,2,SKU-03,11,1,2025-12-05,2026-01-07,23,1
10591,1,1,SKU-10,11,1,2025-12-05,2025-12-22,11,1
10592,1,3,SKU-08,11,1,2025-12-05,2025-12-25,14,1
10593,2,1,SKU-14,11,1,2025-12-05,2025-12-19,10,0
10594,4,3,SKU-10,11,1,2025-12-05,2025-12-22,11,1
10595,5,2,SKU-14,11,1,2025-12-05,2025-12-25,14,1
10596,6,2,SKU-11,11,1,2025-12-05,2025-12-18,9,0
10597,4,2,SKU-05,11,1,2025-12-05,2025-12-19,10,0
10598,6,1,SKU-08,11,1,2025-12-05,2025-12-25,14,1
10599,6,3,SKU-07,11,1,2025-12-05,2025-12-19,10,0
10600,4,1,SKU-14,11,1,2025-12-05,2025-12-26,15,1
10601,1,1,SKU-06,11,1,2025-12-05,2026-01-02,20,1
10602,3,3,SKU-10,11,1,2025-12-05,2025-12-18,9,0
10603,3,2,SKU-02,11,1,2025-12-05,2025-12-25,14,1
10604,5,3,SKU-12,11,1,2025-12-05,2025-12-24,13,1
10605,3,2,SKU-08,11,1,2025-12-05,2025-12-17,8,0
10606,5,3,SKU-12,11,1,2025-12-05,2026-01-01,19,1
10607,6,3,SKU-13,11,1,2025-12-05,2025-12-25,14,1
10608,2,1,SKU-13,11,1,2025-12-05,2025-12-23,12,1
10609,2,2,SKU-05,11,1,2025-12-05,2025-12-26,15,1
10610,4,1,SKU-10,11,1,2025-12-05,2025-12-17,8,0
10611,1,3,SKU-06,11,1,2025-12-05,2025-12-22,11,1
10612,3,2,SKU-06,11,1,2025-12-05,2025-12-22,11,1
10613,3,2,SKU-12,11,1,2025-12-05,2025-12-24,13,1
10614,5,2,SKU-08,11,1,2025-12-05,2025-12-17,8,0
10615,6,1,SKU-11,11,1,2025-12-05,2025-12-29,16,1
10616,5,3,SKU-14,11,1,2025-12-05,2025-12-25,14,1
10617,6,3,SKU-03,11,1,2025-12-05,2025-12-18,9,0
10618,1,3,SKU-01,11,1,2025-12-05,2025-12-30,17,1
10619,5,3,SKU-05,11,1,2025-12-05,2025-12-30,17,1
10620,1,3,SKU-06,11,1,2025-12-05,2026-01-02,20,1
10621,3,1,SKU-14,11,1,2025-12-05,2026-01-02,20,1
10622,4,3,SKU-04,11,1,2025-12-05,2025-12-22,11,1
10623,1,1,SKU-12,11,1,2025-12-05,2025-12-25,14,1
10624,1,1,SKU-14,11,1,2025-12-05,2025-12-25,14,1
10625,6,1,SKU-12,11,1,2025-12-05,2025-12-16,7,0
10626,3,3,SKU-01,11,1,2025-12-05,2025-12-18,9,0
10627,2,1,SKU-11,11,1,2025-12-05,2025-12-19,10,0
10628,6,1,SKU-02,11,1,2025-12-05,2025-12-24,13,1
10629,6,3,SKU-13,11,1,2025-12-05,2025-12-22,11,1
10630,1,3,SKU-13,11,1,2025-12-05,2025-12-24,13,1
10631,1,3,SKU-07,11,1,2025-12-05,2025-12-25,14,1
10632,5,1,SKU-02,11,1,2025-12-05,2025-12-29,16,1
10633,6,3,SKU-08,11,1,2025-12-05,2025-12-23,12,1
10634,2,2,SKU-01,11,1,2025-12-05,2025-12-29,16,1
10635,4,1,SKU-13,11,1,2025-12-05,2025-12-17,8,0
10636,1,2,SKU-13,11,1,2025-12-05,2026-01-01,19,1
10637,5,3,SKU-06,11,1,2025-12-05,2025-12-30,17,1
10638,4,1,SKU-06,11,1,2025-12-05,2025-12-19,10,0
10639,5,1,SKU-09,11,1,2025-12-05,2025-12-23,12,1
10640,5,1,SKU-11,11,1,2025-12-05,2025-12-22,11,1
10641,3,3,SKU-14,11,1,2025-12-05,2025-12-24,13,1
10642,6,1,SKU-09,11,1,2025-12-05,2025-12-23,12,1
10643,4,2,SKU-08,11,1,2025-12-05,2025-12-29,16,1
10644,1,3,SKU-07,11,1,2025-12-05,2025-12-29,16,1
10645,4,2,SKU-07,11,1,2025-12-05,2025-12-24,13,1
10646,1,2,SKU-10,11,1,2025-12-05,2025-12-16,7,0
10647,6,3,SKU-12,11,1,2025-12-05,2025-12-25,14,1
10648,4,1,SKU-10,11,1,2025-12-05,2025-12-19,10,0
10649,3,1,SKU-10,11,1,2025-12-05,2025-12-15,6,0
10650,6,3,SKU-03,11,1,2025-12-05,2025-12-19,10,0
10651,6,3,SKU-01,11,1,2025-12-05,2025-12-23,12,1
10652,4,3,SKU-06,11,1,2025-12-05,2025-12-25,14,1
10653,2,1,SKU-04,11,1,2025-12-05,2026-01-05,21,1
10654,4,3,SKU-01,11,1,2025-12-05,2025-12-25,14,1
10655,3,3,SKU-10,11,1,2025-12-05,2025-12-18,9,0
10656,5,3,SKU-12,11,1,2025-12-05,2025-12-29,16,1
10657,1,1,SKU-05,11,1,2025-12-05,2025-12-30,17,1
10658,5,3,SKU-09,11,1,2025-12-05,2026-01-01,19,1
10659,1,2,SKU-14,11,1,2025-12-05,2026-01-01,19,1
10660,5,2,SKU-13,11,1,2025-12-05,2025-12-18,9,0
10661,5,2,SKU-08,11,1,2025-12-05,2025-12-26,15,1
10662,1,1,SKU-15,11,1,2025-12-05,2025-12-26,15,1
10663,3,3,SKU-01,11,1,2025-12-05,2025-12-25,14,1
10664,4,2,SKU-03,11,1,2025-12-05,2026-01-02,20,1
10665,3,1,SKU-06,11,1,2025-12-05,2025-12-22,11,1
10666,4,1,SKU-02,11,1,2025-12-05,2025-12-24,13,1
10667,3,1,SKU-07,11,1,2025-12-05,2025-12-24,13,1
10668,1,2,SKU-12,11,1,2025-12-05,2025-12-23,12,1
10669,1,2,SKU-15,11,1,2025-12-05,2025-12-23,12,1
10670,5,2,SKU-09,11,1,2025-12-05,2025-12-24,13,1
10671,1,1,SKU-10,11,1,2025-12-05,2025-12-25,14,1
10672,3,2,SKU-09,11,1,2025-12-05,2025-12-23,12,1
10673,3,1,SKU-01,11,1,2025-12-05,2025-12-29,16,1
10674,4,3,SKU-15,11,1,2025-12-05,2025-12-29,16,1
10675,2,2,SKU-12,11,1,2025-12-05,2025-12-25,14,1
10676,1,3,SKU-02,11,1,2025-12-05,2025-12-23,12,1
10677,2,3,SKU-10,11,1,2025-12-05,2025-12-25,14,1
10678,4,3,SKU-04,11,1,2025-12-05,2025-12-26,15,1
10679,4,1,SKU-09,11,1,2025-12-05,2025-12-22,11,1
10680,1,3,SKU-03,11,1,2025-12-05,2025-12-22,11,1
10681,3,1,SKU-06,11,1,2025-12-05,2025-12-29,16,1
10682,2,1,SKU-07,11,1,2025-12-05,2025-12-23,12,1
10683,5,2,SKU-11,11,1,2025-12-05,2025-12-22,11,1
10684,2,3,SKU-05,11,1,2025-12-05,2025-12-23,12,1
10685,3,3,SKU-15,11,1,2025-12-05,2025-12-22,11,1
10686,2,2,SKU-10,11,1,2025-12-05,2025-12-25,14,1
10687,4,2,SKU-11,11,1,2025-12-05,2025-12-30,17,1
10688,4,1,SKU-06,11,1,2025-12-05,2026-01-02,20,1
10689,6,2,SKU-03,11,1,2025-12-05,2026-01-05,21,1
10690,2,1,SKU-14,11,1,2025-12-05,2025-12-16,7,0
10691,6,1,SKU-12,11,1,2025-12-05,2025-12-24,13,1
10692,6,2,SKU-07,11,1,2025-12-05,2025-12-26,15,1
10693,3,2,SKU-03,11,1,2025-12-05,2025-12-19,10,0
10694,1,1,SKU-06,11,1,2025-12-05,2025-12-29,16,1
10695,2,2,SKU-08,11,1,2025-12-05,2025-12-24,13,1
10696,2,3,SKU-14,11,1,2025-12-05,2025-12-22,11,1
10697,5,1,SKU-12,11,1,2025-12-05,2025-12-19,10,0
10698,4,2,SKU-12,11,1,2025-12-05,2025-12-22,11,1
10699,4,3,SKU-05,11,1,2025-12-05,2025-12-23,12,1
10700,1,2,SKU-09,11,1,2025-12-05,2025-12-25,14,1
10701,6,2,SKU-03,11,1,2025-12-05,2025-12-23,12,1
10702,4,1,SKU-02,11,1,2025-12-06,2025-12-19,10,0
10703,6,2,SKU-06,11,1,2025-12-06,2025-12-26,15,1
10704,6,3,SKU-10,11,1,2025-12-06,2025-12-31,18,1
10705,4,2,SKU-04,11,1,2025-12-06,2025-12-17,8,0
10706,3,3,SKU-10,11,1,2025-12-06,2025-12-25,14,1
10707,2,1,SKU-06,11,1,2025-12-06,2025-12-29,16,1
10708,6,3,SKU-10,11,1,2025-12-06,2025-12-23,12,1
10709,1,2,SKU-07,11,1,2025-12-06,2026-01-01,19,1
10710,6,2,SKU-11,11,1,2025-12-06,2025-12-18,9,0
10711,1,2,SKU-04,11,1,2025-12-06,2025-12-19,10,0
10712,6,3,SKU-04,11,1,2025-12-06,2025-12-18,9,0
10713,6,2,SKU-06,11,1,2025-12-06,2025-12-22,11,1
10714,2,2,SKU-07,11,1,2025-12-06,2025-12-26,15,1
10715,1,2,SKU-06,11,1,2025-12-06,2025-12-24,13,1
10716,1,2,SKU-09,11,1,2025-12-06,2025-12-26,15,1
10717,1,3,SKU-08,11,1,2025-12-06,2025-12-26,15,1
10718,4,2,SKU-15,11,1,2025-12-06,2025-12-26,15,1
10719,5,3,SKU-14,11,1,2025-12-06,2026-01-07,23,1
10720,3,1,SKU-03,11,1,2025-12-06,2025-12-24,13,1
10721,1,1,SKU-14,11,1,2025-12-06,2025-12-31,18,1
10722,1,1,SKU-15,11,1,2025-12-06,2025-12-26,15,1
10723,4,1,SKU-10,11,1,2025-12-06,2025-12-26,15,1
10724,5,2,SKU-06,11,1,2025-12-06,2025-12-31,18,1
10725,5,3,SKU-14,11,1,2025-12-06,2025-12-22,11,1
10726,2,2,SKU-13,11,1,2025-12-06,2025-12-19,10,0
10727,3,1,SKU-10,11,1,2025-12-06,2025-12-29,16,1
10728,4,2,SKU-14,11,1,2025-12-06,2025-12-25,14,1
10729,4,3,SKU-06,11,1,2025-12-06,2025-12-16,7,0
10730,4,2,SKU-02,11,1,2025-12-06,2025-12-15,6,0
10731,6,1,SKU-02,11,1,2025-12-06,2025-12-30,17,1
10732,2,3,SKU-09,11,1,2025-12-06,2025-12-23,12,1
10733,5,1,SKU-11,11,1,2025-12-06,2025-12-17,8,0
10734,6,1,SKU-08,11,1,2025-12-06,2025-12-19,10,0
10735,5,3,SKU-04,11,1,2025-12-06,2025-12-24,13,1
10736,6,3,SKU-01,11,1,2025-12-06,2025-12-22,11,1
10737,2,1,SKU-03,11,1,2025-12-06,2025-12-29,16,1
10738,2,1,SKU-12,11,1,2025-12-06,2025-12-17,8,0
10739,1,3,SKU-09,11,1,2025-12-06,2025-12-29,16,1
10740,2,1,SKU-05,11,1,2025-12-06,2025-12-24,13,1
10741,6,1,SKU-01,11,1,2025-12-06,2025-12-25,14,1
10742,1,1,SKU-06,11,1,2025-12-06,2025-12-24,13,1
10743,2,2,SKU-09,11,1,2025-12-06,2025-12-25,14,1
10744,6,3,SKU-03,11,1,2025-12-06,2025-12-22,11,1
10745,5,3,SKU-14,11,1,2025-12-06,2025-12-19,10,0
10746,5,3,SKU-10,11,1,2025-12-06,2025-12-19,10,0
10747,1,1,SKU-07,11,1,2025-12-06,2025-12-23,12,1
10748,1,1,SKU-13,11,1,2025-12-06,2025-12-18,9,0
10749,3,3,SKU-04,11,1,2025-12-06,2025-12-22,11,1
10750,2,3,SKU-14,11,1,2025-12-06,2025-12-29,16,1
10751,6,3,SKU-09,11,1,2025-12-06,2025-12-23,12,1
10752,1,3,SKU-08,11,1,2025-12-06,2025-12-26,15,1
10753,4,1,SKU-08,11,1,2025-12-06,2025-12-22,11,1
10754,5,2,SKU-06,11,1,2025-12-06,2025-12-29,16,1
10755,5,3,SKU-04,11,1,2025-12-06,2025-12-25,14,1
10756,3,1,SKU-09,11,1,2025-12-06,2025-12-26,15,1
10757,1,3,SKU-03,11,1,2025-12-06,2025-12-23,12,1
10758,1,1,SKU-03,11,1,2025-12-06,2025-12-23,12,1
10759,2,1,SKU-11,11,1,2025-12-06,2025-12-22,11,1
10760,2,1,SKU-14,11,1,2025-12-06,2025-12-25,14,1
10761,5,2,SKU-01,11,1,2025-12-06,2025-12-19,10,0
10762,1,3,SKU-13,11,1,2025-12-06,2025-12-24,13,1
10763,2,3,SKU-06,11,1,2025-12-06,2025-12-22,11,1
10764,6,2,SKU-05,11,1,2025-12-06,2026-01-02,20,1
10765,6,2,SKU-15,11,1,2025-12-06,2025-12-30,17,1
10766,4,1,SKU-09,11,1,2025-12-06,2025-12-26,15,1
10767,3,2,SKU-02,11,1,2025-12-06,2025-12-23,12,1
10768,2,1,SKU-01,11,1,2025-12-06,2026-01-01,19,1
10769,1,2,SKU-07,11,1,2025-12-06,2025-12-22,11,1
10770,2,1,SKU-01,11,1,2025-12-06,2025-12-23,12,1
10771,1,3,SKU-07,11,1,2025-12-06,2025-12-25,14,1
10772,1,1,SKU-04,11,1,2025-12-06,2025-12-31,18,1
10773,6,1,SKU-04,11,1,2025-12-06,2025-12-17,8,0
10774,6,1,SKU-11,11,1,2025-12-06,2025-12-24,13,1
10775,1,1,SKU-13,11,1,2025-12-06,2025-12-19,10,0
10776,4,2,SKU-04,11,1,2025-12-06,2025-12-29,16,1
10777,6,1,SKU-01,11,1,2025-12-06,2025-12-29,16,1
10778,3,3,SKU-04,11,1,2025-12-06,2025-12-23,12,1
10779,4,3,SKU-05,11,1,2025-12-06,2025-12-25,14,1
10780,4,3,SKU-11,11,1,2025-12-06,2025-12-30,17,1
10781,6,2,SKU-10,11,1,2025-12-06,2025-12-30,17,1
10782,1,1,SKU-12,11,1,2025-12-06,2025-12-23,12,1
10783,2,3,SKU-13,11,1,2025-12-06,2025-12-24,13,1
10784,4,1,SKU-11,11,1,2025-12-06,2025-12-24,13,1
10785,1,2,SKU-09,11,1,2025-12-06,2026-01-05,21,1
10786,6,1,SKU-10,11,1,2025-12-06,2025-12-17,8,0
10787,6,2,SKU-08,11,1,2025-12-06,2025-12-29,16,1
10788,2,1,SKU-02,11,1,2025-12-06,2025-12-25,14,1
10789,1,3,SKU-04,11,1,2025-12-06,2025-12-23,12,1
10790,6,2,SKU-12,11,1,2025-12-06,2026-01-01,19,1
10791,6,1,SKU-01,11,1,2025-12-06,2025-12-25,14,1
10792,3,2,SKU-02,11,1,2025-12-06,2025-12-17,8,0
10793,6,2,SKU-10,11,1,2025-12-06,2026-01-01,19,1
10794,4,1,SKU-10,11,1,2025-12-06,2025-12-26,15,1
10795,4,2,SKU-01,11,1,2025-12-06,2025-12-29,16,1
10796,2,2,SKU-04,11,1,2025-12-06,2025-12-19,10,0
10797,5,3,SKU-05,11,1,2025-12-06,2025-12-25,14,1
10798,3,2,SKU-11,11,1,2025-12-06,2025-12-25,14,1
10799,5,2,SKU-01,11,1,2025-12-06,2025-12-19,10,0
10800,3,3,SKU-02,11,1,2025-12-06,2025-12-29,16,1
10801,5,2,SKU-01,11,1,2025-12-06,2025-12-29,16,1
10802,2,2,SKU-09,11,1,2025-12-06,2025-12-22,11,1
10803,5,2,SKU-11,11,1,2025-12-06,2025-12-15,6,0
10804,2,3,SKU-11,11,1,2025-12-06,2025-12-25,14,1
10805,2,3,SKU-03,11,1,2025-12-06,2025-12-25,14,1
10806,5,3,SKU-02,11,1,2025-12-06,2025-12-23,12,1
10807,5,3,SKU-03,11,1,2025-12-06,2025-12-26,15,1
10808,6,1,SKU-14,11,1,2025-12-06,2025-12-23,12,1
10809,3,2,SKU-06,11,1,2025-12-06,2025-12-31,18,1
10810,4,3,SKU-05,11,1,2025-12-06,2025-12-16,7,0
10811,4,1,SKU-12,11,1,2025-12-06,2025-12-18,9,0
10812,4,2,SKU-13,11,1,2025-12-06,2025-12-26,15,1
10813,1,1,SKU-01,11,1,2025-12-06,2026-01-02,20,1
10814,2,3,SKU-01,11,1,2025-12-06,2025-12-25,14,1
10815,3,2,SKU-09,11,1,2025-12-06,2025-12-30,17,1
10816,3,2,SKU-08,11,1,2025-12-06,2025-12-22,11,1
10817,4,1,SKU-13,11,1,2025-12-06,2025-12-16,7,0
10818,4,2,SKU-07,11,1,2025-12-06,2025-12-25,14,1
10819,6,3,SKU-02,11,1,2025-12-06,2025-12-23,12,1
10820,1,3,SKU-09,11,1,2025-12-06,2025-12-30,17,1
10821,6,1,SKU-12,11,1,2025-12-06,2025-12-18,9,0
10822,5,2,SKU-10,11,1,2025-12-06,2025-12-22,11,1
10823,4,1,SKU-08,11,1,2025-12-06,2025-12-29,16,1
10824,1,2,SKU-05,11,1,2025-12-06,2025-12-29,16,1
10825,2,3,SKU-01,11,1,2025-12-06,2025-12-31,18,1
10826,1,3,SKU-11,11,1,2025-12-06,2025-12-25,14,1
10827,2,2,SKU-12,11,1,2025-12-06,2025-12-29,16,1
10828,4,2,SKU-10,11,1,2025-12-06,2025-12-23,12,1
10829,1,3,SKU-12,11,1,2025-12-06,2025-12-23,12,1
10830,2,2,SKU-10,11,1,2025-12-06,2025-12-29,16,1
10831,1,3,SKU-01,11,1,2025-12-06,2025-12-29,16,1
10832,4,2,SKU-08,11,1,2025-12-06,2025-12-30,17,1
10833,3,2,SKU-13,11,1,2025-12-06,2025-12-22,11,1
10834,3,1,SKU-12,11,1,2025-12-06,2025-12-18,9,0
10835,6,2,SKU-03,11,1,2025-12-06,2025-12-22,11,1
10836,3,1,SKU-03,11,1,2025-12-06,2025-12-25,14,1
10837,5,2,SKU-08,11,1,2025-12-06,2026-01-01,19,1
10838,5,1,SKU-12,11,1,2025-12-06,2025-12-22,11,1
10839,6,1,SKU-01,11,1,2025-12-06,2025-12-23,12,1
10840,3,3,SKU-08,11,1,2025-12-06,2025-12-24,13,1
10841,5,3,SKU-06,11,1,2025-12-06,2025-12-25,14,1
10842,1,3,SKU-09,11,1,2025-12-06,2025-12-22,11,1
10843,1,1,SKU-04,11,1,2025-12-06,2025-12-25,14,1
10844,2,1,SKU-09,11,1,2025-12-06,2025-12-23,12,1
10845,5,1,SKU-13,11,1,2025-12-06,2025-12-17,8,0
10846,3,1,SKU-10,11,1,2025-12-06,2025-12-30,17,1
10847,4,2,SKU-01,11,1,2025-12-06,2025-12-29,16,1
10848,1,1,SKU-10,11,1,2025-12-06,2025-12-25,14,1
10849,4,1,SKU-05,11,1,2025-12-06,2025-12-25,14,1
10850,3,2,SKU-01,11,1,2025-12-06,2025-12-25,14,1
10851,5,2,SKU-15,11,1,2025-12-06,2025-12-19,10,0
10852,2,1,SKU-08,11,1,2025-12-06,2025-12-31,18,1
10853,3,3,SKU-03,11,1,2025-12-06,2025-12-16,7,0
10854,4,1,SKU-03,11,1,2025-12-06,2025-12-22,11,1
10855,3,1,SKU-07,11,1,2025-12-06,2025-12-31,18,1
10856,5,1,SKU-09,11,1,2025-12-06,2025-12-17,8,0
10857,6,3,SKU-15,11,1,2025-12-06,2026-01-02,20,1
10858,5,1,SKU-12,11,1,2025-12-06,2026-01-02,20,1
10859,3,2,SKU-10,11,1,2025-12-06,2025-12-26,15,1
10860,1,1,SKU-10,11,1,2025-12-06,2026-01-01,19,1
10861,2,2,SKU-12,11,1,2025-12-06,2025-12-30,17,1
10862,5,3,SKU-15,11,1,2025-12-06,2025-12-26,15,1
10863,2,2,SKU-05,11,1,2025-12-06,2025-12-18,9,0
10864,2,2,SKU-07,11,1,2025-12-06,2025-12-26,15,1
10865,4,2,SKU-11,11,1,2025-12-06,2026-01-01,19,1
10866,5,2,SKU-02,11,1,2025-12-06,2026-01-02,20,1
10867,1,3,SKU-06,11,1,2025-12-06,2025-12-29,16,1
10868,6,1,SKU-06,11,1,2025-12-06,2025-12-22,11,1
10869,5,2,SKU-05,11,1,2025-12-06,2025-12-22,11,1
10870,3,3,SKU-13,11,1,2025-12-06,2025-12-24,13,1
10871,5,3,SKU-15,11,1,2025-12-06,2025-12-22,11,1
10872,5,2,SKU-11,11,1,2025-12-06,2025-12-18,9,0
10873,6,3,SKU-04,11,1,2025-12-06,2025-12-25,14,1
10874,5,3,SKU-13,11,1,2025-12-06,2025-12-26,15,1
10875,3,3,SKU-08,11,1,2025-12-06,2025-12-26,15,1
10876,3,2,SKU-01,11,1,2025-12-06,2026-01-02,20,1
10877,1,2,SKU-11,11,1,2025-12-06,2025-12-18,9,0
10878,2,1,SKU-06,11,1,2025-12-06,2026-01-01,19,1
10879,5,1,SKU-04,11,1,2025-12-06,2026-01-05,21,1
10880,4,3,SKU-04,11,1,2025-12-06,2025-12-24,13,1
10881,6,1,SKU-03,11,1,2025-12-06,2025-12-23,12,1
10882,2,1,SKU-03,11,1,2025-12-06,2025-12-16,7,0
10883,1,3,SKU-13,11,1,2025-12-06,2025-12-16,7,0
10884,4,2,SKU-13,11,1,2025-12-06,2026-01-01,19,1
10885,2,2,SKU-08,11,1,2025-12-06,2025-12-30,17,1
10886,3,2,SKU-03,11,1,2025-12-06,2025-12-23,12,1
10887,3,2,SKU-14,11,1,2025-12-06,2025-12-25,14,1
10888,3,3,SKU-01,11,1,2025-12-06,2025-12-24,13,1
10889,2,2,SKU-11,11,1,2025-12-06,2025-12-18,9,0
10890,1,3,SKU-13,11,1,2025-12-06,2025-12-30,17,1
10891,6,2,SKU-07,11,1,2025-12-06,2025-12-29,16,1
10892,2,2,SKU-10,11,1,2025-12-06,2025-12-26,15,1
10893,5,3,SKU-12,11,1,2025-12-06,2025-12-26,15,1
10894,5,2,SKU-12,11,1,2025-12-06,2025-12-26,15,1
10895,1,3,SKU-14,11,1,2025-12-06,2026-01-01,19,1
10896,6,1,SKU-04,11,1,2025-12-06,2025-12-24,13,1
10897,4,1,SKU-13,11,1,2025-12-06,2026-01-01,19,1
10898,1,3,SKU-09,11,1,2025-12-06,2025-12-22,11,1
10899,3,1,SKU-09,11,1,2025-12-06,2025-12-23,12,1
10900,2,3,SKU-04,11,1,2025-12-06,2025-12-22,11,1
10901,1,1,SKU-13,11,1,2025-12-06,2025-12-23,12,1
10902,2,1,SKU-09,11,1,2025-12-06,2025-12-24,13,1
10903,1,2,SKU-04,11,1,2025-12-06,2025-12-29,16,1
10904,6,3,SKU-13,11,1,2025-12-06,2025-12-31,18,1
10905,2,3,SKU-06,11,1,2025-12-06,2025-12-25,14,1
10906,5,3,SKU-06,11,1,2025-12-06,2025-12-24,13,1
10907,6,2,SKU-09,11,1,2025-12-06,2025-12-29,16,1
10908,2,3,SKU-13,11,1,2025-12-06,2025-12-25,14,1
10909,1,1,SKU-15,11,1,2025-12-06,2025-12-18,9,0
10910,1,2,SKU-11,11,1,2025-12-06,2025-12-25,14,1
10911,4,2,SKU-14,11,1,2025-12-06,2025-12-18,9,0
10912,4,1,SKU-11,11,1,2025-12-06,2025-12-25,14,1
10913,2,1,SKU-03,11,1,2025-12-06,2025-12-24,13,1
10914,2,1,SKU-13,11,1,2025-12-06,2025-12-15,6,0
10915,6,2,SKU-01,11,1,2025-12-06,2025-12-29,16,1
10916,5,1,SKU-11,11,1,2025-12-06,2025-12-24,13,1
10917,1,1,SKU-07,11,1,2025-12-06,2025-12-22,11,1
10918,6,1,SKU-11,11,1,2025-12-06,2025-12-26,15,1
10919,4,2,SKU-03,11,1,2025-12-06,2025-12-30,17,1
10920,5,2,SKU-04,11,1,2025-12-06,2025-12-25,14,1
10921,6,1,SKU-04,11,1,2025-12-06,2025-12-25,14,1
10922,6,2,SKU-05,11,1,2025-12-06,2025-12-30,17,1
10923,2,3,SKU-02,11,1,2025-12-06,2025-12-24,13,1
10924,6,1,SKU-11,11,1,2025-12-06,2025-12-30,17,1
10925,1,3,SKU-10,11,1,2025-12-06,2025-12-29,16,1
10926,3,3,SKU-15,11,1,2025-12-06,2025-12-26,15,1
10927,5,3,SKU-01,11,1,2025-12-07,2025-12-23,12,1
10928,2,3,SKU-06,11,1,2025-12-07,2025-12-30,17,1
10929,5,1,SKU-05,11,1,2025-12-07,2025-12-23,12,1
10930,6,3,SKU-11,11,1,2025-12-07,2025-12-24,13,1
10931,6,3,SKU-04,11,1,2025-12-07,2026-01-06,22,1
10932,5,3,SKU-13,11,1,2025-12-07,2025-12-24,13,1
10933,1,1,SKU-12,11,1,2025-12-07,2025-12-22,11,1
10934,5,3,SKU-06,11,1,2025-12-07,2025-12-22,11,1
10935,3,2,SKU-09,11,1,2025-12-07,2025-12-30,17,1
10936,1,1,SKU-14,11,1,2025-12-07,2025-12-25,14,1
10937,1,3,SKU-07,11,1,2025-12-07,2025-12-24,13,1
10938,2,1,SKU-15,11,1,2025-12-07,2025-12-25,14,1
10939,1,3,SKU-13,11,1,2025-12-07,2026-01-01,19,1
10940,2,3,SKU-03,11,1,2025-12-07,2025-12-30,17,1
10941,2,3,SKU-03,11,1,2025-12-07,2025-12-25,14,1
10942,1,3,SKU-13,11,1,2025-12-07,2025-12-22,11,1
10943,4,1,SKU-12,11,1,2025-12-07,2025-12-31,18,1
10944,5,3,SKU-01,11,1,2025-12-07,2025-12-29,16,1
10945,3,3,SKU-13,11,1,2025-12-07,2026-01-02,20,1
10946,4,2,SKU-04,11,1,2025-12-07,2025-12-24,13,1
10947,5,3,SKU-08,11,1,2025-12-07,2025-12-18,9,0
10948,1,1,SKU-13,11,1,2025-12-07,2025-12-18,9,0
10949,4,1,SKU-14,11,1,2025-12-07,2025-12-23,12,1
10950,6,1,SKU-07,11,1,2025-12-07,2025-12-26,15,1
10951,4,3,SKU-06,11,1,2025-12-07,2025-12-26,15,1
10952,6,2,SKU-10,11,1,2025-12-07,2025-12-26,15,1
10953,2,2,SKU-12,11,1,2025-12-07,2025-12-29,16,1
10954,2,3,SKU-15,11,1,2025-12-07,2025-12-22,11,1
10955,3,2,SKU-02,11,1,2025-12-07,2025-12-22,11,1
10956,1,1,SKU-11,11,1,2025-12-07,2025-12-29,16,1
10957,4,2,SKU-15,11,1,2025-12-07,2025-12-26,15,1
10958,4,1,SKU-10,11,1,2025-12-07,2025-12-25,14,1
10959,3,1,SKU-02,11,1,2025-12-07,2025-12-30,17,1
10960,5,1,SKU-02,11,1,2025-12-07,2025-12-24,13,1
10961,1,1,SKU-15,11,1,2025-12-07,2025-12-26,15,1
10962,5,2,SKU-07,11,1,2025-12-07,2025-12-29,16,1
10963,5,2,SKU-04,11,1,2025-12-07,2026-01-02,20,1
10964,1,3,SKU-13,11,1,2025-12-07,2025-12-30,17,1
10965,6,1,SKU-06,11,1,2025-12-07,2025-12-22,11,1
10966,4,2,SKU-09,11,1,2025-12-07,2025-12-31,18,1
10967,3,2,SKU-05,11,1,2025-12-07,2026-01-02,20,1
10968,6,1,SKU-13,11,1,2025-12-07,2026-01-02,20,1
10969,5,1,SKU-14,11,1,2025-12-07,2025-12-29,16,1
10970,3,1,SKU-03,11,1,2025-12-07,2025-12-30,17,1
10971,6,3,SKU-09,11,1,2025-12-07,2025-12-26,15,1
10972,5,1,SKU-14,11,1,2025-12-07,2025-12-24,13,1
10973,5,3,SKU-13,11,1,2025-12-07,2025-12-16,7,0
10974,2,3,SKU-04,11,1,2025-12-07,2025-12-29,16,1
10975,1,1,SKU-08,11,1,2025-12-07,2025-12-19,10,0
10976,1,1,SKU-15,11,1,2025-12-07,2025-12-29,16,1
10977,6,1,SKU-12,11,1,2025-12-07,2025-12-26,15,1
10978,1,1,SKU-08,11,1,2025-12-07,2026-01-01,19,1
10979,3,1,SKU-15,11,1,2025-12-07,2025-12-30,17,1
10980,5,2,SKU-09,11,1,2025-12-07,2025-12-30,17,1
10981,5,3,SKU-14,11,1,2025-12-07,2025-12-25,14,1
10982,1,3,SKU-11,11,1,2025-12-07,2025-12-30,17,1
10983,1,1,SKU-09,11,1,2025-12-07,2025-12-19,10,0
10984,4,1,SKU-06,11,1,2025-12-07,2025-12-26,15,1
10985,6,3,SKU-11,11,1,2025-12-07,2025-12-24,13,1
10986,3,2,SKU-11,11,1,2025-12-07,2025-12-22,11,1
10987,5,1,SKU-05,11,1,2025-12-07,2025-12-26,15,1
10988,1,1,SKU-14,11,1,2025-12-07,2025-12-26,15,1
10989,2,1,SKU-06,11,1,2025-12-07,2025-12-26,15,1
10990,3,2,SKU-06,11,1,2025-12-07,2025-12-26,15,1
10991,5,3,SKU-01,11,1,2025-12-07,2025-12-25,14,1
10992,5,1,SKU-08,11,1,2025-12-07,2025-12-30,17,1
10993,1,2,SKU-13,11,1,2025-12-07,2025-12-23,12,1
10994,5,2,SKU-06,11,1,2025-12-07,2025-12-18,9,0
10995,3,3,SKU-02,11,1,2025-12-07,2025-12-24,13,1
10996,1,2,SKU-15,11,1,2025-12-07,2025-12-24,13,1
10997,6,3,SKU-01,11,1,2025-12-07,2025-12-25,14,1
10998,6,1,SKU-06,11,1,2025-12-07,2025-12-30,17,1
10999,2,1,SKU-04,11,1,2025-12-07,2025-12-24,13,1
11000,3,1,SKU-14,11,1,2025-12-07,2025-12-17,8,0
11001,6,3,SKU-01,11,1,2025-12-07,2025-12-17,8,0
11002,2,1,SKU-12,11,1,2025-12-07,2025-12-15,6,0
11003,5,1,SKU-02,11,1,2025-12-07,2025-12-23,12,1
11004,4,3,SKU-13,11,1,2025-12-07,2025-12-18,9,0
11005,3,1,SKU-03,11,1,2025-12-07,2025-12-17,8,0
11006,5,2,SKU-10,11,1,2025-12-07,2025-12-26,15,1
11007,6,1,SKU-01,11,1,2025-12-07,2025-12-23,12,1
11008,1,1,SKU-11,11,1,2025-12-07,2025-12-22,11,1
11009,6,3,SKU-05,11,1,2025-12-07,2025-12-24,13,1
11010,2,1,SKU-01,11,1,2025-12-07,2025-12-29,16,1
11011,1,1,SKU-04,11,1,2025-12-07,2025-12-26,15,1
11012,1,2,SKU-14,11,1,2025-12-07,2025-12-17,8,0
11013,2,1,SKU-11,11,1,2025-12-07,2025-12-19,10,0
11014,4,1,SKU-01,11,1,2025-12-07,2025-12-25,14,1
11015,1,2,SKU-12,11,1,2025-12-07,2025-12-22,11,1
11016,2,2,SKU-12,11,1,2025-12-07,2025-12-25,14,1
11017,4,2,SKU-01,11,1,2025-12-07,2025-12-25,14,1
11018,2,2,SKU-03,11,1,2025-12-07,2025-12-26,15,1
11019,6,1,SKU-07,11,1,2025-12-07,2025-12-30,17,1
11020,1,1,SKU-11,11,1,2025-12-07,2025-12-23,12,1
11021,5,2,SKU-14,11,1,2025-12-07,2025-12-23,12,1
11022,2,2,SKU-15,11,1,2025-12-07,2025-12-19,10,0
11023,6,1,SKU-13,11,1,2025-12-07,2025-12-26,15,1
11024,6,1,SKU-09,11,1,2025-12-07,2026-01-01,19,1
11025,2,1,SKU-02,11,1,2025-12-07,2025-12-19,10,0
11026,6,2,SKU-13,11,1,2025-12-07,2025-12-31,18,1
11027,6,2,SKU-03,11,1,2025-12-07,2025-12-22,11,1
11028,3,3,SKU-14,11,1,2025-12-07,2025-12-22,11,1
11029,6,2,SKU-15,11,1,2025-12-07,2025-12-26,15,1
11030,1,3,SKU-15,11,1,2025-12-07,2025-12-24,13,1
11031,5,2,SKU-09,11,1,2025-12-07,2026-01-05,21,1
11032,4,2,SKU-03,11,1,2025-12-07,2025-12-25,14,1
11033,6,1,SKU-12,11,1,2025-12-07,2025-12-22,11,1
11034,1,3,SKU-06,11,1,2025-12-07,2025-12-18,9,0
11035,4,1,SKU-15,11,1,2025-12-07,2025-12-22,11,1
11036,5,1,SKU-09,11,1,2025-12-07,2025-12-16,7,0
11037,2,2,SKU-10,11,1,2025-12-07,2025-12-18,9,0
11038,1,1,SKU-09,11,1,2025-12-07,2025-12-30,17,1
11039,1,2,SKU-03,11,1,2025-12-07,2025-12-18,9,0
11040,2,2,SKU-15,11,1,2025-12-07,2025-12-24,13,1
11041,3,2,SKU-03,11,1,2025-12-07,2025-12-24,13,1
11042,5,2,SKU-04,11,1,2025-12-07,2025-12-31,18,1
11043,6,1,SKU-14,11,1,2025-12-07,2025-12-23,12,1
11044,5,1,SKU-04,11,1,2025-12-07,2026-01-01,19,1
11045,3,1,SKU-01,11,1,2025-12-07,2025-12-19,10,0
11046,4,1,SKU-09,11,1,2025-12-07,2025-12-22,11,1
11047,6,3,SKU-01,11,1,2025-12-07,2026-01-01,19,1
11048,2,1,SKU-14,11,1,2025-12-07,2025-12-24,13,1
11049,3,3,SKU-08,11,1,2025-12-07,2025-12-29,16,1
11050,1,3,SKU-04,11,1,2025-12-07,2026-01-06,22,1
11051,5,2,SKU-12,11,1,2025-12-07,2025-12-26,15,1
11052,4,3,SKU-04,11,1,2025-12-07,2026-01-02,20,1
11053,4,2,SKU-07,11,1,2025-12-07,2025-12-24,13,1
11054,6,3,SKU-05,11,1,2025-12-07,2025-12-31,18,1
11055,2,1,SKU-02,11,1,2025-12-07,2025-12-25,14,1
11056,6,1,SKU-03,11,1,2025-12-07,2026-01-01,19,1
11057,4,3,SKU-14,11,1,2025-12-07,2026-01-05,21,1
11058,6,2,SKU-05,11,1,2025-12-07,2025-12-25,14,1
11059,3,1,SKU-13,11,1,2025-12-07,2025-12-31,18,1
11060,3,1,SKU-06,11,1,2025-12-07,2025-12-23,12,1
11061,6,2,SKU-08,11,1,2025-12-07,2025-12-26,15,1
11062,6,1,SKU-03,11,1,2025-12-07,2025-12-30,17,1
11063,3,3,SKU-08,11,1,2025-12-07,2026-01-06,22,1
11064,1,3,SKU-03,11,1,2025-12-07,2025-12-25,14,1
11065,5,3,SKU-10,11,1,2025-12-07,2025-12-31,18,1
11066,3,1,SKU-09,11,1,2025-12-07,2025-12-18,9,0
11067,2,2,SKU-02,11,1,2025-12-07,2025-12-18,9,0
11068,1,1,SKU-02,11,1,2025-12-07,2025-12-24,13,1
11069,5,1,SKU-11,11,1,2025-12-07,2026-01-05,21,1
11070,6,1,SKU-12,11,1,2025-12-07,2025-12-23,12,1
11071,4,2,SKU-11,11,1,2025-12-07,2025-12-22,11,1
11072,1,3,SKU-04,11,1,2025-12-07,2025-12-22,11,1
11073,3,3,SKU-10,11,1,2025-12-07,2025-12-24,13,1
11074,4,1,SKU-02,11,1,2025-12-07,2025-12-30,17,1
11075,3,3,SKU-15,11,1,2025-12-07,2025-12-31,18,1
11076,6,1,SKU-10,11,1,2025-12-07,2025-12-24,13,1
11077,6,2,SKU-13,11,1,2025-12-07,2025-12-31,18,1
11078,6,1,SKU-14,11,1,2025-12-07,2025-12-24,13,1
11079,1,1,SKU-11,11,1,2025-12-07,2025-12-30,17,1
11080,5,1,SKU-11,11,1,2025-12-07,2025-12-26,15,1
11081,4,3,SKU-08,11,1,2025-12-07,2025-12-31,18,1
11082,2,2,SKU-01,11,1,2025-12-07,2025-12-19,10,0
11083,6,2,SKU-15,11,1,2025-12-07,2025-12-22,11,1
11084,4,3,SKU-02,11,1,2025-12-07,2025-12-29,16,1
11085,3,1,SKU-08,11,1,2025-12-07,2025-12-23,12,1
11086,3,1,SKU-04,11,1,2025-12-07,2026-01-02,20,1
11087,3,1,SKU-07,11,1,2025-12-07,2025-12-30,17,1
11088,3,1,SKU-08,11,1,2025-12-07,2025-12-22,11,1
11089,6,3,SKU-06,11,1,2025-12-07,2025-12-26,15,1
11090,3,2,SKU-08,11,1,2025-12-07,2025-12-23,12,1
11091,1,1,SKU-05,11,1,2025-12-07,2025-12-15,6,0
11092,5,2,SKU-03,11,1,2025-12-07,2025-12-24,13,1
11093,5,2,SKU-04,11,1,2025-12-07,2025-12-16,7,0
11094,2,1,SKU-13,11,1,2025-12-07,2025-12-25,14,1
11095,6,2,SKU-05,11,1,2025-12-07,2025-12-22,11,1
11096,2,3,SKU-14,11,1,2025-12-07,2025-12-31,18,1
11097,1,2,SKU-05,11,1,2025-12-07,2025-12-22,11,1
11098,3,3,SKU-06,11,1,2025-12-07,2025-12-29,16,1
11099,3,1,SKU-09,11,1,2025-12-07,2025-12-22,11,1
11100,1,3,SKU-12,11,1,2025-12-07,2025-12-26,15,1
11101,2,1,SKU-07,11,1,2025-12-07,2025-12-22,11,1
11102,2,2,SKU-08,11,1,2025-12-07,2025-12-24,13,1
11103,5,2,SKU-05,11,1,2025-12-07,2025-12-18,9,0
11104,4,1,SKU-06,11,1,2025-12-07,2025-12-30,17,1
11105,2,3,SKU-01,11,1,2025-12-07,2025-12-25,14,1
11106,5,3,SKU-12,11,1,2025-12-07,2026-01-01,19,1
11107,5,1,SKU-07,11,1,2025-12-07,2025-12-24,13,1
11108,3,1,SKU-10,11,1,2025-12-07,2025-12-24,13,1
11109,6,3,SKU-09,11,1,2025-12-07,2025-12-31,18,1
11110,3,1,SKU-14,11,1,2025-12-07,2025-12-29,16,1
11111,6,1,SKU-04,11,1,2025-12-07,2026-01-01,19,1
11112,2,3,SKU-01,11,1,2025-12-07,2025-12-24,13,1
11113,4,1,SKU-05,11,1,2025-12-07,2025-12-30,17,1
11114,1,3,SKU-15,11,1,2025-12-07,2025-12-24,13,1
11115,2,2,SKU-10,11,1,2025-12-07,2026-01-02,20,1
11116,5,3,SKU-09,11,1,2025-12-07,2025-12-29,16,1
11117,4,3,SKU-10,11,1,2025-12-07,2025-12-25,14,1
11118,1,1,SKU-05,11,1,2025-12-07,2025-12-30,17,1
11119,2,3,SKU-02,11,1,2025-12-07,2025-12-22,11,1
11120,1,1,SKU-07,11,1,2025-12-07,2025-12-22,11,1
11121,1,2,SKU-06,11,1,2025-12-07,2025-12-23,12,1
11122,5,1,SKU-04,11,1,2025-12-07,2025-12-23,12,1
11123,4,2,SKU-03,11,1,2025-12-07,2025-12-23,12,1
11124,5,2,SKU-12,11,1,2025-12-07,2025-12-30,17,1
11125,6,2,SKU-02,11,1,2025-12-07,2025-12-24,13,1
11126,5,3,SKU-03,11,1,2025-12-07,2025-12-23,12,1
11127,2,2,SKU-09,11,1,2025-12-07,2025-12-24,13,1
11128,4,3,SKU-09,11,1,2025-12-07,2025-12-19,10,0
11129,4,3,SKU-14,11,1,2025-12-07,2025-12-25,14,1
11130,3,1,SKU-11,11,1,2025-12-07,2025-12-30,17,1
11131,5,2,SKU-09,11,1,2025-12-07,2025-12-24,13,1
11132,2,3,SKU-09,11,1,2025-12-07,2026-01-01,19,1
11133,6,1,SKU-05,11,1,2025-12-07,2025-12-30,17,1
11134,4,3,SKU-03,11,1,2025-12-07,2025-12-30,17,1
11135,6,3,SKU-02,11,1,2025-12-07,2025-12-22,11,1
11136,4,3,SKU-04,11,1,2025-12-07,2025-12-24,13,1
11137,3,3,SKU-03,11,1,2025-12-07,2025-12-29,16,1
11138,4,2,SKU-12,11,1,2025-12-07,2025-12-23,12,1
11139,6,2,SKU-13,11,1,2025-12-07,2025-12-19,10,0
11140,1,3,SKU-13,11,1,2025-12-07,2025-12-25,14,1
11141,5,3,SKU-02,11,1,2025-12-07,2025-12-24,13,1
11142,4,1,SKU-08,11,1,2025-12-07,2025-12-23,12,1
11143,1,1,SKU-03,11,1,2025-12-07,2025-12-26,15,1
11144,4,3,SKU-06,11,1,2025-12-07,2025-12-25,14,1
11145,4,2,SKU-12,11,1,2025-12-07,2025-12-29,16,1
11146,2,3,SKU-06,11,1,2025-12-07,2025-12-25,14,1
11147,2,2,SKU-15,11,1,2025-12-07,2026-01-02,20,1
11148,4,3,SKU-07,11,1,2025-12-07,2025-12-19,10,0
11149,6,2,SKU-12,11,1,2025-12-07,2025-12-24,13,1
11150,4,1,SKU-04,11,1,2025-12-07,2025-12-17,8,0
11151,1,3,SKU-14,11,1,2025-12-07,2025-12-22,11,1
11152,3,3,SKU-07,11,1,2025-12-07,2025-12-23,12,1
11153,5,1,SKU-01,11,1,2025-12-07,2025-12-26,15,1
11154,4,2,SKU-07,11,1,2025-12-07,2025-12-18,9,0
11155,4,2,SKU-15,11,1,2025-12-07,2025-12-25,14,1
11156,5,3,SKU-07,11,1,2025-12-07,2025-12-22,11,1
11157,5,1,SKU-12,11,1,2025-12-07,2025-12-22,11,1
11158,6,2,SKU-06,11,1,2025-12-07,2025-12-25,14,1
11159,4,3,SKU-07,11,1,2025-12-07,2025-12-25,14,1
11160,5,1,SKU-02,11,1,2025-12-07,2025-12-22,11,1
11161,3,3,SKU-12,11,1,2025-12-07,2025-12-29,16,1
11162,1,3,SKU-02,11,1,2025-12-07,2025-12-24,13,1
11163,1,2,SKU-14,11,1,2025-12-07,2025-12-30,17,1
11164,3,1,SKU-06,11,1,2025-12-07,2025-12-25,14,1
11165,6,2,SKU-05,11,1,2025-12-07,2025-12-19,10,0
11166,5,2,SKU-05,12,0,2025-12-08,2025-12-16,6,0
11167,3,3,SKU-14,12,0,2025-12-08,2025-12-19,9,0
11168,1,1,SKU-12,12,0,2025-12-08,2025-12-18,8,0
11169,5,3,SKU-01,12,0,2025-12-08,2025-12-18,8,0
11170,2,2,SKU-08,12,0,2025-12-08,2025-12-19,9,0
11171,5,2,SKU-04,12,0,2025-12-08,2025-12-16,6,0
11172,4,3,SKU-14,12,0,2025-12-08,2025-12-22,10,0
11173,3,3,SKU-03,12,0,2025-12-08,2025-12-19,9,0
11174,1,3,SKU-08,12,0,2025-12-08,2025-12-17,7,0
11175,5,2,SKU-06,12,0,2025-12-08,2025-12-19,9,0
11176,2,2,SKU-11,12,0,2025-12-08,2025-12-22,10,0
11177,3,2,SKU-14,12,0,2025-12-08,2025-12-22,10,0
11178,5,1,SKU-12,12,0,2025-12-08,2025-12-18,8,0
11179,2,3,SKU-12,12,0,2025-12-08,2025-12-16,6,0
11180,4,2,SKU-14,12,0,2025-12-08,2025-12-18,8,0
11181,2,2,SKU-02,12,0,2025-12-08,2025-12-16,6,0
11182,5,2,SKU-11,12,0,2025-12-08,2025-12-22,10,0
11183,6,2,SKU-05,12,0,2025-12-08,2025-12-17,7,0
11184,5,1,SKU-14,12,0,2025-12-08,2025-12-22,10,0
11185,3,3,SKU-09,12,0,2025-12-08,2025-12-19,9,0
11186,5,1,SKU-02,12,0,2025-12-08,2025-12-19,9,0
11187,3,3,SKU-09,12,0,2025-12-08,2025-12-22,10,0
11188,3,1,SKU-04,12,0,2025-12-08,2025-12-18,8,0
11189,3,2,SKU-14,12,0,2025-12-08,2025-12-19,9,0
11190,4,3,SKU-09,12,0,2025-12-08,2025-12-18,8,0
11191,6,2,SKU-05,12,0,2025-12-08,2025-12-18,8,0
11192,5,3,SKU-15,12,0,2025-12-08,2025-12-19,9,0
11193,5,2,SKU-07,12,0,2025-12-08,2025-12-18,8,0
11194,3,1,SKU-06,12,0,2025-12-08,2025-12-17,7,0
11195,4,3,SKU-01,12,0,2025-12-08,2025-12-19,9,0
11196,2,2,SKU-02,12,0,2025-12-08,2025-12-17,7,0
11197,6,3,SKU-01,12,0,2025-12-08,2025-12-19,9,0
11198,5,1,SKU-02,12,0,2025-12-08,2025-12-18,8,0
11199,2,1,SKU-07,12,0,2025-12-08,2025-12-19,9,0
11200,6,3,SKU-15,12,0,2025-12-08,2025-12-19,9,0
11201,4,3,SKU-04,12,0,2025-12-08,2025-12-23,11,1
11202,5,3,SKU-02,12,0,2025-12-08,2025-12-17,7,0
11203,4,1,SKU-04,12,0,2025-12-08,2025-12-19,9,0
11204,2,3,SKU-07,12,0,2025-12-08,2025-12-22,10,0
11205,5,3,SKU-15,12,0,2025-12-08,2025-12-19,9,0
11206,4,3,SKU-11,12,0,2025-12-08,2025-12-22,10,0
11207,6,1,SKU-13,12,0,2025-12-08,2025-12-16,6,0
11208,1,2,SKU-12,12,0,2025-12-08,2025-12-23,11,1
11209,5,1,SKU-10,12,0,2025-12-08,2025-12-19,9,0
11210,2,3,SKU-08,12,0,2025-12-08,2025-12-19,9,0
11211,5,1,SKU-15,12,0,2025-12-08,2025-12-18,8,0
11212,2,3,SKU-07,12,0,2025-12-08,2025-12-17,7,0
11213,2,2,SKU-14,12,0,2025-12-08,2025-12-19,9,0
11214,5,2,SKU-13,12,0,2025-12-08,2025-12-17,7,0
11215,6,2,SKU-08,12,0,2025-12-08,2025-12-17,7,0
11216,5,3,SKU-15,12,0,2025-12-08,2025-12-17,7,0
11217,3,1,SKU-04,12,0,2025-12-08,2025-12-19,9,0
11218,1,2,SKU-05,12,0,2025-12-08,2025-12-17,7,0
11219,5,3,SKU-11,12,0,2025-12-08,2025-12-22,10,0
11220,4,2,SKU-10,12,0,2025-12-08,2025-12-22,10,0
11221,1,1,SKU-10,12,0,2025-12-08,2025-12-18,8,0
11222,6,2,SKU-04,12,0,2025-12-08,2025-12-18,8,0
11223,6,3,SKU-09,12,0,2025-12-08,2025-12-15,5,0
11224,2,3,SKU-11,12,0,2025-12-08,2025-12-23,11,1
11225,6,2,SKU-06,12,0,2025-12-08,2025-12-17,7,0
11226,1,3,SKU-05,12,0,2025-12-08,2025-12-17,7,0
11227,5,2,SKU-11,12,0,2025-12-08,2025-12-23,11,1
11228,4,2,SKU-15,12,0,2025-12-08,2025-12-17,7,0
11229,6,1,SKU-06,12,0,2025-12-08,2025-12-22,10,0
11230,3,3,SKU-03,12,0,2025-12-08,2025-12-22,10,0
11231,3,2,SKU-01,12,0,2025-12-08,2025-12-22,10,0
11232,6,2,SKU-12,12,0,2025-12-08,2025-12-19,9,0
11233,2,3,SKU-12,12,0,2025-12-08,2025-12-19,9,0
11234,5,3,SKU-15,12,0,2025-12-08,2025-12-16,6,0
11235,2,2,SKU-08,12,0,2025-12-08,2025-12-19,9,0
11236,3,1,SKU-04,12,0,2025-12-08,2025-12-19,9,0
11237,5,3,SKU-02,12,0,2025-12-08,2025-12-19,9,0
11238,1,2,SKU-02,12,0,2025-12-08,2025-12-17,7,0
11239,4,2,SKU-01,12,0,2025-12-08,2025-12-17,7,0
11240,6,1,SKU-06,12,0,2025-12-08,2025-12-17,7,0
11241,4,1,SKU-15,12,0,2025-12-08,2025-12-19,9,0
11242,3,1,SKU-04,12,0,2025-12-08,2025-12-18,8,0
11243,1,1,SKU-02,12,0,2025-12-08,2025-12-18,8,0
11244,4,2,SKU-01,12,0,2025-12-08,2025-12-17,7,0
11245,6,2,SKU-01,12,0,2025-12-08,2025-12-19,9,0
11246,2,2,SKU-15,12,0,2025-12-08,2025-12-23,11,1
11247,2,2,SKU-12,12,0,2025-12-08,2025-12-19,9,0
11248,6,1,SKU-15,12,0,2025-12-08,2025-12-18,8,0
11249,6,3,SKU-11,12,0,2025-12-08,2025-12-22,10,0
11250,3,3,SKU-15,12,0,2025-12-08,2025-12-19,9,0
11251,2,1,SKU-11,12,0,2025-12-09,2025-12-23,10,0
11252,2,1,SKU-01,12,0,2025-12-09,2025-12-19,8,0
11253,4,1,SKU-03,12,0,2025-12-09,2025-12-22,9,0
11254,6,3,SKU-08,12,0,2025-12-09,2025-12-23,10,0
11255,4,3,SKU-12,12,0,2025-12-09,2025-12-23,10,0
11256,2,3,SKU-15,12,0,2025-12-09,2025-12-17,6,0
11257,2,3,SKU-02,12,0,2025-12-09,2025-12-22,9,0
11258,3,2,SKU-02,12,0,2025-12-09,2025-12-18,7,0
11259,6,3,SKU-15,12,0,2025-12-09,2025-12-22,9,0
11260,1,2,SKU-07,12,0,2025-12-09,2025-12-18,7,0
11261,1,2,SKU-05,12,0,2025-12-09,2025-12-19,8,0
11262,5,2,SKU-07,12,0,2025-12-09,2025-12-19,8,0
11263,1,2,SKU-03,12,0,2025-12-09,2025-12-19,8,0
11264,2,1,SKU-15,12,0,2025-12-09,2025-12-19,8,0
11265,2,1,SKU-05,12,0,2025-12-09,2025-12-19,8,0
11266,5,3,SKU-06,12,0,2025-12-09,2025-12-23,10,0
11267,5,2,SKU-10,12,0,2025-12-09,2025-12-23,10,0
11268,5,3,SKU-11,12,0,2025-12-09,2025-12-22,9,0
11269,5,2,SKU-12,12,0,2025-12-09,2025-12-22,9,0
11270,1,3,SKU-08,12,0,2025-12-09,2025-12-19,8,0
11271,5,2,SKU-13,12,0,2025-12-09,2025-12-23,10,0
11272,5,3,SKU-11,12,0,2025-12-09,2025-12-18,7,0
11273,6,2,SKU-04,12,0,2025-12-09,2025-12-19,8,0
11274,3,3,SKU-08,12,0,2025-12-09,2025-12-19,8,0
11275,1,2,SKU-05,12,0,2025-12-09,2025-12-18,7,0
11276,3,1,SKU-09,12,0,2025-12-09,2025-12-24,11,1
11277,4,3,SKU-04,12,0,2025-12-09,2025-12-19,8,0
11278,2,1,SKU-02,12,0,2025-12-09,2025-12-23,10,0
11279,2,3,SKU-10,12,0,2025-12-09,2025-12-23,10,0
11280,3,2,SKU-01,12,0,2025-12-09,2025-12-19,8,0
11281,1,3,SKU-03,12,0,2025-12-09,2025-12-18,7,0
11282,1,1,SKU-07,12,0,2025-12-09,2025-12-18,7,0
11283,4,2,SKU-04,12,0,2025-12-09,2025-12-19,8,0
11284,4,2,SKU-10,12,0,2025-12-09,2025-12-23,10,0
11285,5,2,SKU-11,12,0,2025-12-09,2025-12-19,8,0
11286,3,1,SKU-14,12,0,2025-12-09,2025-12-23,10,0
11287,1,1,SKU-04,12,0,2025-12-09,2025-12-22,9,0
11288,3,2,SKU-14,12,0,2025-12-09,2025-12-22,9,0
11289,3,3,SKU-01,12,0,2025-12-09,2025-12-23,10,0
11290,4,2,SKU-13,12,0,2025-12-09,2025-12-19,8,0
11291,2,2,SKU-08,12,0,2025-12-09,2025-12-22,9,0
11292,5,1,SKU-05,12,0,2025-12-09,2025-12-22,9,0
11293,4,2,SKU-10,12,0,2025-12-09,2025-12-22,9,0
11294,1,1,SKU-05,12,0,2025-12-09,2025-12-19,8,0
11295,2,2,SKU-08,12,0,2025-12-09,2025-12-19,8,0
11296,5,3,SKU-09,12,0,2025-12-09,2025-12-18,7,0
11297,1,1,SKU-11,12,0,2025-12-09,2025-12-18,7,0
11298,6,1,SKU-13,12,0,2025-12-09,2025-12-19,8,0
11299,3,3,SKU-02,12,0,2025-12-09,2025-12-24,11,1
11300,3,2,SKU-01,12,0,2025-12-09,2025-12-23,10,0
11301,3,1,SKU-12,12,0,2025-12-09,2025-12-25,12,1
11302,6,2,SKU-01,12,0,2025-12-09,2025-12-22,9,0
11303,3,1,SKU-02,12,0,2025-12-09,2025-12-23,10,0
11304,3,3,SKU-09,12,0,2025-12-09,2025-12-18,7,0
11305,3,1,SKU-11,12,0,2025-12-09,2025-12-23,10,0
11306,4,1,SKU-09,12,0,2025-12-09,2025-12-19,8,0
11307,1,2,SKU-02,12,0,2025-12-09,2025-12-24,11,1
11308,4,2,SKU-05,12,0,2025-12-09,2025-12-19,8,0
11309,3,1,SKU-14,12,0,2025-12-09,2025-12-18,7,0
11310,4,3,SKU-15,12,0,2025-12-09,2025-12-18,7,0
11311,5,1,SKU-04,12,0,2025-12-09,2025-12-22,9,0
11312,1,2,SKU-11,12,0,2025-12-09,2025-12-19,8,0
11313,5,1,SKU-11,12,0,2025-12-09,2025-12-22,9,0
11314,3,2,SKU-11,12,0,2025-12-09,2025-12-23,10,0
11315,6,1,SKU-12,12,0,2025-12-09,2025-12-22,9,0
11316,1,2,SKU-08,12,0,2025-12-09,2025-12-18,7,0
11317,5,2,SKU-02,12,0,2025-12-09,2025-12-17,6,0
11318,3,1,SKU-02,12,0,2025-12-09,2025-12-19,8,0
11319,1,2,SKU-08,12,0,2025-12-09,2025-12-19,8,0
11320,1,3,SKU-09,12,0,2025-12-10,2025-12-22,8,0
11321,5,3,SKU-05,12,0,2025-12-10,2025-12-22,8,0
11322,6,1,SKU-10,12,0,2025-12-10,2025-12-23,9,0
11323,3,2,SKU-10,12,0,2025-12-10,2025-12-24,10,0
11324,2,1,SKU-12,12,0,2025-12-10,2025-12-23,9,0
11325,2,2,SKU-08,12,0,2025-12-10,2025-12-25,11,1
11326,5,2,SKU-05,12,0,2025-12-10,2025-12-24,10,0
11327,2,1,SKU-05,12,0,2025-12-10,2025-12-22,8,0
11328,4,1,SKU-02,12,0,2025-12-10,2025-12-24,10,0
11329,6,3,SKU-12,12,0,2025-12-10,2025-12-23,9,0
11330,4,2,SKU-15,12,0,2025-12-10,2025-12-24,10,0
11331,4,1,SKU-04,12,0,2025-12-10,2025-12-23,9,0
11332,5,2,SKU-13,12,0,2025-12-10,2025-12-22,8,0
11333,1,1,SKU-03,12,0,2025-12-10,2025-12-25,11,1
11334,1,3,SKU-06,12,0,2025-12-10,2025-12-22,8,0
11335,4,1,SKU-14,12,0,2025-12-10,2025-12-18,6,0
11336,5,3,SKU-05,12,0,2025-12-10,2025-12-18,6,0
11337,4,3,SKU-10,12,0,2025-12-10,2025-12-19,7,0
11338,3,1,SKU-05,12,0,2025-12-10,2025-12-19,7,0
11339,5,1,SKU-13,12,0,2025-12-10,2025-12-22,8,0
11340,1,1,SKU-05,12,0,2025-12-10,2025-12-22,8,0
11341,4,1,SKU-07,12,0,2025-12-10,2025-12-25,11,1
11342,5,1,SKU-05,12,0,2025-12-10,2025-12-22,8,0
11343,5,3,SKU-08,12,0,2025-12-10,2025-12-22,8,0
11344,5,3,SKU-13,12,0,2025-12-10,2025-12-22,8,0
11345,6,3,SKU-10,12,0,2025-12-10,2025-12-19,7,0
11346,3,2,SKU-01,12,0,2025-12-10,2025-12-19,7,0
11347,2,3,SKU-04,12,0,2025-12-10,2025-12-18,6,0
11348,4,2,SKU-15,12,0,2025-12-10,2025-12-19,7,0
11349,4,2,SKU-07,12,0,2025-12-10,2025-12-23,9,0
11350,6,3,SKU-15,12,0,2025-12-10,2025-12-22,8,0
11351,3,3,SKU-15,12,0,2025-12-10,2025-12-23,9,0
11352,6,1,SKU-08,12,0,2025-12-10,2025-12-22,8,0
11353,2,3,SKU-06,12,0,2025-12-10,2025-12-23,9,0
11354,4,3,SKU-11,12,0,2025-12-10,2025-12-23,9,0
11355,5,2,SKU-11,12,0,2025-12-10,2025-12-25,11,1
11356,4,1,SKU-06,12,0,2025-12-10,2025-12-23,9,0
11357,1,1,SKU-01,12,0,2025-12-10,2025-12-24,10,0
11358,4,1,SKU-08,12,0,2025-12-10,2025-12-19,7,0
11359,5,1,SKU-13,12,0,2025-12-10,2025-12-22,8,0
11360,2,1,SKU-06,12,0,2025-12-10,2025-12-23,9,0
11361,4,1,SKU-13,12,0,2025-12-10,2025-12-23,9,0
11362,6,3,SKU-04,12,0,2025-12-10,2025-12-23,9,0
11363,6,1,SKU-07,12,0,2025-12-10,2025-12-23,9,0
11364,1,3,SKU-08,12,0,2025-12-10,2025-12-23,9,0
11365,2,2,SKU-07,12,0,2025-12-10,2025-12-18,6,0
11366,1,3,SKU-06,12,0,2025-12-10,2025-12-23,9,0
11367,6,1,SKU-15,12,0,2025-12-10,2025-12-23,9,0
11368,5,1,SKU-11,12,0,2025-12-10,2025-12-22,8,0
11369,1,3,SKU-06,12,0,2025-12-10,2025-12-22,8,0
11370,6,2,SKU-02,12,0,2025-12-10,2025-12-22,8,0
11371,1,3,SKU-15,12,0,2025-12-10,2025-12-24,10,0
11372,6,3,SKU-01,12,0,2025-12-10,2025-12-24,10,0
11373,1,3,SKU-13,12,0,2025-12-10,2025-12-24,10,0
11374,1,1,SKU-03,12,0,2025-12-10,2025-12-23,9,0
11375,2,3,SKU-09,12,0,2025-12-10,2025-12-24,10,0
11376,2,1,SKU-01,12,0,2025-12-10,2025-12-22,8,0
11377,1,3,SKU-09,12,0,2025-12-10,2025-12-19,7,0
11378,4,3,SKU-03,12,0,2025-12-10,2025-12-23,9,0
11379,6,1,SKU-14,12,0,2025-12-10,2025-12-23,9,0
11380,5,1,SKU-13,12,0,2025-12-10,2025-12-23,9,0
11381,3,3,SKU-04,12,0,2025-12-10,2025-12-25,11,1
11382,6,1,SKU-05,12,0,2025-12-10,2025-12-23,9,0
11383,5,3,SKU-03,12,0,2025-12-10,2025-12-18,6,0
11384,4,3,SKU-03,12,0,2025-12-10,2025-12-24,10,0
11385,2,2,SKU-04,12,0,2025-12-10,2025-12-23,9,0
11386,5,3,SKU-06,12,0,2025-12-10,2025-12-23,9,0
11387,5,2,SKU-04,12,0,2025-12-10,2025-12-22,8,0
11388,3,3,SKU-15,12,0,2025-12-10,2025-12-22,8,0
11389,2,1,SKU-05,12,0,2025-12-10,2025-12-22,8,0
11390,3,1,SKU-06,12,0,2025-12-10,2025-12-22,8,0
11391,3,3,SKU-13,12,0,2025-12-11,2025-12-23,8,0
11392,2,2,SKU-06,12,0,2025-12-11,2025-12-24,9,0
11393,2,1,SKU-05,12,0,2025-12-11,2025-12-22,7,0
11394,2,2,SKU-05,12,0,2025-12-11,2025-12-24,9,0
11395,6,1,SKU-08,12,0,2025-12-11,2025-12-24,9,0
11396,5,3,SKU-01,12,0,2025-12-11,2025-12-23,8,0
11397,3,1,SKU-09,12,0,2025-12-11,2025-12-23,8,0
11398,1,2,SKU-10,12,0,2025-12-11,2025-12-25,10,0
11399,2,1,SKU-15,12,0,2025-12-11,2025-12-23,8,0
11400,1,1,SKU-02,12,0,2025-12-11,2025-12-26,11,1
11401,1,3,SKU-07,12,0,2025-12-11,2025-12-24,9,0
11402,5,1,SKU-01,12,0,2025-12-11,2025-12-23,8,0
11403,1,3,SKU-07,12,0,2025-12-11,2025-12-26,11,1
11404,4,3,SKU-13,12,0,2025-12-11,2025-12-25,10,0
11405,2,1,SKU-12,12,0,2025-12-11,2025-12-25,10,0
11406,1,1,SKU-03,12,0,2025-12-11,2025-12-24,9,0
11407,3,3,SKU-12,12,0,2025-12-11,2025-12-26,11,1
11408,5,1,SKU-04,12,0,2025-12-11,2025-12-25,10,0
11409,3,1,SKU-05,12,0,2025-12-11,2025-12-26,11,1
11410,6,2,SKU-09,12,0,2025-12-11,2025-12-24,9,0
11411,5,3,SKU-03,12,0,2025-12-11,2025-12-24,9,0
11412,5,3,SKU-07,12,0,2025-12-11,2025-12-24,9,0
11413,6,2,SKU-02,12,0,2025-12-11,2025-12-23,8,0
11414,4,3,SKU-03,12,0,2025-12-11,2025-12-24,9,0
11415,6,3,SKU-11,12,0,2025-12-11,2025-12-25,10,0
11416,3,2,SKU-10,12,0,2025-12-11,2025-12-23,8,0
11417,1,3,SKU-15,12,0,2025-12-11,2025-12-23,8,0
11418,3,1,SKU-10,12,0,2025-12-11,2025-12-23,8,0
11419,5,1,SKU-06,12,0,2025-12-11,2025-12-25,10,0
11420,3,3,SKU-08,12,0,2025-12-11,2025-12-23,8,0
11421,4,1,SKU-01,12,0,2025-12-11,2025-12-24,9,0
11422,4,3,SKU-04,12,0,2025-12-11,2025-12-24,9,0
11423,5,3,SKU-11,12,0,2025-12-11,2025-12-23,8,0
11424,6,2,SKU-15,12,0,2025-12-11,2025-12-25,10,0
11425,5,2,SKU-06,12,0,2025-12-11,2025-12-23,8,0
11426,6,1,SKU-13,12,0,2025-12-11,2025-12-25,10,0
11427,4,2,SKU-09,12,0,2025-12-11,2025-12-25,10,0
11428,2,2,SKU-05,12,0,2025-12-11,2025-12-24,9,0
11429,1,3,SKU-09,12,0,2025-12-11,2025-12-24,9,0
11430,5,3,SKU-02,12,0,2025-12-11,2025-12-24,9,0
11431,1,3,SKU-03,12,0,2025-12-11,2025-12-22,7,0
11432,3,2,SKU-15,12,0,2025-12-11,2025-12-23,8,0
11433,3,1,SKU-01,12,0,2025-12-11,2025-12-24,9,0
11434,6,3,SKU-15,12,0,2025-12-11,2025-12-24,9,0
11435,1,2,SKU-09,12,0,2025-12-11,2025-12-23,8,0
11436,3,2,SKU-11,12,0,2025-12-11,2025-12-26,11,1
11437,6,2,SKU-14,12,0,2025-12-11,2025-12-24,9,0
11438,6,2,SKU-12,12,0,2025-12-11,2025-12-23,8,0
11439,2,2,SKU-12,12,0,2025-12-11,2025-12-23,8,0
11440,6,3,SKU-07,12,0,2025-12-11,2025-12-22,7,0
11441,6,3,SKU-03,12,0,2025-12-11,2025-12-25,10,0
11442,4,2,SKU-11,12,0,2025-12-11,2025-12-23,8,0
11443,5,1,SKU-03,12,0,2025-12-11,2025-12-26,11,1
11444,5,2,SKU-06,12,0,2025-12-11,2025-12-25,10,0
11445,3,2,SKU-13,12,0,2025-12-11,2025-12-24,9,0
11446,3,1,SKU-04,12,0,2025-12-11,2025-12-23,8,0
11447,3,3,SKU-14,12,0,2025-12-11,2025-12-23,8,0
11448,4,1,SKU-07,12,0,2025-12-11,2025-12-22,7,0
11449,6,1,SKU-10,12,0,2025-12-11,2025-12-22,7,0
11450,2,2,SKU-05,12,0,2025-12-11,2025-12-24,9,0
11451,1,1,SKU-15,12,0,2025-12-11,2025-12-24,9,0
11452,4,3,SKU-13,12,0,2025-12-11,2025-12-22,7,0
11453,2,3,SKU-09,12,0,2025-12-11,2025-12-25,10,0
11454,4,2,SKU-03,12,0,2025-12-11,2025-12-24,9,0
11455,1,1,SKU-11,12,0,2025-12-11,2025-12-23,8,0
11456,1,2,SKU-07,12,0,2025-12-11,2025-12-23,8,0
11457,6,1,SKU-08,12,0,2025-12-11,2025-12-23,8,0
11458,4,1,SKU-12,12,0,2025-12-11,2025-12-24,9,0
11459,3,1,SKU-05,12,0,2025-12-11,2025-12-22,7,0
11460,1,2,SKU-15,12,0,2025-12-12,2025-12-25,9,0
11461,5,1,SKU-15,12,0,2025-12-12,2025-12-22,6,0
11462,6,2,SKU-07,12,0,2025-12-12,2025-12-25,9,0
11463,6,1,SKU-13,12,0,2025-12-12,2025-12-24,8,0
11464,2,3,SKU-04,12,0,2025-12-12,2025-12-23,7,0
11465,5,1,SKU-14,12,0,2025-12-12,2025-12-23,7,0
11466,1,3,SKU-12,12,0,2025-12-12,2025-12-23,7,0
11467,5,2,SKU-03,12,0,2025-12-12,2025-12-23,7,0
11468,6,1,SKU-07,12,0,2025-12-12,2025-12-25,9,0
11469,3,2,SKU-02,12,0,2025-12-12,2025-12-25,9,0
11470,4,1,SKU-09,12,0,2025-12-12,2025-12-24,8,0
11471,3,2,SKU-02,12,0,2025-12-12,2025-12-26,10,0
11472,3,1,SKU-12,12,0,2025-12-12,2025-12-25,9,0
11473,2,2,SKU-05,12,0,2025-12-12,2025-12-25,9,0
11474,3,3,SKU-01,12,0,2025-12-12,2025-12-26,10,0
11475,1,1,SKU-09,12,0,2025-12-12,2025-12-25,9,0
11476,3,1,SKU-01,12,0,2025-12-12,2025-12-23,7,0
11477,4,1,SKU-07,12,0,2025-12-12,2025-12-26,10,0
11478,4,2,SKU-01,12,0,2025-12-12,2025-12-23,7,0
11479,4,1,SKU-12,12,0,2025-12-12,2025-12-24,8,0
11480,1,2,SKU-01,12,0,2025-12-12,2025-12-25,9,0
11481,1,2,SKU-07,12,0,2025-12-12,2025-12-25,9,0
11482,1,2,SKU-08,12,0,2025-12-12,2025-12-24,8,0
11483,1,1,SKU-12,12,0,2025-12-12,2025-12-26,10,0
11484,1,2,SKU-01,12,0,2025-12-12,2025-12-23,7,0
11485,6,3,SKU-07,12,0,2025-12-12,2025-12-24,8,0
11486,4,1,SKU-14,12,0,2025-12-12,2025-12-25,9,0
11487,6,3,SKU-14,12,0,2025-12-12,2025-12-23,7,0
11488,1,3,SKU-02,12,0,2025-12-12,2025-12-26,10,0
11489,1,3,SKU-02,12,0,2025-12-12,2025-12-23,7,0
11490,4,1,SKU-13,12,0,2025-12-12,2025-12-23,7,0
11491,4,3,SKU-04,12,0,2025-12-12,2025-12-25,9,0
11492,1,3,SKU-09,12,0,2025-12-12,2025-12-23,7,0
11493,6,2,SKU-10,12,0,2025-12-12,2025-12-25,9,0
11494,1,1,SKU-02,12,0,2025-12-12,2025-12-29,11,1
11495,6,3,SKU-02,12,0,2025-12-12,2025-12-24,8,0
11496,4,3,SKU-09,12,0,2025-12-12,2025-12-25,9,0
11497,3,3,SKU-02,12,0,2025-12-12,2025-12-25,9,0
11498,2,1,SKU-10,12,0,2025-12-12,2025-12-24,8,0
11499,4,2,SKU-14,12,0,2025-12-12,2025-12-24,8,0
11500,3,3,SKU-02,12,0,2025-12-12,2025-12-25,9,0
11501,5,2,SKU-09,12,0,2025-12-12,2025-12-24,8,0
11502,6,1,SKU-07,12,0,2025-12-12,2025-12-24,8,0
11503,3,2,SKU-06,12,0,2025-12-12,2025-12-24,8,0
11504,4,1,SKU-02,12,0,2025-12-12,2025-12-29,11,1
11505,1,2,SKU-06,12,0,2025-12-12,2025-12-23,7,0
11506,5,1,SKU-06,12,0,2025-12-12,2025-12-24,8,0
11507,4,3,SKU-03,12,0,2025-12-12,2025-12-24,8,0
11508,1,1,SKU-02,12,0,2025-12-12,2025-12-25,9,0
11509,6,1,SKU-12,12,0,2025-12-12,2025-12-23,7,0
11510,6,1,SKU-05,12,0,2025-12-12,2025-12-23,7,0
11511,1,2,SKU-08,12,0,2025-12-12,2025-12-24,8,0
11512,4,2,SKU-02,12,0,2025-12-12,2025-12-26,10,0
11513,3,3,SKU-03,12,0,2025-12-12,2025-12-24,8,0
11514,4,3,SKU-07,12,0,2025-12-12,2025-12-22,6,0
11515,3,3,SKU-05,12,0,2025-12-12,2025-12-25,9,0
11516,6,2,SKU-04,12,0,2025-12-12,2025-12-24,8,0
11517,2,3,SKU-04,12,0,2025-12-12,2025-12-23,7,0
11518,6,2,SKU-04,12,0,2025-12-12,2025-12-26,10,0
11519,2,1,SKU-12,12,0,2025-12-12,2025-12-25,9,0
11520,2,3,SKU-03,12,0,2025-12-12,2025-12-26,10,0
11521,1,1,SKU-06,12,0,2025-12-12,2025-12-25,9,0
11522,4,1,SKU-09,12,0,2025-12-12,2025-12-26,10,0
11523,4,2,SKU-10,12,0,2025-12-12,2025-12-24,8,0
11524,6,2,SKU-12,12,0,2025-12-12,2025-12-25,9,0
11525,2,2,SKU-12,12,0,2025-12-12,2025-12-26,10,0
11526,3,2,SKU-06,12,0,2025-12-12,2025-12-25,9,0
11527,3,2,SKU-03,12,0,2025-12-12,2025-12-26,10,0
11528,5,2,SKU-15,12,0,2025-12-12,2025-12-25,9,0
11529,6,2,SKU-01,12,0,2025-12-12,2025-12-26,10,0
11530,3,3,SKU-14,12,0,2025-12-12,2025-12-24,8,0
11531,1,2,SKU-04,12,0,2025-12-12,2025-12-23,7,0
11532,5,3,SKU-07,12,0,2025-12-12,2025-12-22,6,0
11533,6,1,SKU-02,12,0,2025-12-12,2025-12-25,9,0
11534,5,1,SKU-03,12,0,2025-12-12,2025-12-24,8,0
11535,5,3,SKU-14,12,0,2025-12-12,2025-12-23,7,0
11536,5,1,SKU-04,12,0,2025-12-12,2025-12-24,8,0
11537,5,1,SKU-09,12,0,2025-12-13,2025-12-24,8,0
11538,1,1,SKU-12,12,0,2025-12-13,2025-12-23,7,0
11539,5,2,SKU-12,12,0,2025-12-13,2025-12-25,9,0
11540,4,1,SKU-07,12,0,2025-12-13,2025-12-24,8,0
11541,3,1,SKU-01,12,0,2025-12-13,2025-12-24,8,0
11542,1,2,SKU-09,12,0,2025-12-13,2025-12-26,10,0
11543,6,3,SKU-13,12,0,2025-12-13,2025-12-25,9,0
11544,6,2,SKU-02,12,0,2025-12-13,2025-12-23,7,0
11545,5,3,SKU-12,12,0,2025-12-13,2025-12-23,7,0
11546,4,3,SKU-05,12,0,2025-12-13,2025-12-25,9,0
11547,2,1,SKU-12,12,0,2025-12-13,2025-12-24,8,0
11548,6,3,SKU-08,12,0,2025-12-13,2025-12-26,10,0
11549,1,2,SKU-03,12,0,2025-12-13,2025-12-25,9,0
11550,3,1,SKU-04,12,0,2025-12-13,2025-12-29,11,1
11551,2,2,SKU-14,12,0,2025-12-13,2025-12-25,9,0
11552,6,2,SKU-08,12,0,2025-12-13,2025-12-25,9,0
11553,1,2,SKU-14,12,0,2025-12-13,2025-12-24,8,0
11554,6,3,SKU-04,12,0,2025-12-13,2025-12-25,9,0
11555,2,2,SKU-03,12,0,2025-12-13,2025-12-26,10,0
11556,6,3,SKU-10,12,0,2025-12-13,2025-12-25,9,0
11557,2,1,SKU-13,12,0,2025-12-13,2025-12-24,8,0
11558,4,3,SKU-03,12,0,2025-12-13,2025-12-19,5,0
11559,2,1,SKU-03,12,0,2025-12-13,2025-12-25,9,0
11560,3,3,SKU-02,12,0,2025-12-13,2025-12-25,9,0
11561,6,1,SKU-08,12,0,2025-12-13,2025-12-25,9,0
11562,4,2,SKU-04,12,0,2025-12-13,2025-12-22,6,0
11563,3,3,SKU-14,12,0,2025-12-13,2025-12-25,9,0
11564,4,3,SKU-04,12,0,2025-12-13,2025-12-23,7,0
11565,5,3,SKU-14,12,0,2025-12-13,2025-12-24,8,0
11566,3,3,SKU-10,12,0,2025-12-13,2025-12-25,9,0
11567,4,2,SKU-05,12,0,2025-12-13,2025-12-22,6,0
11568,3,3,SKU-06,12,0,2025-12-13,2025-12-24,8,0
11569,1,2,SKU-15,12,0,2025-12-13,2025-12-23,7,0
11570,5,3,SKU-06,12,0,2025-12-13,2025-12-24,8,0
11571,4,1,SKU-09,12,0,2025-12-13,2025-12-23,7,0
11572,5,2,SKU-14,12,0,2025-12-13,2025-12-29,11,1
11573,3,2,SKU-08,12,0,2025-12-13,2025-12-26,10,0
11574,1,2,SKU-10,12,0,2025-12-13,2025-12-24,8,0
11575,1,1,SKU-10,12,0,2025-12-13,2025-12-24,8,0
11576,2,3,SKU-03,12,0,2025-12-13,2025-12-22,6,0
11577,2,3,SKU-08,12,0,2025-12-13,2025-12-23,7,0
11578,3,2,SKU-01,12,0,2025-12-13,2025-12-24,8,0
11579,2,3,SKU-11,12,0,2025-12-13,2025-12-24,8,0
11580,1,2,SKU-06,12,0,2025-12-13,2025-12-24,8,0
11581,3,3,SKU-13,12,0,2025-12-13,2025-12-26,10,0
11582,1,3,SKU-13,12,0,2025-12-13,2025-12-24,8,0
11583,4,2,SKU-15,12,0,2025-12-13,2025-12-26,10,0
11584,6,3,SKU-02,12,0,2025-12-13,2025-12-26,10,0
11585,4,3,SKU-01,12,0,2025-12-13,2025-12-23,7,0
11586,5,3,SKU-03,12,0,2025-12-13,2025-12-24,8,0
11587,3,1,SKU-12,12,0,2025-12-13,2025-12-25,9,0
11588,3,2,SKU-10,12,0,2025-12-13,2025-12-25,9,0
11589,3,3,SKU-07,12,0,2025-12-13,2025-12-24,8,0
11590,6,3,SKU-04,12,0,2025-12-13,2025-12-22,6,0
11591,4,3,SKU-06,12,0,2025-12-13,2025-12-22,6,0
11592,4,3,SKU-03,12,0,2025-12-13,2025-12-23,7,0
11593,6,2,SKU-15,12,0,2025-12-13,2025-12-25,9,0
11594,2,1,SKU-03,12,0,2025-12-13,2025-12-22,6,0
11595,1,3,SKU-11,12,0,2025-12-13,2025-12-23,7,0
11596,1,2,SKU-06,12,0,2025-12-13,2025-12-25,9,0
11597,5,3,SKU-11,12,0,2025-12-13,2025-12-24,8,0
11598,4,3,SKU-10,12,0,2025-12-13,2025-12-24,8,0
11599,1,2,SKU-07,12,0,2025-12-13,2025-12-26,10,0
11600,1,3,SKU-03,12,0,2025-12-13,2025-12-29,11,1
11601,3,2,SKU-04,12,0,2025-12-13,2025-12-24,8,0
11602,2,2,SKU-07,12,0,2025-12-13,2025-12-23,7,0
11603,4,3,SKU-11,12,0,2025-12-13,2025-12-24,8,0
11604,5,2,SKU-06,12,0,2025-12-13,2025-12-24,8,0
11605,3,3,SKU-13,12,0,2025-12-13,2025-12-26,10,0
11606,1,1,SKU-01,12,0,2025-12-13,2025-12-24,8,0
11607,2,1,SKU-15,12,0,2025-12-13,2025-12-26,10,0
11608,3,3,SKU-10,12,0,2025-12-13,2025-12-23,7,0
11609,1,3,SKU-04,12,0,2025-12-13,2025-12-24,8,0
11610,2,1,SKU-04,12,0,2025-12-13,2025-12-29,11,1
11611,3,2,SKU-03,12,0,2025-12-13,2025-12-25,9,0
11612,5,1,SKU-09,12,0,2025-12-13,2025-12-26,10,0
11613,1,1,SKU-11,12,0,2025-12-13,2025-12-25,9,0
11614,1,3,SKU-04,12,0,2025-12-13,2025-12-23,7,0
11615,6,1,SKU-06,12,0,2025-12-13,2025-12-25,9,0
11616,2,2,SKU-05,12,0,2025-12-13,2025-12-25,9,0
11617,2,3,SKU-12,12,0,2025-12-13,2025-12-24,8,0
11618,6,3,SKU-04,12,0,2025-12-13,2025-12-25,9,0
11619,5,1,SKU-05,12,0,2025-12-13,2025-12-25,9,0
11620,5,3,SKU-06,12,0,2025-12-13,2025-12-30,12,1
11621,6,3,SKU-14,12,0,2025-12-14,2025-12-24,8,0
11622,3,2,SKU-14,12,0,2025-12-14,2025-12-25,9,0
11623,6,1,SKU-07,12,0,2025-12-14,2025-12-24,8,0
11624,2,3,SKU-13,12,0,2025-12-14,2025-12-25,9,0
11625,2,2,SKU-04,12,0,2025-12-14,2025-12-29,11,1
11626,5,3,SKU-06,12,0,2025-12-14,2025-12-30,12,1
11627,1,2,SKU-11,12,0,2025-12-14,2025-12-24,8,0
11628,6,2,SKU-06,12,0,2025-12-14,2025-12-23,7,0
11629,6,2,SKU-06,12,0,2025-12-14,2025-12-25,9,0
11630,6,3,SKU-01,12,0,2025-12-14,2025-12-23,7,0
11631,5,2,SKU-10,12,0,2025-12-14,2025-12-25,9,0
11632,6,2,SKU-03,12,0,2025-12-14,2025-12-25,9,0
11633,3,3,SKU-14,12,0,2025-12-14,2025-12-22,6,0
11634,2,3,SKU-13,12,0,2025-12-14,2025-12-26,10,0
11635,6,3,SKU-13,12,0,2025-12-14,2025-12-24,8,0
11636,2,3,SKU-07,12,0,2025-12-14,2025-12-25,9,0
11637,5,2,SKU-06,12,0,2025-12-14,2025-12-24,8,0
11638,3,2,SKU-11,12,0,2025-12-14,2025-12-24,8,0
11639,2,3,SKU-14,12,0,2025-12-14,2025-12-25,9,0
11640,4,3,SKU-07,12,0,2025-12-14,2025-12-23,7,0
11641,6,1,SKU-05,12,0,2025-12-14,2025-12-23,7,0
11642,1,3,SKU-09,12,0,2025-12-14,2025-12-23,7,0
11643,2,2,SKU-09,12,0,2025-12-14,2025-12-23,7,0
11644,4,2,SKU-15,12,0,2025-12-14,2025-12-29,11,1
11645,2,3,SKU-06,12,0,2025-12-14,2025-12-26,10,0
11646,4,2,SKU-06,12,0,2025-12-14,2025-12-25,9,0
11647,6,2,SKU-15,12,0,2025-12-14,2025-12-26,10,0
11648,5,2,SKU-15,12,0,2025-12-14,2025-12-25,9,0
11649,3,3,SKU-01,12,0,2025-12-14,2025-12-24,8,0
11650,1,3,SKU-02,12,0,2025-12-14,2025-12-24,8,0
11651,1,1,SKU-03,12,0,2025-12-14,2025-12-30,12,1
11652,3,2,SKU-03,12,0,2025-12-14,2025-12-24,8,0
11653,6,1,SKU-06,12,0,2025-12-14,2025-12-24,8,0
11654,5,2,SKU-13,12,0,2025-12-14,2025-12-26,10,0
11655,4,2,SKU-15,12,0,2025-12-14,2025-12-25,9,0
11656,1,1,SKU-08,12,0,2025-12-14,2025-12-25,9,0
11657,6,3,SKU-01,12,0,2025-12-14,2025-12-23,7,0
11658,3,3,SKU-10,12,0,2025-12-14,2025-12-25,9,0
11659,3,2,SKU-03,12,0,2025-12-14,2025-12-24,8,0
11660,2,1,SKU-03,12,0,2025-12-14,2025-12-25,9,0
11661,4,3,SKU-03,12,0,2025-12-14,2025-12-26,10,0
11662,1,1,SKU-01,12,0,2025-12-14,2025-12-25,9,0
11663,3,2,SKU-06,12,0,2025-12-14,2025-12-25,9,0
11664,1,2,SKU-11,12,0,2025-12-14,2025-12-25,9,0
11665,6,2,SKU-12,12,0,2025-12-14,2025-12-24,8,0
11666,2,3,SKU-12,12,0,2025-12-14,2025-12-26,10,0
11667,6,2,SKU-14,12,0,2025-12-14,2025-12-23,7,0
11668,2,1,SKU-04,12,0,2025-12-14,2025-12-25,9,0
11669,4,1,SKU-13,12,0,2025-12-14,2025-12-24,8,0
11670,4,3,SKU-03,12,0,2025-12-14,2025-12-25,9,0
11671,6,3,SKU-04,12,0,2025-12-14,2025-12-23,7,0
11672,1,3,SKU-13,12,0,2025-12-14,2025-12-25,9,0
11673,4,2,SKU-07,12,0,2025-12-14,2025-12-25,9,0
11674,3,2,SKU-03,12,0,2025-12-14,2025-12-24,8,0
11675,2,2,SKU-12,12,0,2025-12-14,2025-12-23,7,0
11676,2,3,SKU-05,12,0,2025-12-14,2025-12-25,9,0
11677,1,2,SKU-15,12,0,2025-12-14,2025-12-22,6,0
11678,3,1,SKU-01,12,0,2025-12-14,2025-12-24,8,0
11679,5,1,SKU-07,12,0,2025-12-14,2025-12-24,8,0
11680,5,1,SKU-01,12,0,2025-12-14,2025-12-26,10,0
11681,3,3,SKU-10,12,0,2025-12-14,2025-12-25,9,0
11682,5,1,SKU-12,12,0,2025-12-14,2025-12-23,7,0
11683,5,2,SKU-04,12,0,2025-12-14,2025-12-29,11,1
11684,1,2,SKU-15,12,0,2025-12-14,2025-12-23,7,0
11685,1,1,SKU-06,12,0,2025-12-14,2025-12-25,9,0
